year	year_id	team_id	team_name	jersey_number	summary_type	class_year	position	height	games_played	games_started	minutes_played	field_goals_made	field_goals_attempted	field_goal_percentage	three_point_field_goals	three_point_field_goals_attempted	three_point_field_goal_percentage	free_throws	free_throws_attempted	free_throw_percentage	points	point_per_game	offensive_rebounds	defensive_rebounds	total_rebounds	rebounds_per_game	assists	turnovers	steals	blocks	fouls	double_doubles	triple_doubles	dq
2015	12020	30123	Academy of Art	-	Totals	-	-	-	-	-	5250:00	648	1,576	41.12	148	472	31.36	354	531	66.67	1,798	69.15	317	531	848	32.62	308	378	211	74	571	 	 	17
2015	12020	30123	Academy of Art	-	Opponent Totals	-	-	-	-	-	5250:00	656	1,385	47.36	186	470	39.57	535	717	74.62	2,033	78.19	284	686	970	37.31	323	451	184	88	505	 	 	10
2015	12020	929	Adams St.	-	Totals	-	-	-	-	-	5400:00	835	1,613	51.77	187	505	37.03	504	711	70.89	2,361	87.44	324	631	955	35.37	350	349	276	120	656	 	 	19
2015	12020	929	Adams St.	-	Opponent Totals	-	-	-	-	-	5400:00	620	1,421	43.63	187	541	34.57	555	757	73.32	1,984	73.48	237	519	756	28.00	341	456	139	68	550	 	 	17
2015	12020	3	Adelphi	-	Totals	-	-	-	-	-	5225:00	651	1,498	43.46	208	592	35.14	343	481	71.31	1,853	71.27	234	622	856	32.92	333	351	169	48	447	 	 	11
2015	12020	3	Adelphi	-	Opponent Totals	-	-	-	-	-	5223:00	725	1,547	46.86	189	556	33.99	331	474	69.83	1,970	75.77	267	674	941	36.19	377	332	177	97	459	 	 	8
2015	12020	10	Ala.-Huntsville	-	Totals	-	-	-	-	-	5800:00	742	1,623	45.72	282	756	37.30	390	542	71.96	2,156	74.34	247	750	997	34.38	486	342	158	92	457	 	 	2
2015	12020	10	Ala.-Huntsville	-	Opponent Totals	-	-	-	-	-	5798:00	735	1,702	43.18	222	650	34.15	313	475	65.89	2,005	69.14	317	716	1,033	35.62	401	358	174	55	527	 	 	7
2015	12020	11	Alas. Anchorage	-	Totals	-	-	-	-	-	5875:00	783	1,696	46.17	279	724	38.54	432	561	77.01	2,277	78.52	331	666	997	34.38	524	370	163	64	549	 	 	8
2015	12020	11	Alas. Anchorage	-	Opponent Totals	-	-	-	-	-	5875:00	755	1,618	46.66	214	587	36.46	404	577	70.02	2,128	73.38	279	614	893	30.79	450	375	175	99	537	 	 	13
2015	12020	12	Alas. Fairbanks	-	Totals	-	-	-	-	-	5250:00	657	1,503	43.71	199	567	35.10	301	432	69.68	1,814	69.77	266	630	896	34.46	359	313	127	69	399	 	 	7
2015	12020	12	Alas. Fairbanks	-	Opponent Totals	-	-	-	-	-	5250:00	696	1,571	44.30	228	641	35.57	316	429	73.66	1,936	74.46	299	650	949	36.50	359	289	170	72	446	 	 	6
2015	12020	13	Albany St. (GA)	-	Totals	-	-	-	-	-	5400:00	671	1,651	40.64	206	627	32.85	384	581	66.09	1,932	71.56	301	651	952	35.26	362	426	238	77	563	 	 	9
2015	12020	13	Albany St. (GA)	-	Opponent Totals	-	-	-	-	-	5400:00	749	1,621	46.21	164	481	34.10	459	687	66.81	2,121	78.56	321	757	1,078	39.93	363	445	211	99	496	 	 	8
2015	12020	934	Alderson Broaddus	-	Totals	-	-	-	-	-	5875:00	730	1,640	44.51	223	621	35.91	378	544	69.49	2,061	71.07	377	729	1,106	38.14	412	350	140	75	455	 	 	8
2015	12020	934	Alderson Broaddus	-	Opponent Totals	-	-	-	-	-	5875:00	706	1,665	42.40	183	560	32.68	346	488	70.90	1,941	66.93	303	631	934	32.21	321	286	181	101	482	 	 	13
2015	12020	22	American Int'l	-	Totals	-	-	-	-	-	5676:00	787	1,710	46.02	232	616	37.66	388	572	67.83	2,194	78.36	260	720	980	35.00	384	325	205	69	525	 	 	10
2015	12020	22	American Int'l	-	Opponent Totals	-	-	-	-	-	5675:00	714	1,667	42.83	201	637	31.55	404	564	71.63	2,033	72.61	298	730	1,028	36.71	359	398	143	73	533	 	 	15
2015	12020	13028	Anderson (SC)	-	Totals	-	-	-	-	-	5616:00	635	1,414	44.91	242	644	37.58	397	572	69.41	1,909	68.18	274	642	916	32.71	312	379	164	45	494	 	 	8
2015	12020	13028	Anderson (SC)	-	Opponent Totals	-	-	-	-	-	5615:00	662	1,447	45.75	249	677	36.78	369	546	67.58	1,942	69.36	248	604	852	30.43	380	331	188	80	519	 	 	8
2015	12020	25	Angelo St.	-	Totals	-	-	-	-	-	5829:00	923	1,735	53.20	203	511	39.73	459	681	67.40	2,508	86.48	330	807	1,137	39.21	527	349	246	75	534	 	 	6
2015	12020	25	Angelo St.	-	Opponent Totals	-	-	-	-	-	5822:00	629	1,605	39.19	186	605	30.74	412	639	64.48	1,856	64.00	306	614	920	31.72	292	469	153	60	574	 	 	18
2015	12020	30105	Ark.-Fort Smith	-	Totals	-	-	-	-	-	5951:00	820	1,695	48.38	243	605	40.17	565	775	72.90	2,448	84.41	302	828	1,130	38.97	448	425	186	138	545	 	 	8
2015	12020	30105	Ark.-Fort Smith	-	Opponent Totals	-	-	-	-	-	5950:00	770	1,837	41.92	215	613	35.07	413	604	68.38	2,168	74.76	329	678	1,007	34.72	408	388	207	65	648	 	 	14
2015	12020	8411	Ark.-Monticello	-	Totals	-	-	-	-	-	4850:00	663	1,500	44.20	141	462	30.52	366	523	69.98	1,833	76.38	294	589	883	36.79	284	325	172	96	453	 	 	13
2015	12020	8411	Ark.-Monticello	-	Opponent Totals	-	-	-	-	-	4850:00	704	1,470	47.89	180	476	37.82	331	489	67.69	1,919	79.96	270	627	897	37.38	374	342	149	107	460	 	 	7
2015	12020	947	Arkansas Tech	-	Totals	-	-	-	-	-	6250:00	741	1,732	42.78	282	760	37.11	479	690	69.42	2,243	72.35	317	814	1,131	36.48	407	385	153	64	540	 	 	16
2015	12020	947	Arkansas Tech	-	Opponent Totals	-	-	-	-	-	6251:00	793	1,852	42.82	245	749	32.71	402	588	68.37	2,233	72.03	345	792	1,137	36.68	421	337	173	76	584	 	 	16
2015	12020	33	Armstrong	-	Totals	-	-	-	-	-	5050:00	659	1,525	43.21	120	342	35.09	368	541	68.02	1,806	72.24	357	615	972	38.88	284	380	157	46	526	 	 	17
2015	12020	33	Armstrong	-	Opponent Totals	-	-	-	-	-	5050:00	667	1,473	45.28	194	548	35.40	460	652	70.55	1,988	79.52	302	604	906	36.24	330	335	183	118	496	 	 	10
2015	12020	35	Ashland	-	Totals	-	-	-	-	-	5925:00	733	1,611	45.50	196	586	33.45	452	631	71.63	2,114	72.90	308	730	1,038	35.79	380	375	197	86	578	 	 	9
2015	12020	35	Ashland	-	Opponent Totals	-	-	-	-	-	5925:00	631	1,551	40.68	189	560	33.75	448	654	68.50	1,899	65.48	306	672	978	33.72	307	401	179	76	548	 	 	11
2015	12020	36	Assumption	-	Totals	-	-	-	-	-	5299:00	652	1,509	43.21	98	322	30.43	377	565	66.73	1,779	68.42	318	673	991	38.12	306	347	145	68	541	 	 	20
2015	12020	36	Assumption	-	Opponent Totals	-	-	-	-	-	5299:00	627	1,438	43.60	172	522	32.95	442	592	74.66	1,868	71.85	217	625	842	32.38	299	308	175	130	494	 	 	11
2015	12020	41	Augustana (SD)	-	Totals	-	-	-	-	-	6451:00	954	1,910	49.95	294	710	41.41	584	779	74.97	2,786	87.06	369	849	1,218	38.06	534	367	204	94	485	 	 	3
2015	12020	41	Augustana (SD)	-	Opponent Totals	-	-	-	-	-	6450:00	864	1,937	44.61	248	726	34.16	287	422	68.01	2,263	70.72	280	682	962	30.06	430	422	194	85	645	 	 	18
2015	12020	30146	Azusa Pacific	-	Totals	-	-	-	-	-	6650:00	956	1,938	49.33	293	758	38.65	540	720	75.00	2,745	83.18	373	842	1,215	36.82	504	430	227	80	668	 	 	8
2015	12020	30146	Azusa Pacific	-	Opponent Totals	-	-	-	-	-	6651:00	820	1,912	42.89	232	676	34.32	510	725	70.34	2,382	72.18	371	712	1,083	32.82	406	458	211	80	650	 	 	16
2015	12020	2685	BYU-Hawaii	-	Totals	-	-	-	-	-	6195:00	928	1,862	49.84	236	588	40.14	542	718	75.49	2,638	87.93	401	805	1,206	40.20	569	428	240	130	568	 	 	13
2015	12020	2685	BYU-Hawaii	-	Opponent Totals	-	-	-	-	-	6193:00	791	1,809	43.73	192	548	35.04	468	636	73.58	2,242	74.73	304	628	932	31.07	397	421	202	63	593	 	 	15
2015	12020	49	Barry	-	Totals	-	-	-	-	-	6274:00	935	1,967	47.53	302	799	37.80	449	585	76.75	2,621	84.55	392	824	1,216	39.23	600	417	234	113	575	 	 	9
2015	12020	49	Barry	-	Opponent Totals	-	-	-	-	-	6275:00	810	1,857	43.62	251	710	35.35	409	598	68.39	2,280	73.55	334	694	1,028	33.16	435	455	212	76	499	 	 	8
2015	12020	15646	Barton	-	Totals	-	-	-	-	-	5904:00	783	1,840	42.55	161	486	33.13	610	902	67.63	2,337	80.59	460	720	1,180	40.69	359	426	210	88	672	 	 	17
2015	12020	15646	Barton	-	Opponent Totals	-	-	-	-	-	5898:00	791	1,713	46.18	178	543	32.78	591	850	69.53	2,351	81.07	341	760	1,101	37.97	375	446	194	122	672	 	 	20
2015	12020	52	Bellarmine	-	Totals	-	-	-	-	-	7050:00	1,020	1,908	53.46	203	515	39.42	599	784	76.40	2,842	81.20	313	942	1,255	35.86	596	486	257	128	567	 	 	9
2015	12020	52	Bellarmine	-	Opponent Totals	-	-	-	-	-	7050:00	817	2,045	39.95	307	845	36.33	440	612	71.90	2,381	68.03	378	688	1,066	30.46	455	509	264	107	721	 	 	18
2015	12020	2683	Belmont Abbey	-	Totals	-	-	-	-	-	5203:00	554	1,360	40.74	187	545	34.31	344	511	67.32	1,639	63.04	251	511	762	29.31	289	454	159	45	541	 	 	22
2015	12020	2683	Belmont Abbey	-	Opponent Totals	-	-	-	-	-	5203:00	768	1,465	52.42	195	500	39.00	455	660	68.94	2,186	84.08	304	662	966	37.15	391	328	242	84	494	 	 	6
2015	12020	54	Bemidji St.	-	Totals	-	-	-	-	-	5425:00	720	1,570	45.86	209	589	35.48	318	461	68.98	1,967	72.85	227	637	864	32.00	354	336	172	76	529	 	 	10
2015	12020	54	Bemidji St.	-	Opponent Totals	-	-	-	-	-	5428:00	726	1,543	47.05	196	516	37.98	444	622	71.38	2,092	77.48	249	659	908	33.63	325	301	175	65	438	 	 	3
2015	12020	55	Benedict	-	Totals	-	-	-	-	-	5625:00	707	1,562	45.26	195	537	36.31	381	567	67.20	1,990	71.07	335	665	1,000	35.71	317	349	189	57	518	 	 	5
2015	12020	55	Benedict	-	Opponent Totals	-	-	-	-	-	5624:00	627	1,534	40.87	182	549	33.15	414	587	70.53	1,850	66.07	343	614	957	34.18	292	377	166	83	505	 	 	10
2015	12020	56	Bentley	-	Totals	-	-	-	-	-	5398:00	732	1,591	46.01	256	686	37.32	374	495	75.56	2,094	77.56	259	708	967	35.81	402	307	153	95	392	 	 	1
2015	12020	56	Bentley	-	Opponent Totals	-	-	-	-	-	5399:00	750	1,652	45.40	210	576	36.46	304	419	72.55	2,014	74.59	263	652	915	33.89	348	291	157	78	490	 	 	4
2015	12020	30134	Black Hills St.	-	Totals	-	-	-	-	-	6148:00	668	1,534	43.55	212	589	35.99	369	531	69.49	1,917	66.10	215	628	843	29.07	327	344	148	25	561	 	 	10
2015	12020	30134	Black Hills St.	-	Opponent Totals	-	-	-	-	-	6151:00	728	1,537	47.36	186	494	37.65	415	585	70.94	2,057	70.93	267	739	1,006	34.69	351	368	157	93	556	 	 	13
2015	12020	984	Bloomfield	-	Totals	-	-	-	-	-	5449:00	781	1,762	44.32	162	508	31.89	401	542	73.99	2,125	78.70	366	693	1,059	39.22	301	404	194	72	481	 	 	7
2015	12020	984	Bloomfield	-	Opponent Totals	-	-	-	-	-	5450:00	820	1,783	45.99	182	564	32.27	344	480	71.67	2,166	80.22	341	687	1,028	38.07	420	380	193	87	506	 	 	8
2015	12020	65	Bloomsburg	-	Totals	-	-	-	-	-	5275:00	682	1,503	45.38	181	499	36.27	463	642	72.12	2,008	77.23	267	617	884	34.00	322	403	195	95	527	 	 	12
2015	12020	65	Bloomsburg	-	Opponent Totals	-	-	-	-	-	5275:00	724	1,545	46.86	210	515	40.78	431	640	67.34	2,089	80.35	302	636	938	36.08	423	387	223	84	534	 	 	11
2015	12020	985	Bluefield St.	-	Totals	-	-	-	-	-	4626:00	633	1,477	42.86	200	588	34.01	342	504	67.86	1,808	78.61	251	569	820	35.65	283	274	149	70	474	 	 	22
2015	12020	985	Bluefield St.	-	Opponent Totals	-	-	-	-	-	4626:00	669	1,463	45.73	158	464	34.05	413	585	70.60	1,909	83.00	297	664	961	41.78	351	297	137	89	419	 	 	8
2015	12020	70	Bowie St.	-	Totals	-	-	-	-	-	6025:00	751	1,742	43.11	247	663	37.25	480	668	71.86	2,229	74.30	362	761	1,123	37.43	381	416	180	96	579	 	 	4
2015	12020	70	Bowie St.	-	Opponent Totals	-	-	-	-	-	6025:00	753	1,801	41.81	203	584	34.76	431	675	63.85	2,140	71.33	412	742	1,154	38.47	336	416	181	100	579	 	 	15
2015	12020	30094	Brevard	-	Totals	-	-	-	-	-	5875:00	710	1,641	43.27	245	667	36.73	361	540	66.85	2,026	69.86	252	611	863	29.76	371	372	220	91	561	 	 	14
2015	12020	30094	Brevard	-	Opponent Totals	-	-	-	-	-	5875:00	777	1,620	47.96	248	627	39.55	486	664	73.19	2,288	78.90	324	779	1,103	38.03	414	410	197	100	530	 	 	8
2015	12020	74	Bridgeport	-	Totals	-	-	-	-	-	6275:00	881	1,885	46.74	270	657	41.10	480	642	74.77	2,512	81.03	380	827	1,207	38.94	474	441	191	88	568	 	 	14
2015	12020	74	Bridgeport	-	Opponent Totals	-	-	-	-	-	6275:00	858	1,947	44.07	233	645	36.12	412	576	71.53	2,361	76.16	359	703	1,062	34.26	462	389	205	102	557	 	 	9
2015	12020	91	Cal Poly Pomona	-	Totals	-	-	-	-	-	6325:00	755	1,604	47.07	170	495	34.34	404	604	66.89	2,084	67.23	311	733	1,044	33.68	402	381	258	87	545	 	 	6
2015	12020	91	Cal Poly Pomona	-	Opponent Totals	-	-	-	-	-	6125:00	595	1,521	39.12	203	635	31.97	376	561	67.02	1,769	57.06	289	653	942	30.39	362	488	161	59	558	 	 	16
2015	12020	92	Cal St. Dom. Hills	-	Totals	-	-	-	-	-	5475:00	570	1,332	42.79	133	415	32.05	385	598	64.38	1,658	61.41	264	654	918	34.00	300	413	112	55	489	 	 	12
2015	12020	92	Cal St. Dom. Hills	-	Opponent Totals	-	-	-	-	-	5476:00	641	1,498	42.79	178	509	34.97	389	540	72.04	1,849	68.48	278	611	889	32.93	359	287	146	59	540	 	 	15
2015	12020	98	Cal St. East Bay	-	Totals	-	-	-	-	-	5650:00	587	1,531	38.34	206	668	30.84	328	485	67.63	1,708	61.00	291	606	897	32.04	303	385	108	75	617	 	 	32
2015	12020	98	Cal St. East Bay	-	Opponent Totals	-	-	-	-	-	5651:00	681	1,478	46.08	146	431	33.87	535	768	69.66	2,043	72.96	310	735	1,045	37.32	362	322	173	81	498	 	 	6
2015	12020	100	Cal St. L.A.	-	Totals	-	-	-	-	-	5200:00	539	1,281	42.08	122	344	35.47	331	525	63.05	1,531	58.88	258	555	813	31.27	247	371	180	89	511	 	 	7
2015	12020	100	Cal St. L.A.	-	Opponent Totals	-	-	-	-	-	5200:00	542	1,299	41.72	167	480	34.79	384	535	71.78	1,635	62.88	282	594	876	33.69	262	378	167	59	462	 	 	8
2015	12020	30055	Cal St. Monterey Bay	-	Totals	-	-	-	-	-	5651:00	734	1,584	46.34	161	452	35.62	382	567	67.37	2,011	71.82	288	663	951	33.96	369	401	160	55	541	 	 	11
2015	12020	30055	Cal St. Monterey Bay	-	Opponent Totals	-	-	-	-	-	5650:00	720	1,618	44.50	204	581	35.11	407	584	69.69	2,051	73.25	321	656	977	34.89	331	406	183	100	547	 	 	8
2015	12020	93	Cal St. San B'dino	-	Totals	-	-	-	-	-	5300:00	588	1,389	42.33	187	583	32.08	408	575	70.96	1,771	68.12	233	545	778	29.92	337	345	203	54	495	 	 	9
2015	12020	93	Cal St. San B'dino	-	Opponent Totals	-	-	-	-	-	5301:00	637	1,387	45.93	151	457	33.04	377	546	69.05	1,802	69.31	276	646	922	35.46	344	395	170	58	494	 	 	10
2015	12020	103	Cal St. Stanislaus	-	Totals	-	-	-	-	-	5900:00	624	1,487	41.96	149	456	32.68	425	641	66.30	1,822	62.83	299	676	975	33.62	299	366	167	74	488	 	 	9
2015	12020	103	Cal St. Stanislaus	-	Opponent Totals	-	-	-	-	-	5901:00	653	1,528	42.74	201	597	33.67	340	518	65.64	1,847	63.69	270	650	920	31.72	310	369	184	70	558	 	 	14
2015	12020	995	Caldwell	-	Totals	-	-	-	-	-	5699:00	719	1,552	46.33	152	421	36.10	497	655	75.88	2,087	74.54	296	699	995	35.54	357	348	132	45	418	 	 	5
2015	12020	995	Caldwell	-	Opponent Totals	-	-	-	-	-	5700:00	746	1,669	44.70	234	655	35.73	303	445	68.09	2,029	72.46	295	629	924	33.00	361	333	179	95	549	 	 	13
2015	12020	106	California (PA)	-	Totals	-	-	-	-	-	5650:00	662	1,522	43.50	133	399	33.33	464	667	69.57	1,921	68.61	323	743	1,066	38.07	335	436	201	105	485	 	 	7
2015	12020	106	California (PA)	-	Opponent Totals	-	-	-	-	-	5650:00	652	1,626	40.10	167	529	31.57	384	528	72.73	1,855	66.25	305	650	955	34.11	343	389	230	78	544	 	 	12
2015	12020	30135	California Baptist	-	Totals	-	-	-	-	-	6625:00	931	2,016	46.18	304	804	37.81	457	635	71.97	2,623	79.48	370	831	1,201	36.39	363	390	197	76	616	 	 	12
2015	12020	30135	California Baptist	-	Opponent Totals	-	-	-	-	-	6625:00	808	1,908	42.35	178	549	32.42	511	724	70.58	2,305	69.85	380	810	1,190	36.06	369	453	171	88	597	 	 	9
2015	12020	996	Cameron	-	Totals	-	-	-	-	-	5651:00	735	1,509	48.71	188	480	39.17	479	681	70.34	2,137	76.32	260	733	993	35.46	423	437	142	100	592	 	 	25
2015	12020	996	Cameron	-	Opponent Totals	-	-	-	-	-	5651:00	703	1,663	42.27	204	597	34.17	468	625	74.88	2,078	74.21	275	612	887	31.68	363	343	170	82	566	 	 	18
2015	12020	1000	Carson-Newman	-	Totals	-	-	-	-	-	5875:00	765	1,572	48.66	144	430	33.49	460	637	72.21	2,134	73.59	289	751	1,040	35.86	399	468	225	83	513	 	 	13
2015	12020	1000	Carson-Newman	-	Opponent Totals	-	-	-	-	-	5882:00	724	1,741	41.59	265	715	37.06	360	551	65.34	2,073	71.48	356	608	964	33.24	439	411	247	94	550	 	 	16
2015	12020	1001	Catawba	-	Totals	-	-	-	-	-	6050:00	795	1,891	42.04	230	630	36.51	489	695	70.36	2,309	76.97	394	738	1,132	37.73	338	349	193	127	624	 	 	16
2015	12020	1001	Catawba	-	Opponent Totals	-	-	-	-	-	6050:00	827	1,791	46.18	194	545	35.60	523	778	67.22	2,371	79.03	373	816	1,189	39.63	424	391	179	110	582	 	 	16
2015	12020	30124	Cedarville	-	Totals	-	-	-	-	-	5827:00	751	1,681	44.68	269	723	37.21	401	581	69.02	2,172	74.90	266	681	947	32.66	426	414	193	88	545	 	 	5
2015	12020	30124	Cedarville	-	Opponent Totals	-	-	-	-	-	5825:00	813	1,782	45.62	185	554	33.39	429	605	70.91	2,240	77.24	390	766	1,156	39.86	414	425	206	76	493	 	 	12
2015	12020	130	Central Mo.	-	Totals	-	-	-	-	-	6550:00	828	1,649	50.21	204	504	40.48	491	755	65.03	2,351	73.47	279	784	1,063	33.22	409	336	187	100	615	 	 	8
2015	12020	130	Central Mo.	-	Opponent Totals	-	-	-	-	-	6550:00	726	1,672	43.42	227	610	37.21	468	654	71.56	2,149	67.16	273	674	947	29.59	335	370	149	90	647	 	 	21
2015	12020	1009	Central Okla.	-	Totals	-	-	-	-	-	6025:00	802	1,662	48.26	238	655	36.34	508	768	66.15	2,350	78.33	315	767	1,082	36.07	420	414	200	114	565	 	 	11
2015	12020	1009	Central Okla.	-	Opponent Totals	-	-	-	-	-	6024:00	728	1,756	41.46	240	663	36.20	434	605	71.74	2,130	71.00	340	690	1,030	34.33	388	420	205	72	635	 	 	21
2015	12020	30049	Central St. (OH)	-	Totals	-	-	-	-	-	6100:00	777	1,862	41.73	212	643	32.97	404	623	64.85	2,170	72.33	375	710	1,085	36.17	396	378	288	64	505	 	 	8
2015	12020	30049	Central St. (OH)	-	Opponent Totals	-	-	-	-	-	6099:00	782	1,758	44.48	211	602	35.05	378	542	69.74	2,153	71.77	351	804	1,155	38.50	418	496	183	114	542	 	 	7
2015	12020	1010	Central Wash.	-	Totals	-	-	-	-	-	5230:00	747	1,611	46.37	195	540	36.11	352	497	70.82	2,041	78.50	265	629	894	34.38	423	321	209	119	485	 	 	5
2015	12020	1010	Central Wash.	-	Opponent Totals	-	-	-	-	-	5232:00	662	1,539	43.01	170	483	35.20	415	578	71.80	1,909	73.42	315	670	985	37.88	323	412	168	79	440	 	 	9
2015	12020	1012	Chadron St.	-	Totals	-	-	-	-	-	5204:00	612	1,413	43.31	183	481	38.05	364	537	67.78	1,771	68.12	297	608	905	34.81	278	370	132	71	554	 	 	8
2015	12020	1012	Chadron St.	-	Opponent Totals	-	-	-	-	-	5200:00	668	1,437	46.49	184	503	36.58	452	638	70.85	1,972	75.85	250	598	848	32.62	350	270	183	75	491	 	 	9
2015	12020	133	Chaminade	-	Totals	-	-	-	-	-	5200:00	731	1,571	46.53	231	602	38.37	480	676	71.01	2,173	83.58	299	629	928	35.69	311	362	188	90	520	 	 	12
2015	12020	133	Chaminade	-	Opponent Totals	-	-	-	-	-	5200:00	760	1,633	46.54	223	544	40.99	398	575	69.22	2,141	82.35	331	622	953	36.65	370	376	150	64	544	 	 	9
2015	12020	1013	Charleston (WV)	-	Totals	-	-	-	-	-	5800:00	752	1,622	46.36	215	586	36.69	445	634	70.19	2,164	74.62	330	773	1,103	38.03	415	349	167	67	488	 	 	8
2015	12020	1013	Charleston (WV)	-	Opponent Totals	-	-	-	-	-	5800:00	701	1,681	41.70	185	564	32.80	361	503	71.77	1,948	67.17	298	638	936	32.28	326	321	170	82	535	 	 	16
2015	12020	21323	Chestnut Hill	-	Totals	-	-	-	-	-	5125:00	607	1,467	41.38	166	489	33.95	404	589	68.59	1,784	71.36	292	604	896	35.84	271	381	166	86	550	 	 	20
2015	12020	21323	Chestnut Hill	-	Opponent Totals	-	-	-	-	-	5125:00	638	1,432	44.55	135	415	32.53	454	660	68.79	1,865	74.60	279	664	943	37.72	317	357	193	80	510	 	 	19
2015	12020	135	Cheyney	-	Totals	-	-	-	-	-	5450:00	686	1,679	40.86	231	692	33.38	301	476	63.24	1,904	70.52	282	556	838	31.04	329	345	190	51	586	 	 	11
2015	12020	135	Cheyney	-	Opponent Totals	-	-	-	-	-	5450:00	737	1,515	48.65	170	459	37.04	585	783	74.71	2,229	82.56	336	796	1,132	41.93	407	400	175	72	446	 	 	10
2015	12020	95	Chico St.	-	Totals	-	-	-	-	-	6200:00	736	1,558	47.24	167	474	35.23	418	649	64.41	2,057	68.57	347	709	1,056	35.20	363	420	205	93	520	 	 	5
2015	12020	95	Chico St.	-	Opponent Totals	-	-	-	-	-	6200:00	629	1,570	40.06	159	495	32.12	404	552	73.19	1,821	60.70	284	593	877	29.23	286	409	203	64	573	 	 	11
2015	12020	8875	Chowan	-	Totals	-	-	-	-	-	5676:00	725	1,575	46.03	220	578	38.06	394	592	66.55	2,064	73.71	327	695	1,022	36.50	378	390	208	108	531	 	 	7
2015	12020	8875	Chowan	-	Opponent Totals	-	-	-	-	-	5674:00	635	1,561	40.68	144	511	28.18	457	685	66.72	1,871	66.82	344	632	976	34.86	347	364	171	94	506	 	 	5
2015	12020	1015	Christian Bros.	-	Totals	-	-	-	-	-	5450:00	731	1,508	48.47	223	577	38.65	274	416	65.87	1,959	72.56	256	602	858	31.78	438	328	193	94	399	 	 	5
2015	12020	1015	Christian Bros.	-	Opponent Totals	-	-	-	-	-	5450:00	689	1,501	45.90	193	495	38.99	308	426	72.30	1,879	69.59	253	597	850	31.48	379	341	164	73	434	 	 	8
2015	12020	30058	Claflin	-	Totals	-	-	-	-	-	5849:00	706	1,592	44.35	164	482	34.02	471	664	70.93	2,047	70.59	365	646	1,011	34.86	365	356	238	115	568	 	 	7
2015	12020	30058	Claflin	-	Opponent Totals	-	-	-	-	-	5850:00	651	1,488	43.75	190	521	36.47	423	655	64.58	1,915	66.03	313	609	922	31.79	329	429	145	109	575	 	 	13
2015	12020	143	Clarion	-	Totals	-	-	-	-	-	5200:00	654	1,552	42.14	119	390	30.51	459	662	69.34	1,886	72.54	347	550	897	34.50	299	419	289	87	470	 	 	6
2015	12020	143	Clarion	-	Opponent Totals	-	-	-	-	-	5201:00	747	1,536	48.63	158	451	35.03	339	506	67.00	1,991	76.58	333	665	998	38.38	432	491	219	125	525	 	 	9
2015	12020	144	Clark Atlanta	-	Totals	-	-	-	-	-	5650:00	717	1,825	39.29	167	583	28.64	527	823	64.03	2,128	76.00	396	680	1,076	38.43	309	379	225	60	682	 	 	29
2015	12020	144	Clark Atlanta	-	Opponent Totals	-	-	-	-	-	5650:00	792	1,641	48.26	154	452	34.07	593	879	67.46	2,331	83.25	315	871	1,186	42.36	402	442	212	111	637	 	 	18
2015	12020	20576	Clayton St.	-	Totals	-	-	-	-	-	5439:00	667	1,555	42.89	186	550	33.82	352	496	70.97	1,872	69.33	305	662	967	35.81	297	316	167	65	515	 	 	12
2015	12020	20576	Clayton St.	-	Opponent Totals	-	-	-	-	-	5441:00	634	1,457	43.51	151	449	33.63	401	591	67.85	1,820	67.41	270	654	924	34.22	298	323	163	81	444	 	 	6
2015	12020	1023	Coker	-	Totals	-	-	-	-	-	5498:00	635	1,488	42.67	173	504	34.33	432	638	67.71	1,875	69.44	315	609	924	34.22	323	355	225	84	505	 	 	7
2015	12020	1023	Coker	-	Opponent Totals	-	-	-	-	-	5500:00	670	1,452	46.14	185	486	38.07	355	534	66.48	1,880	69.63	289	640	929	34.41	365	392	160	77	522	 	 	9
2015	12020	11403	Colo. Christian	-	Totals	-	-	-	-	-	5875:00	683	1,526	44.76	276	680	40.59	532	677	78.58	2,174	74.97	237	646	883	30.45	330	393	179	61	610	 	 	22
2015	12020	11403	Colo. Christian	-	Opponent Totals	-	-	-	-	-	5875:00	716	1,518	47.17	211	563	37.48	505	677	74.59	2,148	74.07	243	677	920	31.72	337	400	158	86	608	 	 	18
2015	12020	11416	Colorado Mesa	-	Totals	-	-	-	-	-	5830:00	779	1,617	48.18	281	714	39.36	392	524	74.81	2,231	76.93	211	748	959	33.07	489	337	122	69	518	 	 	11
2015	12020	11416	Colorado Mesa	-	Opponent Totals	-	-	-	-	-	5829:00	711	1,633	43.54	264	736	35.87	378	537	70.39	2,064	71.17	254	698	952	32.83	419	338	163	69	494	 	 	6
2015	12020	155	Colorado Mines	-	Totals	-	-	-	-	-	5425:00	780	1,465	53.24	217	512	42.38	371	495	74.95	2,148	79.56	198	664	862	31.93	437	287	168	86	484	 	 	7
2015	12020	155	Colorado Mines	-	Opponent Totals	-	-	-	-	-	5425:00	616	1,439	42.81	181	491	36.86	377	510	73.92	1,790	66.30	239	565	804	29.78	275	343	120	63	479	 	 	11
2015	12020	2720	Colorado St.-Pueblo	-	Totals	-	-	-	-	-	5800:00	772	1,738	44.42	293	818	35.82	476	659	72.23	2,313	79.76	340	677	1,017	35.07	433	358	232	113	568	 	 	9
2015	12020	2720	Colorado St.-Pueblo	-	Opponent Totals	-	-	-	-	-	5800:00	729	1,613	45.20	187	552	33.88	452	660	68.48	2,097	72.31	296	711	1,007	34.72	350	420	161	63	581	 	 	16
2015	12020	159	Columbus St.	-	Totals	-	-	-	-	-	6024:00	838	1,765	47.48	172	472	36.44	496	752	65.96	2,344	78.13	357	845	1,202	40.07	391	418	186	165	540	 	 	14
2015	12020	159	Columbus St.	-	Opponent Totals	-	-	-	-	-	6026:00	761	1,910	39.84	225	640	35.16	429	617	69.53	2,176	72.53	395	701	1,096	36.53	379	393	198	81	594	 	 	15
2015	12020	1028	Concord	-	Totals	-	-	-	-	-	5875:00	840	1,738	48.33	212	529	40.08	452	649	69.65	2,344	80.83	313	838	1,151	39.69	459	401	181	74	557	 	 	10
2015	12020	1028	Concord	-	Opponent Totals	-	-	-	-	-	5876:00	733	1,738	42.17	243	705	34.47	454	637	71.27	2,163	74.59	290	698	988	34.07	358	371	229	87	566	 	 	20
2015	12020	162	Concordia (NY)	-	Totals	-	-	-	-	-	5651:00	773	1,830	42.24	177	544	32.54	317	466	68.03	2,040	72.86	312	702	1,014	36.21	340	375	221	81	507	 	 	13
2015	12020	162	Concordia (NY)	-	Opponent Totals	-	-	-	-	-	5650:00	827	1,799	45.97	187	529	35.35	404	583	69.30	2,245	80.18	370	843	1,213	43.32	368	403	194	79	464	 	 	4
2015	12020	9081	Concordia-St. Paul	-	Totals	-	-	-	-	-	6075:00	775	1,673	46.32	184	506	36.36	462	654	70.64	2,196	73.20	309	784	1,093	36.43	385	379	209	84	505	 	 	11
2015	12020	9081	Concordia-St. Paul	-	Opponent Totals	-	-	-	-	-	6075:00	697	1,715	40.64	253	735	34.42	394	524	75.19	2,041	68.03	288	680	968	32.27	391	383	161	102	559	 	 	18
2015	12020	30174	Daemen	-	Totals	-	-	-	-	-	5900:00	813	1,725	47.13	229	627	36.52	473	673	70.28	2,328	80.28	361	789	1,150	39.66	431	395	148	139	416	 	 	2
2015	12020	30174	Daemen	-	Opponent Totals	-	-	-	-	-	5900:00	825	1,939	42.55	231	672	34.38	321	449	71.49	2,202	75.93	390	656	1,046	36.07	435	321	210	77	575	 	 	19
2015	12020	1045	Dallas Baptist	-	Totals	-	-	-	-	-	6804:00	864	1,936	44.63	307	837	36.68	513	724	70.86	2,548	77.21	286	795	1,081	32.76	468	484	190	109	754	 	 	26
2015	12020	1045	Dallas Baptist	-	Opponent Totals	-	-	-	-	-	6757:00	839	1,917	43.77	222	631	35.18	651	879	74.06	2,551	77.30	297	831	1,128	34.18	453	461	239	106	665	 	 	18
2015	12020	174	Davis & Elkins	-	Totals	-	-	-	-	-	5200:00	658	1,383	47.58	136	370	36.76	377	525	71.81	1,829	70.35	258	680	938	36.08	304	429	142	94	455	 	 	12
2015	12020	174	Davis & Elkins	-	Opponent Totals	-	-	-	-	-	5200:00	677	1,543	43.88	221	546	40.48	377	530	71.13	1,952	75.08	270	552	822	31.62	401	280	215	74	461	 	 	8
2015	12020	181	Delta St.	-	Totals	-	-	-	-	-	5925:00	738	1,522	48.49	189	456	41.45	503	671	74.96	2,168	74.76	261	755	1,016	35.03	348	466	142	110	569	 	 	9
2015	12020	181	Delta St.	-	Opponent Totals	-	-	-	-	-	5925:00	754	1,706	44.20	197	561	35.12	434	635	68.35	2,139	73.76	308	615	923	31.83	340	333	200	88	603	 	 	17
2015	12020	186	Dist. Columbia	-	Totals	-	-	-	-	-	5750:00	755	1,810	41.71	240	684	35.09	387	555	69.73	2,137	76.32	369	629	998	35.64	339	356	189	53	547	 	 	20
2015	12020	186	Dist. Columbia	-	Opponent Totals	-	-	-	-	-	5750:00	864	1,716	50.35	175	479	36.53	497	690	72.03	2,400	85.71	332	779	1,111	39.68	427	350	170	75	458	 	 	8
2015	12020	30095	Dixie St.	-	Totals	-	-	-	-	-	5851:00	749	1,568	47.77	138	350	39.43	537	729	73.66	2,173	77.61	296	741	1,037	37.04	399	388	188	92	485	 	 	13
2015	12020	30095	Dixie St.	-	Opponent Totals	-	-	-	-	-	5850:00	717	1,666	43.04	239	675	35.41	322	471	68.37	1,995	71.25	288	631	919	32.82	376	391	204	75	614	 	 	16
2015	12020	30118	Dominican (CA)	-	Totals	-	-	-	-	-	5625:00	733	1,547	47.38	182	481	37.84	399	592	67.40	2,047	73.11	343	707	1,050	37.50	351	411	128	70	626	 	 	13
2015	12020	30118	Dominican (CA)	-	Opponent Totals	-	-	-	-	-	5624:00	657	1,491	44.06	183	499	36.67	520	740	70.27	2,017	72.04	245	581	826	29.50	250	310	190	56	517	 	 	9
2015	12020	8956	Dominican (NY)	-	Totals	-	-	-	-	-	5001:00	672	1,349	49.81	130	385	33.77	388	552	70.29	1,862	74.48	198	607	805	32.20	397	359	167	98	429	 	 	9
2015	12020	8956	Dominican (NY)	-	Opponent Totals	-	-	-	-	-	5001:00	684	1,555	43.99	176	501	35.13	340	477	71.28	1,884	75.36	332	569	901	36.04	345	306	175	67	467	 	 	8
2015	12020	2692	Dowling	-	Totals	-	-	-	-	-	5400:00	790	1,818	43.45	174	605	28.76	382	578	66.09	2,136	79.11	263	755	1,018	37.70	366	351	226	93	471	 	 	7
2015	12020	2692	Dowling	-	Opponent Totals	-	-	-	-	-	5398:00	855	1,891	45.21	215	632	34.02	319	472	67.58	2,244	83.11	371	855	1,226	45.41	413	412	179	94	503	 	 	6
2015	12020	1057	Drury	-	Totals	-	-	-	-	-	6100:00	736	1,594	46.17	218	599	36.39	457	650	70.31	2,147	71.57	307	640	947	31.57	449	420	251	72	580	 	 	13
2015	12020	1057	Drury	-	Opponent Totals	-	-	-	-	-	6101:00	674	1,481	45.51	197	582	33.85	446	635	70.24	1,991	66.37	273	659	932	31.07	342	524	212	60	617	 	 	19
2015	12020	8965	East Central	-	Totals	-	-	-	-	-	6226:00	821	1,731	47.43	289	721	40.08	506	731	69.22	2,437	78.61	254	801	1,055	34.03	450	404	217	67	552	 	 	12
2015	12020	8965	East Central	-	Opponent Totals	-	-	-	-	-	6224:00	796	1,827	43.57	239	706	33.85	383	570	67.19	2,214	71.42	334	795	1,129	36.42	378	462	191	70	629	 	 	28
2015	12020	197	East Stroudsburg	-	Totals	-	-	-	-	-	5650:00	829	1,821	45.52	257	713	36.04	432	605	71.40	2,347	83.82	351	685	1,036	37.00	506	379	307	87	534	 	 	5
2015	12020	197	East Stroudsburg	-	Opponent Totals	-	-	-	-	-	5650:00	755	1,658	45.54	134	425	31.53	371	557	66.61	2,015	71.96	322	725	1,047	37.39	362	534	215	93	527	 	 	11
2015	12020	206	Eastern N.M.	-	Totals	-	-	-	-	-	5656:00	657	1,719	38.22	197	654	30.12	472	711	66.39	1,983	70.82	314	651	965	34.46	276	388	152	55	692	 	 	29
2015	12020	206	Eastern N.M.	-	Opponent Totals	-	-	-	-	-	5650:00	806	1,607	50.16	193	523	36.90	586	871	67.28	2,391	85.39	295	860	1,155	41.25	406	394	181	120	610	 	 	20
2015	12020	208	Eckerd	-	Totals	-	-	-	-	-	5925:00	698	1,560	44.74	187	542	34.50	451	703	64.15	2,036	70.21	334	674	1,008	34.76	403	435	183	91	552	 	 	9
2015	12020	208	Eckerd	-	Opponent Totals	-	-	-	-	-	5925:00	690	1,559	44.26	234	622	37.62	483	645	74.88	2,097	72.31	281	671	952	32.83	391	396	211	78	572	 	 	14
2015	12020	209	Edinboro	-	Totals	-	-	-	-	-	5425:00	724	1,667	43.43	189	516	36.63	381	528	72.16	2,018	74.74	359	722	1,081	40.04	366	323	154	120	540	 	 	9
2015	12020	209	Edinboro	-	Opponent Totals	-	-	-	-	-	5425:00	612	1,523	40.18	160	485	32.99	413	614	67.26	1,797	66.56	286	667	953	35.30	296	340	140	116	486	 	 	13
2015	12020	210	Elizabeth City St.	-	Totals	-	-	-	-	-	6075:00	761	1,723	44.17	229	604	37.91	461	679	67.89	2,212	73.73	390	677	1,067	35.57	364	427	195	77	642	 	 	17
2015	12020	210	Elizabeth City St.	-	Opponent Totals	-	-	-	-	-	6075:00	741	1,652	44.85	215	608	35.36	537	782	68.67	2,234	74.47	374	700	1,074	35.80	399	448	217	95	569	 	 	15
2015	12020	1071	Emporia St.	-	Totals	-	-	-	-	-	5624:00	624	1,442	43.27	205	552	37.14	406	585	69.40	1,859	66.39	257	559	816	29.14	333	342	177	73	604	 	 	20
2015	12020	1071	Emporia St.	-	Opponent Totals	-	-	-	-	-	5625:00	644	1,364	47.21	136	372	36.56	473	661	71.56	1,897	67.75	250	649	899	32.11	327	377	142	82	534	 	 	12
2015	12020	1072	Erskine	-	Totals	-	-	-	-	-	5802:00	646	1,584	40.78	159	588	27.04	342	511	66.93	1,793	61.83	352	600	952	32.83	315	408	224	52	471	 	 	5
2015	12020	1072	Erskine	-	Opponent Totals	-	-	-	-	-	5801:00	666	1,464	45.49	224	623	35.96	408	577	70.71	1,964	67.72	329	707	1,036	35.72	348	467	230	84	476	 	 	11
2015	12020	1076	Fairmont St.	-	Totals	-	-	-	-	-	6625:00	877	1,942	45.16	255	656	38.87	621	838	74.11	2,630	79.70	380	733	1,113	33.73	431	418	279	108	711	 	 	23
2015	12020	1076	Fairmont St.	-	Opponent Totals	-	-	-	-	-	6625:00	849	1,809	46.93	202	571	35.38	607	841	72.18	2,507	75.97	363	798	1,161	35.18	441	520	179	93	657	 	 	25
2015	12020	223	Fayetteville St.	-	Totals	-	-	-	-	-	5900:00	798	1,759	45.37	218	597	36.52	557	823	67.68	2,371	81.76	365	799	1,164	40.14	375	482	203	132	616	 	 	18
2015	12020	223	Fayetteville St.	-	Opponent Totals	-	-	-	-	-	5900:00	780	1,845	42.28	258	663	38.91	496	744	66.67	2,314	79.79	391	725	1,116	38.48	416	442	214	84	658	 	 	17
2015	12020	23157	Felician	-	Totals	-	-	-	-	-	4800:00	626	1,475	42.44	131	421	31.12	267	454	58.81	1,650	68.75	312	703	1,015	42.29	314	420	131	63	482	 	 	4
2015	12020	23157	Felician	-	Opponent Totals	-	-	-	-	-	4800:00	615	1,506	40.84	178	579	30.74	400	571	70.05	1,808	75.33	276	641	917	38.21	350	282	207	85	412	 	 	8
2015	12020	224	Ferris St.	-	Totals	-	-	-	-	-	6124:00	847	1,848	45.83	220	621	35.43	390	587	66.44	2,304	76.80	384	724	1,108	36.93	507	329	266	158	501	 	 	8
2015	12020	224	Ferris St.	-	Opponent Totals	-	-	-	-	-	6122:00	725	1,640	44.21	187	519	36.03	374	549	68.12	2,011	67.03	292	729	1,021	34.03	429	454	172	67	508	 	 	9
2015	12020	1079	Findlay	-	Totals	-	-	-	-	-	5222:00	641	1,409	45.49	200	558	35.84	347	486	71.40	1,829	70.35	254	616	870	33.46	353	300	180	88	401	 	 	2
2015	12020	1079	Findlay	-	Opponent Totals	-	-	-	-	-	5223:00	642	1,447	44.37	184	528	34.85	264	380	69.47	1,732	66.62	265	596	861	33.12	315	344	175	72	469	 	 	9
2015	12020	233	Fla. Southern	-	Totals	-	-	-	-	-	7450:00	1,079	2,448	44.08	359	968	37.09	737	965	76.37	3,254	87.95	453	961	1,414	38.22	612	423	336	100	732	 	 	8
2015	12020	233	Fla. Southern	-	Opponent Totals	-	-	-	-	-	7450:00	973	2,252	43.21	249	798	31.20	545	798	68.30	2,740	74.05	457	1,037	1,494	40.38	476	689	227	94	825	 	 	25
2015	12020	30092	Flagler	-	Totals	-	-	-	-	-	5075:00	680	1,514	44.91	220	584	37.67	329	444	74.10	1,909	76.36	264	669	933	37.32	359	359	138	93	435	 	 	10
2015	12020	30092	Flagler	-	Opponent Totals	-	-	-	-	-	5075:00	726	1,601	45.35	166	440	37.73	338	483	69.98	1,956	78.24	288	637	925	37.00	412	279	205	73	421	 	 	8
2015	12020	230	Florida Tech	-	Totals	-	-	-	-	-	5852:00	756	1,640	46.10	173	557	31.06	504	750	67.20	2,189	75.48	376	728	1,104	38.07	405	429	176	122	499	 	 	7
2015	12020	230	Florida Tech	-	Opponent Totals	-	-	-	-	-	5849:00	776	1,816	42.73	227	664	34.19	403	553	72.88	2,182	75.24	392	650	1,042	35.93	416	371	212	73	613	 	 	20
2015	12020	9011	Fort Hays St.	-	Totals	-	-	-	-	-	5850:00	765	1,589	48.14	207	533	38.84	463	631	73.38	2,200	75.86	290	725	1,015	35.00	441	358	185	98	589	 	 	9
2015	12020	9011	Fort Hays St.	-	Opponent Totals	-	-	-	-	-	5850:00	624	1,484	42.05	202	563	35.88	502	695	72.23	1,952	67.31	240	621	861	29.69	388	357	174	59	539	 	 	12
2015	12020	1083	Fort Lewis	-	Totals	-	-	-	-	-	5800:00	738	1,580	46.71	232	651	35.64	622	853	72.92	2,330	80.34	309	779	1,088	37.52	461	359	140	135	529	 	 	13
2015	12020	1083	Fort Lewis	-	Opponent Totals	-	-	-	-	-	5799:00	747	1,767	42.28	251	628	39.97	448	610	73.44	2,193	75.62	328	663	991	34.17	390	291	192	73	669	 	 	26
2015	12020	237	Fort Valley St.	-	Totals	-	-	-	-	-	5449:00	621	1,550	40.06	160	530	30.19	460	729	63.10	1,862	68.96	334	696	1,030	38.15	325	445	196	94	567	 	 	10
2015	12020	237	Fort Valley St.	-	Opponent Totals	-	-	-	-	-	5448:00	750	1,645	45.59	188	492	38.21	458	712	64.33	2,146	79.48	340	738	1,078	39.93	416	401	233	87	589	 	 	20
2015	12020	1085	Francis Marion	-	Totals	-	-	-	-	-	5675:00	779	1,780	43.76	207	605	34.21	444	666	66.67	2,209	78.89	387	644	1,031	36.82	406	388	323	117	540	 	 	15
2015	12020	1085	Francis Marion	-	Opponent Totals	-	-	-	-	-	5675:00	723	1,615	44.77	207	584	35.45	402	586	68.60	2,055	73.39	335	709	1,044	37.29	453	510	210	79	520	 	 	7
2015	12020	241	Franklin Pierce	-	Totals	-	-	-	-	-	5676:00	757	1,717	44.09	293	794	36.90	301	425	70.82	2,108	75.29	253	679	932	33.29	422	331	186	122	509	 	 	4
2015	12020	241	Franklin Pierce	-	Opponent Totals	-	-	-	-	-	5675:00	745	1,689	44.11	173	512	33.79	400	576	69.44	2,063	73.68	353	776	1,129	40.32	362	384	160	82	460	 	 	8
2015	12020	30147	Fresno Pacific	-	Totals	-	-	-	-	-	5869:00	787	1,641	47.96	209	557	37.52	349	537	64.99	2,132	76.14	279	657	936	33.43	416	362	165	66	483	 	 	9
2015	12020	30147	Fresno Pacific	-	Opponent Totals	-	-	-	-	-	5870:00	821	1,727	47.54	189	539	35.06	369	523	70.55	2,204	78.71	336	663	999	35.68	433	337	179	61	480	 	 	9
2015	12020	39	GRU Augusta	-	Totals	-	-	-	-	-	6050:00	828	1,716	48.25	216	525	41.14	443	618	71.68	2,315	77.17	349	705	1,054	35.13	456	378	195	63	594	 	 	14
2015	12020	39	GRU Augusta	-	Opponent Totals	-	-	-	-	-	6050:00	684	1,618	42.27	192	571	33.63	496	671	73.92	2,056	68.53	318	646	964	32.13	359	423	177	82	553	 	 	15
2015	12020	1097	Ga. Southwestern	-	Totals	-	-	-	-	-	5400:00	645	1,389	46.44	271	646	41.95	326	500	65.20	1,887	69.89	206	675	881	32.63	413	356	158	51	449	 	 	19
2015	12020	1097	Ga. Southwestern	-	Opponent Totals	-	-	-	-	-	5399:00	655	1,522	43.04	143	409	34.96	359	487	73.72	1,812	67.11	264	637	901	33.37	289	294	191	65	446	 	 	10
2015	12020	246	Gannon	-	Totals	-	-	-	-	-	5950:00	673	1,508	44.63	148	412	35.92	337	493	68.36	1,831	63.14	340	727	1,067	36.79	342	429	197	42	540	 	 	13
2015	12020	246	Gannon	-	Opponent Totals	-	-	-	-	-	5951:00	538	1,358	39.62	173	511	33.86	376	537	70.02	1,625	56.03	176	581	757	26.10	293	396	198	72	504	 	 	10
2015	12020	1096	Georgia College	-	Totals	-	-	-	-	-	5698:00	707	1,680	42.08	158	460	34.35	427	622	68.65	1,999	71.39	340	731	1,071	38.25	328	373	183	111	526	 	 	11
2015	12020	1096	Georgia College	-	Opponent Totals	-	-	-	-	-	5699:00	685	1,675	40.90	215	645	33.33	452	656	68.90	2,037	72.75	375	727	1,102	39.36	373	392	196	112	512	 	 	16
2015	12020	9004	Georgian Court	-	Totals	-	-	-	-	-	5250:00	606	1,520	39.87	123	417	29.50	398	617	64.51	1,733	66.65	345	568	913	35.12	278	342	199	91	541	 	 	12
2015	12020	9004	Georgian Court	-	Opponent Totals	-	-	-	-	-	5250:00	666	1,455	45.77	189	517	36.56	469	690	67.97	1,990	76.54	328	666	994	38.23	405	364	168	103	498	 	 	8
2015	12020	1098	Glenville St.	-	Totals	-	-	-	-	-	5627:00	762	1,634	46.63	305	781	39.05	375	539	69.57	2,204	78.71	272	625	897	32.04	413	322	244	117	461	 	 	6
2015	12020	1098	Glenville St.	-	Opponent Totals	-	-	-	-	-	5625:00	747	1,656	45.11	258	686	37.61	386	532	72.56	2,138	76.36	363	695	1,058	37.79	415	389	161	61	493	 	 	11
2015	12020	8366	Goldey-Beacom	-	Totals	-	-	-	-	-	5476:00	635	1,532	41.45	166	519	31.98	370	562	65.84	1,806	66.89	292	635	927	34.33	319	363	172	78	517	 	 	14
2015	12020	8366	Goldey-Beacom	-	Opponent Totals	-	-	-	-	-	5473:00	719	1,592	45.16	161	491	32.79	401	600	66.83	2,000	74.07	347	705	1,052	38.96	358	343	201	64	481	 	 	12
2015	12020	262	Grand Valley St.	-	Totals	-	-	-	-	-	5725:00	628	1,496	41.98	123	386	31.87	553	753	73.44	1,932	69.00	324	690	1,014	36.21	288	387	212	72	554	 	 	14
2015	12020	262	Grand Valley St.	-	Opponent Totals	-	-	-	-	-	5727:00	626	1,500	41.73	219	665	32.93	455	626	72.68	1,926	68.79	271	658	929	33.18	371	384	169	95	609	 	 	20
2015	12020	1116	Harding	-	Totals	-	-	-	-	-	5625:00	758	1,575	48.13	305	754	40.45	375	513	73.10	2,196	78.43	220	701	921	32.89	486	304	118	55	476	 	 	8
2015	12020	1116	Harding	-	Opponent Totals	-	-	-	-	-	5625:00	731	1,630	44.85	232	643	36.08	365	537	67.97	2,059	73.54	285	657	942	33.64	391	294	164	80	493	 	 	11
2015	12020	2697	Hawaii Hilo	-	Totals	-	-	-	-	-	5526:00	717	1,577	45.47	152	415	36.63	425	602	70.60	2,011	77.35	304	604	908	34.92	355	358	152	71	588	 	 	18
2015	12020	2697	Hawaii Hilo	-	Opponent Totals	-	-	-	-	-	5527:00	694	1,443	48.09	182	448	40.62	478	745	64.16	2,048	78.77	284	654	938	36.08	361	398	106	59	522	 	 	17
2015	12020	2696	Hawaii Pacific	-	Totals	-	-	-	-	-	5425:00	593	1,430	41.47	197	568	34.68	429	572	75.00	1,812	67.11	263	725	988	36.59	297	375	138	52	474	 	 	6
2015	12020	2696	Hawaii Pacific	-	Opponent Totals	-	-	-	-	-	5425:00	644	1,542	41.76	186	545	34.13	338	516	65.50	1,812	67.11	277	662	939	34.78	329	329	148	83	502	 	 	9
2015	12020	1123	Henderson St.	-	Totals	-	-	-	-	-	5224:00	659	1,460	45.14	165	486	33.95	361	550	65.64	1,844	70.92	263	629	892	34.31	344	383	184	65	510	 	 	18
2015	12020	1123	Henderson St.	-	Opponent Totals	-	-	-	-	-	5223:00	635	1,424	44.59	202	555	36.40	401	572	70.10	1,873	72.04	252	647	899	34.58	314	402	195	72	504	 	 	14
2015	12020	280	Hillsdale	-	Totals	-	-	-	-	-	5225:00	624	1,328	46.99	198	538	36.80	325	419	77.57	1,771	68.12	208	679	887	34.12	422	325	92	61	444	 	 	3
2015	12020	280	Hillsdale	-	Opponent Totals	-	-	-	-	-	5225:00	632	1,420	44.51	174	496	35.08	328	472	69.49	1,766	67.92	191	550	741	28.50	318	190	188	52	425	 	 	7
2015	12020	1126	Holy Family	-	Totals	-	-	-	-	-	6075:00	787	1,800	43.72	305	914	33.37	416	622	66.88	2,295	76.50	296	818	1,114	37.13	451	360	212	136	539	 	 	8
2015	12020	1126	Holy Family	-	Opponent Totals	-	-	-	-	-	6075:00	732	1,848	39.61	204	609	33.50	411	615	66.83	2,079	69.30	406	823	1,229	40.97	429	444	196	38	573	 	 	20
2015	12020	30175	Holy Names	-	Totals	-	-	-	-	-	5600:00	688	1,609	42.76	177	543	32.60	354	532	66.54	1,907	68.11	278	573	851	30.39	385	407	170	56	538	 	 	10
2015	12020	30175	Holy Names	-	Opponent Totals	-	-	-	-	-	5600:00	816	1,618	50.43	186	476	39.08	459	652	70.40	2,277	81.32	331	731	1,062	37.93	418	388	217	81	492	 	 	9
2015	12020	291	Humboldt St.	-	Totals	-	-	-	-	-	6126:00	876	1,829	47.90	223	607	36.74	480	655	73.28	2,455	81.83	348	661	1,009	33.63	413	383	248	106	559	 	 	16
2015	12020	291	Humboldt St.	-	Opponent Totals	-	-	-	-	-	6124:00	793	1,674	47.37	167	457	36.54	450	646	69.66	2,203	73.43	316	699	1,015	33.83	327	509	190	65	579	 	 	11
2015	12020	30050	Ill.-Springfield	-	Totals	-	-	-	-	-	5226:00	606	1,431	42.35	174	491	35.44	420	602	69.77	1,806	69.46	221	674	895	34.42	329	327	164	61	474	 	 	11
2015	12020	30050	Ill.-Springfield	-	Opponent Totals	-	-	-	-	-	5225:00	660	1,511	43.68	206	562	36.65	344	483	71.22	1,870	71.92	241	686	927	35.65	355	342	175	80	502	 	 	16
2015	12020	307	Indiana (PA)	-	Totals	-	-	-	-	-	6075:00	809	1,663	48.65	227	593	38.28	419	539	77.74	2,264	75.47	314	719	1,033	34.43	462	383	200	102	529	 	 	12
2015	12020	307	Indiana (PA)	-	Opponent Totals	-	-	-	-	-	6075:00	660	1,638	40.29	164	499	32.87	369	531	69.49	1,853	61.77	334	578	912	30.40	367	434	150	62	531	 	 	10
2015	12020	323	Johnson C. Smith	-	Totals	-	-	-	-	-	5625:00	800	1,651	48.46	152	425	35.76	458	670	68.36	2,210	78.93	323	707	1,030	36.79	494	434	176	138	514	 	 	13
2015	12020	323	Johnson C. Smith	-	Opponent Totals	-	-	-	-	-	5625:00	775	1,740	44.54	215	615	34.96	425	669	63.53	2,190	78.21	400	641	1,041	37.18	422	409	215	76	536	 	 	10
2015	12020	332	Kentucky St.	-	Totals	-	-	-	-	-	5475:00	647	1,537	42.09	140	419	33.41	407	601	67.72	1,841	68.19	282	692	974	36.07	322	393	163	89	480	 	 	4
2015	12020	332	Kentucky St.	-	Opponent Totals	-	-	-	-	-	5475:00	701	1,637	42.82	127	389	32.65	403	603	66.83	1,932	71.56	336	698	1,034	38.30	257	338	208	105	511	 	 	9
2015	12020	30051	King (TN)	-	Totals	-	-	-	-	-	5674:00	790	1,727	45.74	363	924	39.29	450	624	72.12	2,393	85.46	314	693	1,007	35.96	459	359	290	101	508	 	 	5
2015	12020	30051	King (TN)	-	Opponent Totals	-	-	-	-	-	5674:00	672	1,588	42.32	192	623	30.82	379	566	66.96	1,915	68.39	335	716	1,051	37.54	374	540	167	82	537	 	 	12
2015	12020	339	Kutztown	-	Totals	-	-	-	-	-	6200:00	788	1,662	47.41	159	451	35.25	552	750	73.60	2,287	76.23	260	751	1,011	33.70	480	411	213	129	611	 	 	17
2015	12020	339	Kutztown	-	Opponent Totals	-	-	-	-	-	6200:00	741	1,741	42.56	162	496	32.66	517	740	69.86	2,161	72.03	344	708	1,052	35.07	364	428	199	76	625	 	 	16
2015	12020	333	Ky. Wesleyan	-	Totals	-	-	-	-	-	6025:00	826	1,704	48.47	165	463	35.64	447	602	74.25	2,264	75.47	358	709	1,067	35.57	448	402	249	80	611	 	 	9
2015	12020	333	Ky. Wesleyan	-	Opponent Totals	-	-	-	-	-	6024:00	607	1,446	41.98	180	535	33.64	484	703	68.85	1,878	62.60	253	598	851	28.37	311	492	148	62	518	 	 	7
2015	12020	362	LIU Post	-	Totals	-	-	-	-	-	5850:00	756	1,742	43.40	152	486	31.28	436	685	63.65	2,100	72.41	374	854	1,228	42.34	377	425	196	113	594	 	 	11
2015	12020	362	LIU Post	-	Opponent Totals	-	-	-	-	-	5850:00	669	1,726	38.76	230	668	34.43	436	633	68.88	2,004	69.10	298	742	1,040	35.86	331	407	198	133	605	 	 	23
2015	12020	2746	Lake Erie	-	Totals	-	-	-	-	-	5274:00	631	1,453	43.43	233	632	36.87	311	443	70.20	1,806	69.46	219	639	858	33.00	310	321	184	68	506	 	 	15
2015	12020	2746	Lake Erie	-	Opponent Totals	-	-	-	-	-	5275:00	615	1,411	43.59	151	472	31.99	402	570	70.53	1,783	68.58	260	677	937	36.04	283	353	160	88	425	 	 	8
2015	12020	345	Lake Superior St.	-	Totals	-	-	-	-	-	5826:00	726	1,602	45.32	230	635	36.22	425	597	71.19	2,107	72.66	286	708	994	34.28	431	330	235	119	541	 	 	14
2015	12020	345	Lake Superior St.	-	Opponent Totals	-	-	-	-	-	5825:00	635	1,522	41.72	177	542	32.66	383	568	67.43	1,830	63.10	288	684	972	33.52	364	427	179	74	522	 	 	7
2015	12020	1167	Lander	-	Totals	-	-	-	-	-	5625:00	715	1,721	41.55	147	470	31.28	550	811	67.82	2,127	75.96	437	675	1,112	39.71	348	370	232	103	533	 	 	19
2015	12020	1167	Lander	-	Opponent Totals	-	-	-	-	-	5625:00	718	1,618	44.38	184	522	35.25	404	573	70.51	2,024	72.29	320	710	1,030	36.79	367	474	187	94	650	 	 	22
2015	12020	347	Lane	-	Totals	-	-	-	-	-	5300:00	666	1,608	41.42	112	371	30.19	416	665	62.56	1,860	71.54	330	617	947	36.42	271	447	269	73	593	 	 	33
2015	12020	347	Lane	-	Opponent Totals	-	-	-	-	-	5300:00	610	1,445	42.21	157	512	30.66	496	765	64.84	1,873	72.04	301	700	1,001	38.50	313	489	225	96	561	 	 	15
2015	12020	349	Le Moyne	-	Totals	-	-	-	-	-	5800:00	700	1,518	46.11	157	459	34.20	382	524	72.90	1,941	66.93	248	720	968	33.38	324	353	189	94	384	 	 	6
2015	12020	349	Le Moyne	-	Opponent Totals	-	-	-	-	-	5800:00	717	1,676	42.78	259	729	35.53	262	378	69.31	1,955	67.41	304	650	954	32.90	435	343	201	73	474	 	 	10
2015	12020	350	LeMoyne-Owen	-	Totals	-	-	-	-	-	5725:00	754	1,722	43.79	161	499	32.26	466	658	70.82	2,135	76.25	354	731	1,085	38.75	357	418	222	138	579	 	 	11
2015	12020	350	LeMoyne-Owen	-	Opponent Totals	-	-	-	-	-	5725:00	728	1,729	42.11	199	542	36.72	448	677	66.17	2,103	75.11	377	699	1,076	38.43	381	418	200	80	518	 	 	6
2015	12020	30013	Lee	-	Totals	-	-	-	-	-	6450:00	823	1,764	46.66	216	587	36.80	521	741	70.31	2,383	74.47	332	816	1,148	35.88	380	511	218	81	611	 	 	4
2015	12020	30013	Lee	-	Opponent Totals	-	-	-	-	-	6450:00	808	1,864	1,392.34	213	600	1,117.10	505	688	2,297.26	2,336	2,336.00	308	703	1,011	31.59	407	410	240	114	637	 	 	15
2015	12020	13302	Lees-McRae	-	Totals	-	-	-	-	-	5724:00	792	1,791	44.22	205	599	34.22	515	717	71.83	2,304	82.29	383	615	998	35.64	375	342	286	90	610	 	 	13
2015	12020	13302	Lees-McRae	-	Opponent Totals	-	-	-	-	-	5727:00	746	1,570	47.52	192	553	34.72	526	763	68.94	2,210	78.93	334	737	1,071	38.25	358	519	149	82	555	 	 	14
2015	12020	1170	Lenoir-Rhyne	-	Totals	-	-	-	-	-	5325:00	594	1,351	43.97	183	455	40.22	326	482	67.63	1,697	65.27	250	616	866	33.31	314	386	123	94	468	 	 	8
2015	12020	1170	Lenoir-Rhyne	-	Opponent Totals	-	-	-	-	-	5323:00	622	1,478	42.08	202	564	35.82	388	540	71.85	1,834	70.54	321	601	922	35.46	354	289	207	81	487	 	 	9
2015	12020	354	Lewis	-	Totals	-	-	-	-	-	6225:00	856	1,747	49.00	208	572	36.36	467	644	72.52	2,387	77.00	314	778	1,092	35.23	400	346	216	117	561	 	 	6
2015	12020	354	Lewis	-	Opponent Totals	-	-	-	-	-	6225:00	681	1,679	40.56	244	709	34.41	458	620	73.87	2,064	66.58	287	667	954	30.77	399	396	169	97	579	 	 	10
2015	12020	1174	Limestone	-	Totals	-	-	-	-	-	5852:00	635	1,542	41.18	221	650	34.00	416	607	68.53	1,907	65.76	300	745	1,045	36.03	304	426	130	79	499	 	 	10
2015	12020	1174	Limestone	-	Opponent Totals	-	-	-	-	-	5847:00	741	1,713	43.26	206	600	34.33	385	545	70.64	2,073	71.48	307	713	1,020	35.17	320	304	200	85	551	 	 	10
2015	12020	356	Lincoln (MO)	-	Totals	-	-	-	-	-	5625:00	628	1,416	44.35	167	459	36.38	361	507	71.20	1,784	63.71	224	565	789	28.18	289	422	139	29	550	 	 	17
2015	12020	356	Lincoln (MO)	-	Opponent Totals	-	-	-	-	-	5625:00	731	1,518	48.16	212	550	38.55	449	619	72.54	2,123	75.82	268	633	901	32.18	374	322	185	83	506	 	 	12
2015	12020	357	Lincoln (PA)	-	Totals	-	-	-	-	-	5475:00	631	1,469	42.95	130	422	30.81	531	791	67.13	1,923	71.22	374	633	1,007	37.30	303	433	177	125	637	 	 	19
2015	12020	357	Lincoln (PA)	-	Opponent Totals	-	-	-	-	-	5475:00	628	1,444	43.49	144	429	33.57	506	745	67.92	1,906	70.59	317	602	919	34.04	309	419	173	83	619	 	 	23
2015	12020	1176	Lincoln Memorial	-	Totals	-	-	-	-	-	5800:00	857	1,709	50.15	216	518	41.70	445	697	63.85	2,375	81.90	377	871	1,248	43.03	460	339	203	129	555	 	 	6
2015	12020	1176	Lincoln Memorial	-	Opponent Totals	-	-	-	-	-	5800:00	618	1,672	36.96	136	508	26.77	435	621	70.05	1,807	62.31	300	628	928	32.00	248	358	142	89	542	 	 	7
2015	12020	30136	Lindenwood (MO)	-	Totals	-	-	-	-	-	5800:00	717	1,494	47.99	248	577	42.98	419	570	73.51	2,101	72.45	230	658	888	30.62	359	301	149	102	465	 	 	6
2015	12020	30136	Lindenwood (MO)	-	Opponent Totals	-	-	-	-	-	5800:00	702	1,514	46.37	169	479	35.28	353	513	68.81	1,926	66.41	236	643	879	30.31	287	313	138	85	528	 	 	9
2015	12020	359	Livingstone	-	Totals	-	-	-	-	-	5850:00	854	1,761	48.50	139	413	33.66	537	792	67.80	2,384	82.21	417	749	1,166	40.21	399	483	225	105	624	 	 	18
2015	12020	359	Livingstone	-	Opponent Totals	-	-	-	-	-	5852:00	785	1,792	43.81	190	554	34.30	528	778	67.87	2,288	78.90	391	633	1,024	35.31	369	432	231	78	635	 	 	18
2015	12020	360	Lock Haven	-	Totals	-	-	-	-	-	5448:00	689	1,632	42.22	126	420	30.00	482	659	73.14	1,986	73.56	269	711	980	36.30	347	403	213	72	536	 	 	13
2015	12020	360	Lock Haven	-	Opponent Totals	-	-	-	-	-	5450:00	751	1,659	45.27	174	534	32.58	489	658	74.32	2,165	80.19	285	769	1,054	39.04	397	409	250	86	535	 	 	13
2015	12020	30177	Lubbock Christian	-	Totals	-	-	-	-	-	5451:00	634	1,437	44.12	154	455	33.85	492	646	76.16	1,914	70.89	238	673	911	33.74	385	376	195	54	540	 	 	15
2015	12020	30177	Lubbock Christian	-	Opponent Totals	-	-	-	-	-	5449:00	594	1,459	40.71	191	618	30.91	450	614	73.29	1,829	67.74	266	649	915	33.89	310	399	181	84	565	 	 	14
2015	12020	20794	Lynn	-	Totals	-	-	-	-	-	6301:00	875	1,982	44.15	210	629	33.39	448	642	69.78	2,408	77.68	488	714	1,202	38.77	428	533	350	188	671	 	 	17
2015	12020	20794	Lynn	-	Opponent Totals	-	-	-	-	-	6303:00	742	1,722	43.09	182	536	33.96	553	785	70.45	2,219	71.58	377	725	1,102	35.55	352	618	253	98	583	 	 	13
2015	12020	30137	Malone	-	Totals	-	-	-	-	-	5650:00	709	1,595	44.45	202	570	35.44	370	533	69.42	1,990	71.07	314	645	959	34.25	366	359	170	85	493	 	 	4
2015	12020	30137	Malone	-	Opponent Totals	-	-	-	-	-	5651:00	733	1,598	45.87	177	528	33.52	439	600	73.17	2,082	74.36	311	646	957	34.18	374	303	211	85	458	 	 	8
2015	12020	384	Mansfield	-	Totals	-	-	-	-	-	5275:00	674	1,455	46.32	177	507	34.91	384	592	64.86	1,909	73.42	293	594	887	34.12	370	461	242	77	577	 	 	16
2015	12020	384	Mansfield	-	Opponent Totals	-	-	-	-	-	5275:00	643	1,435	44.81	183	524	34.92	500	691	72.36	1,969	75.73	288	601	889	34.19	366	413	234	74	515	 	 	6
2015	12020	1199	Mars Hill	-	Totals	-	-	-	-	-	5500:00	677	1,680	40.30	213	641	33.23	365	549	66.48	1,932	71.56	390	662	1,052	38.96	375	381	152	50	510	 	 	9
2015	12020	1199	Mars Hill	-	Opponent Totals	-	-	-	-	-	5500:00	725	1,575	46.03	179	482	37.14	397	560	70.89	2,026	75.04	284	713	997	36.93	332	382	166	70	507	 	 	17
2015	12020	30075	Mary	-	Totals	-	-	-	-	-	5399:00	731	1,589	46.00	175	487	35.93	283	412	68.69	1,920	71.11	265	650	915	33.89	336	300	150	63	523	 	 	6
2015	12020	30075	Mary	-	Opponent Totals	-	-	-	-	-	5401:00	688	1,510	45.56	231	625	36.96	423	566	74.73	2,030	75.19	240	652	892	33.04	363	287	147	74	418	 	 	4
2015	12020	395	Maryville (MO)	-	Totals	-	-	-	-	-	5825:00	722	1,513	47.72	225	607	37.07	346	474	73.00	2,015	69.48	201	674	875	30.17	448	428	172	90	551	 	 	14
2015	12020	395	Maryville (MO)	-	Opponent Totals	-	-	-	-	-	5825:00	706	1,592	44.35	187	538	34.76	432	597	72.36	2,031	70.03	303	665	968	33.38	384	396	203	51	476	 	 	7
2015	12020	30138	McKendree	-	Totals	-	-	-	-	-	5200:00	661	1,427	46.32	180	501	35.93	372	554	67.15	1,874	72.08	278	623	901	34.65	333	363	138	65	400	 	 	1
2015	12020	30138	McKendree	-	Opponent Totals	-	-	-	-	-	5200:00	717	1,554	46.14	180	480	37.50	322	442	72.85	1,936	74.46	277	593	870	33.46	344	297	167	103	493	 	 	9
2015	12020	407	Mercy	-	Totals	-	-	-	-	-	5250:00	665	1,542	43.13	149	402	37.06	365	535	68.22	1,844	70.92	333	597	930	35.77	341	441	197	73	544	 	 	17
2015	12020	407	Mercy	-	Opponent Totals	-	-	-	-	-	5250:00	679	1,429	47.52	203	528	38.45	448	639	70.11	2,009	77.27	264	639	903	34.73	358	425	192	101	523	 	 	10
2015	12020	408	Mercyhurst	-	Totals	-	-	-	-	-	5625:00	661	1,504	43.95	149	440	33.86	397	531	74.76	1,868	66.71	289	590	879	31.39	368	333	207	65	535	 	 	10
2015	12020	408	Mercyhurst	-	Opponent Totals	-	-	-	-	-	5625:00	551	1,341	41.09	159	474	33.54	474	630	75.24	1,735	61.96	282	624	906	32.36	269	454	131	99	508	 	 	8
2015	12020	410	Merrimack	-	Totals	-	-	-	-	-	5625:00	791	1,786	44.29	257	690	37.25	374	513	72.90	2,213	79.04	284	736	1,020	36.43	374	349	217	58	556	 	 	20
2015	12020	410	Merrimack	-	Opponent Totals	-	-	-	-	-	5625:00	738	1,662	44.40	248	724	34.25	415	586	70.82	2,139	76.39	275	793	1,068	38.14	356	437	181	80	496	 	 	6
2015	12020	413	Metro St.	-	Totals	-	-	-	-	-	5875:00	745	1,543	48.28	143	392	36.48	515	721	71.43	2,148	74.07	348	672	1,020	35.17	351	283	182	93	533	 	 	15
2015	12020	413	Metro St.	-	Opponent Totals	-	-	-	-	-	5875:00	596	1,421	41.94	193	556	34.71	381	561	67.91	1,766	60.90	253	565	818	28.21	308	383	118	69	606	 	 	18
2015	12020	417	Michigan Tech	-	Totals	-	-	-	-	-	5625:00	650	1,384	46.97	246	605	40.66	377	493	76.47	1,923	68.68	218	653	871	31.11	411	278	117	71	431	 	 	6
2015	12020	417	Michigan Tech	-	Opponent Totals	-	-	-	-	-	5625:00	632	1,429	44.23	197	546	36.08	354	502	70.52	1,815	64.82	218	578	796	28.43	310	246	163	66	487	 	 	8
2015	12020	1222	Midwestern St.	-	Totals	-	-	-	-	-	6303:00	820	1,836	44.66	198	586	33.79	434	672	64.58	2,272	73.29	463	789	1,252	40.39	435	468	233	148	675	 	 	17
2015	12020	1222	Midwestern St.	-	Opponent Totals	-	-	-	-	-	6297:00	664	1,667	39.83	168	551	30.49	514	734	70.03	2,010	64.84	326	686	1,012	32.65	358	487	207	103	590	 	 	24
2015	12020	422	Miles	-	Totals	-	-	-	-	-	5252:00	625	1,532	40.80	99	363	27.27	402	638	63.01	1,751	67.35	310	651	961	36.96	244	488	206	104	580	 	 	24
2015	12020	422	Miles	-	Opponent Totals	-	-	-	-	-	5252:00	713	1,620	44.01	152	459	33.12	514	760	67.63	2,092	80.46	386	715	1,101	42.35	385	418	263	121	514	 	 	14
2015	12020	423	Millersville	-	Totals	-	-	-	-	-	6126:00	688	1,741	39.52	216	706	30.59	521	700	74.43	2,113	70.43	337	733	1,070	35.67	352	503	278	107	587	 	 	16
2015	12020	423	Millersville	-	Opponent Totals	-	-	-	-	-	6125:00	732	1,752	41.78	185	584	31.68	499	682	73.17	2,148	71.60	367	791	1,158	38.60	383	515	251	114	622	 	 	8
2015	12020	427	Minn. Duluth	-	Totals	-	-	-	-	-	6175:00	729	1,612	45.22	182	523	34.80	422	558	75.63	2,062	68.73	255	740	995	33.17	330	300	114	41	461	 	 	9
2015	12020	427	Minn. Duluth	-	Opponent Totals	-	-	-	-	-	6174:00	779	1,737	44.85	218	595	36.64	303	419	72.32	2,079	69.30	271	704	975	32.50	372	263	140	91	519	 	 	8
2015	12020	383	Minn. St. Mankato	-	Totals	-	-	-	-	-	6450:00	925	1,861	49.70	305	742	41.11	458	648	70.68	2,613	81.66	312	840	1,152	36.00	521	337	171	88	494	 	 	6
2015	12020	383	Minn. St. Mankato	-	Opponent Totals	-	-	-	-	-	6450:00	855	1,876	45.58	211	576	36.63	330	482	68.46	2,251	70.34	260	718	978	30.56	370	348	173	58	561	 	 	8
2015	12020	1240	Minn. St. Moorhead	-	Totals	-	-	-	-	-	7000:00	1,041	2,058	50.58	355	844	42.06	516	680	75.88	2,953	84.37	336	923	1,259	35.97	564	290	198	121	502	 	 	4
2015	12020	1240	Minn. St. Moorhead	-	Opponent Totals	-	-	-	-	-	7000:00	865	2,062	41.95	270	738	36.59	343	494	69.43	2,343	66.94	346	772	1,118	31.94	423	379	153	68	615	 	 	7
2015	12020	27854	Minn.-Crookston	-	Totals	-	-	-	-	-	5676:00	562	1,451	38.73	192	583	32.93	313	460	68.04	1,629	58.18	210	634	844	30.14	241	311	116	40	466	 	 	9
2015	12020	27854	Minn.-Crookston	-	Opponent Totals	-	-	-	-	-	5677:00	731	1,541	47.44	162	466	34.76	340	502	67.73	1,964	70.14	261	749	1,010	36.07	334	253	163	88	442	 	 	7
2015	12020	30125	Minot St.	-	Totals	-	-	-	-	-	5950:00	775	1,655	46.83	213	547	38.94	427	621	68.76	2,190	75.52	297	757	1,054	36.34	379	344	114	62	544	 	 	9
2015	12020	30125	Minot St.	-	Opponent Totals	-	-	-	-	-	5953:00	769	1,690	45.50	243	664	36.60	450	615	73.17	2,231	76.93	257	688	945	32.59	353	289	159	93	549	 	 	9
2015	12020	429	Mississippi Col.	-	Totals	-	-	-	-	-	4850:00	618	1,382	44.72	115	328	35.06	449	647	69.40	1,800	75.00	304	564	868	36.17	314	367	198	42	466	 	 	9
2015	12020	429	Mississippi Col.	-	Opponent Totals	-	-	-	-	-	4849:00	660	1,367	48.28	223	545	40.92	318	457	69.58	1,861	77.54	218	568	786	32.75	382	388	165	97	537	 	 	13
2015	12020	435	Missouri S&T	-	Totals	-	-	-	-	-	5225:00	721	1,718	41.97	190	578	32.87	471	639	73.71	2,103	80.88	394	567	961	36.96	346	415	265	69	705	 	 	38
2015	12020	435	Missouri S&T	-	Opponent Totals	-	-	-	-	-	5225:00	699	1,408	49.64	165	426	38.73	599	856	69.98	2,162	83.15	281	675	956	36.77	425	498	175	111	549	 	 	11
2015	12020	9012	Mo. Southern St.	-	Totals	-	-	-	-	-	6226:00	787	1,699	46.32	208	570	36.49	630	851	74.03	2,412	77.81	325	757	1,082	34.90	333	413	164	101	674	 	 	25
2015	12020	9012	Mo. Southern St.	-	Opponent Totals	-	-	-	-	-	6223:00	775	1,760	1,367.14	179	556	1,026.10	549	785	2,171.39	2,278	2,278.00	343	712	1,055	34.03	367	397	134	62	686	 	 	24
2015	12020	9013	Mo. Western St.	-	Totals	-	-	-	-	-	5473:00	632	1,466	43.11	168	494	34.01	370	546	67.77	1,802	66.74	260	645	905	33.52	288	341	179	57	530	 	 	11
2015	12020	9013	Mo. Western St.	-	Opponent Totals	-	-	-	-	-	5476:00	609	1,380	44.13	164	462	35.50	449	647	69.40	1,831	67.81	240	675	915	33.89	273	362	173	77	486	 	 	9
2015	12020	436	Mo.-St. Louis	-	Totals	-	-	-	-	-	6050:00	787	1,672	47.07	249	626	39.78	447	609	73.40	2,270	75.67	273	763	1,036	34.53	458	355	158	64	504	 	 	5
2015	12020	436	Mo.-St. Louis	-	Opponent Totals	-	-	-	-	-	6050:00	743	1,694	43.86	208	595	34.96	411	571	71.98	2,105	70.17	272	703	975	32.50	379	350	196	69	519	 	 	9
2015	12020	437	Molloy	-	Totals	-	-	-	-	-	5825:00	735	1,761	41.74	182	556	32.73	450	582	77.32	2,102	72.48	304	692	996	34.34	316	323	190	106	539	 	 	16
2015	12020	437	Molloy	-	Opponent Totals	-	-	-	-	-	5825:00	723	1,647	43.90	202	550	36.73	420	619	67.85	2,074	71.52	326	796	1,122	38.69	303	420	152	83	514	 	 	6
2015	12020	205	Mont. St. Billings	-	Totals	-	-	-	-	-	5705:00	700	1,580	44.30	179	519	34.49	381	580	65.69	1,960	70.00	257	659	916	32.71	321	355	108	48	544	 	 	15
2015	12020	205	Mont. St. Billings	-	Opponent Totals	-	-	-	-	-	5705:00	804	1,718	46.80	204	553	36.89	386	549	70.31	2,198	78.50	279	675	954	34.07	382	275	176	107	540	 	 	12
2015	12020	1238	Montevallo	-	Totals	-	-	-	-	-	7151:00	945	1,955	48.34	266	672	39.58	506	817	61.93	2,662	76.06	387	952	1,339	38.26	509	504	229	120	605	 	 	20
2015	12020	1238	Montevallo	-	Opponent Totals	-	-	-	-	-	7148:00	865	2,070	41.79	244	733	33.29	460	678	67.85	2,434	69.54	367	809	1,176	33.60	428	450	231	107	673	 	 	22
2015	12020	445	Morehouse	-	Totals	-	-	-	-	-	5650:00	651	1,529	42.58	142	420	33.81	438	691	63.39	1,882	67.21	367	757	1,124	40.14	293	424	165	96	547	 	 	10
2015	12020	445	Morehouse	-	Opponent Totals	-	-	-	-	-	5650:00	631	1,596	39.54	151	489	30.88	415	636	65.25	1,828	65.29	330	647	977	977.00	319	358	199	83	542	 	 	7
2015	12020	1245	Mount Olive	-	Totals	-	-	-	-	-	7022:00	994	2,024	49.11	242	638	37.93	516	742	69.54	2,746	78.46	387	825	1,212	34.63	623	449	304	189	650	 	 	12
2015	12020	1245	Mount Olive	-	Opponent Totals	-	-	-	-	-	7026:00	789	1,937	40.73	196	590	33.22	558	777	71.81	2,332	66.63	422	757	1,179	33.69	384	570	264	120	642	 	 	12
2015	12020	8577	N.M. Highlands	-	Totals	-	-	-	-	-	5226:00	636	1,533	41.49	201	599	33.56	444	636	69.81	1,919	73.81	305	614	919	35.35	284	357	139	79	594	 	 	21
2015	12020	8577	N.M. Highlands	-	Opponent Totals	-	-	-	-	-	5225:00	719	1,511	47.58	220	556	39.57	556	762	72.97	2,214	85.15	274	660	934	35.92	398	301	158	75	530	 	 	12
2015	12020	477	NYIT	-	Totals	-	-	-	-	-	5950:00	810	1,759	46.05	254	668	38.02	455	613	74.23	2,329	80.31	319	778	1,097	37.83	370	375	108	126	495	 	 	5
2015	12020	477	NYIT	-	Opponent Totals	-	-	-	-	-	5949:00	864	1,918	45.05	236	613	38.50	370	534	69.29	2,334	80.48	367	724	1,091	37.62	438	289	184	75	535	 	 	9
2015	12020	1156	Neb.-Kearney	-	Totals	-	-	-	-	-	5650:00	755	1,541	48.99	203	520	39.04	484	641	75.51	2,197	78.46	232	684	916	32.71	407	343	154	113	501	 	 	13
2015	12020	1156	Neb.-Kearney	-	Opponent Totals	-	-	-	-	-	5648:00	764	1,646	46.42	167	439	38.04	400	552	72.46	2,095	74.82	269	641	910	32.50	365	320	183	97	558	 	 	9
2015	12020	470	New Haven	-	Totals	-	-	-	-	-	5423:00	623	1,482	42.04	187	581	32.19	269	405	66.42	1,702	63.04	279	712	991	36.70	340	301	107	72	412	 	 	8
2015	12020	470	New Haven	-	Opponent Totals	-	-	-	-	-	5425:00	616	1,472	41.85	198	579	34.20	264	380	69.47	1,694	62.74	207	666	873	32.33	305	247	142	63	447	 	 	11
2015	12020	1257	Newberry	-	Totals	-	-	-	-	-	5983:00	913	1,973	46.27	334	935	35.72	471	661	71.26	2,631	90.72	368	768	1,136	39.17	516	417	275	50	554	 	 	8
2015	12020	1257	Newberry	-	Opponent Totals	-	-	-	-	-	5977:00	864	1,838	47.01	262	697	37.59	400	610	65.57	2,390	82.41	325	810	1,135	39.14	476	538	231	103	602	 	 	19
2015	12020	30054	Newman	-	Totals	-	-	-	-	-	5101:00	694	1,559	44.52	195	584	33.39	495	646	76.63	2,078	83.12	256	621	877	35.08	396	309	210	58	523	 	 	16
2015	12020	30054	Newman	-	Opponent Totals	-	-	-	-	-	5102:00	692	1,513	45.74	153	467	32.76	450	623	72.23	1,987	79.48	292	663	955	38.20	338	403	161	48	528	 	 	10
2015	12020	487	North Ala.	-	Totals	-	-	-	-	-	5874:00	803	1,763	45.55	211	619	34.09	459	660	69.55	2,276	78.48	386	791	1,177	40.59	401	468	181	84	525	 	 	15
2015	12020	487	North Ala.	-	Opponent Totals	-	-	-	-	-	5876:00	821	1,862	44.09	248	700	35.43	394	554	71.12	2,284	78.76	344	703	1,047	36.10	461	372	226	89	568	 	 	12
2015	12020	30052	North Georgia	-	Totals	-	-	-	-	-	5226:00	705	1,531	46.05	172	464	37.07	454	634	71.61	2,036	78.31	292	722	1,014	39.00	342	388	135	108	523	 	 	13
2015	12020	30052	North Georgia	-	Opponent Totals	-	-	-	-	-	5225:00	706	1,621	43.55	189	507	37.28	419	631	66.40	2,020	77.69	318	627	945	36.35	298	318	178	96	535	 	 	19
2015	12020	9223	North Greenville	-	Totals	-	-	-	-	-	6426:00	852	1,688	50.47	207	542	38.19	520	735	70.75	2,431	78.42	328	834	1,162	37.48	400	487	174	127	549	 	 	9
2015	12020	9223	North Greenville	-	Opponent Totals	-	-	-	-	-	6423:00	773	1,928	40.09	242	742	32.61	397	567	70.02	2,185	70.48	402	619	1,021	32.94	379	400	200	58	616	 	 	15
2015	12020	12810	Northeastern St.	-	Totals	-	-	-	-	-	5425:00	620	1,522	40.74	202	561	36.01	395	576	68.58	1,837	68.04	266	544	810	30.00	325	371	216	43	612	 	 	29
2015	12020	12810	Northeastern St.	-	Opponent Totals	-	-	-	-	-	5425:00	674	1,358	49.63	253	597	42.38	505	737	68.52	2,106	78.00	272	740	1,012	37.48	407	470	184	91	549	 	 	13
2015	12020	506	Northern Mich.	-	Totals	-	-	-	-	-	5674:00	648	1,471	44.05	150	455	32.97	277	397	69.77	1,723	61.54	267	605	872	31.14	319	351	140	97	475	 	 	12
2015	12020	506	Northern Mich.	-	Opponent Totals	-	-	-	-	-	5673:00	678	1,516	44.72	185	500	37.00	356	495	71.92	1,897	67.75	302	612	914	32.64	408	298	177	83	426	 	 	4
2015	12020	1266	Northern St.	-	Totals	-	-	-	-	-	6301:00	808	1,681	48.07	232	611	37.97	502	709	70.80	2,350	75.81	290	768	1,058	34.13	423	354	178	92	565	 	 	15
2015	12020	1266	Northern St.	-	Opponent Totals	-	-	-	-	-	6299:00	744	1,693	43.95	221	594	37.21	464	635	73.07	2,173	70.10	272	680	952	30.71	323	366	179	70	636	 	 	22
2015	12020	507	Northwest Mo. St.	-	Totals	-	-	-	-	-	6450:00	820	1,686	48.64	255	597	42.71	434	608	71.38	2,329	72.78	243	694	937	29.28	371	294	204	72	516	 	 	18
2015	12020	507	Northwest Mo. St.	-	Opponent Totals	-	-	-	-	-	6450:00	734	1,591	46.13	187	526	35.55	387	549	70.49	2,042	63.81	247	714	961	30.03	279	413	161	100	577	 	 	10
2015	12020	1274	Northwest Nazarene	-	Totals	-	-	-	-	-	6049:00	724	1,548	46.77	208	559	37.21	467	632	73.89	2,123	70.77	297	698	995	33.17	377	499	199	113	590	 	 	12
2015	12020	1274	Northwest Nazarene	-	Opponent Totals	-	-	-	-	-	6052:00	737	1,694	43.51	227	639	35.52	501	671	74.66	2,202	73.40	334	593	927	30.90	378	380	223	65	563	 	 	17
2015	12020	30178	Northwestern Okla.	-	Totals	-	-	-	-	-	5624:00	654	1,667	39.23	166	540	30.74	377	567	66.49	1,851	66.11	312	683	995	35.54	322	333	160	42	570	 	 	14
2015	12020	30178	Northwestern Okla.	-	Opponent Totals	-	-	-	-	-	5624:00	735	1,569	46.85	246	625	39.36	425	654	64.98	2,141	76.46	281	809	1,090	38.93	389	356	152	94	543	 	 	13
2015	12020	510	Northwood (MI)	-	Totals	-	-	-	-	-	5900:00	795	1,719	46.25	173	547	31.63	421	576	73.09	2,184	75.31	282	697	979	33.76	441	322	239	83	495	 	 	9
2015	12020	510	Northwood (MI)	-	Opponent Totals	-	-	-	-	-	5900:00	756	1,666	45.38	215	601	35.77	426	594	71.72	2,153	74.24	308	724	1,032	35.59	417	378	165	86	491	 	 	9
2015	12020	30126	Notre Dame (OH)	-	Totals	-	-	-	-	-	5675:00	808	1,823	44.32	224	669	33.48	449	625	71.84	2,289	81.75	340	682	1,022	36.50	393	321	234	72	543	 	 	17
2015	12020	30126	Notre Dame (OH)	-	Opponent Totals	-	-	-	-	-	5675:00	818	1,721	47.53	234	620	37.74	444	626	70.93	2,314	82.64	311	786	1,097	39.18	467	399	172	101	552	 	 	11
2015	12020	30056	Notre Dame de Namur	-	Totals	-	-	-	-	-	5199:00	559	1,304	42.87	119	348	34.20	377	550	68.55	1,614	62.08	234	537	771	29.65	270	365	114	51	423	 	 	7
2015	12020	30056	Notre Dame de Namur	-	Opponent Totals	-	-	-	-	-	5200:00	684	1,439	47.53	194	504	38.49	333	451	73.84	1,895	72.88	257	590	847	32.58	364	297	168	75	487	 	 	7
2015	12020	24639	Nova Southeastern	-	Totals	-	-	-	-	-	5649:00	673	1,493	45.08	311	809	38.44	322	441	73.02	1,979	70.68	223	609	832	29.71	413	356	219	44	414	 	 	11
2015	12020	24639	Nova Southeastern	-	Opponent Totals	-	-	-	-	-	5650:00	721	1,589	45.37	264	748	35.29	307	451	68.07	2,013	71.89	334	663	997	35.61	471	398	212	63	427	 	 	6
2015	12020	1277	Nyack	-	Totals	-	-	-	-	-	5249:00	630	1,548	40.70	152	497	30.58	358	554	64.62	1,770	68.08	336	578	914	35.15	293	394	202	54	533	 	 	12
2015	12020	1277	Nyack	-	Opponent Totals	-	-	-	-	-	5252:00	671	1,411	47.55	159	469	33.90	422	621	67.95	1,923	73.96	271	686	957	36.81	334	440	192	121	510	 	 	7
2015	12020	1278	Oakland City	-	Totals	-	-	-	-	-	4800:00	744	1,497	49.70	171	466	36.70	377	513	73.49	2,036	84.83	255	655	910	37.92	461	326	201	124	374	 	 	9
2015	12020	1278	Oakland City	-	Opponent Totals	-	-	-	-	-	4800:00	655	1,495	43.81	214	587	36.46	258	398	64.82	1,782	74.25	260	571	831	34.62	331	372	183	50	442	 	 	12
2015	12020	30119	Ohio Dominican	-	Totals	-	-	-	-	-	5277:00	628	1,445	43.46	160	481	33.26	396	545	72.66	1,812	69.69	233	618	851	32.73	350	346	141	62	505	 	 	12
2015	12020	30119	Ohio Dominican	-	Opponent Totals	-	-	-	-	-	5272:00	706	1,501	47.04	177	487	36.34	397	573	69.28	1,986	76.38	277	673	950	36.54	329	311	158	92	502	 	 	9
2015	12020	15207	Ohio Valley	-	Totals	-	-	-	-	-	5424:00	729	1,678	43.44	191	573	33.33	385	558	69.00	2,034	75.33	307	712	1,019	37.74	364	425	200	124	592	 	 	21
2015	12020	15207	Ohio Valley	-	Opponent Totals	-	-	-	-	-	5425:00	744	1,667	44.63	183	530	34.53	478	695	68.78	2,149	79.59	327	747	1,074	39.78	349	394	209	85	504	 	 	13
2015	12020	30179	Okla. Christian	-	Totals	-	-	-	-	-	5252:00	606	1,417	42.77	153	462	33.12	344	488	70.49	1,709	65.73	205	698	903	34.73	350	380	103	95	382	 	 	3
2015	12020	30179	Okla. Christian	-	Opponent Totals	-	-	-	-	-	5249:00	691	1,623	42.58	248	706	35.13	284	399	71.18	1,914	73.62	292	684	976	37.54	402	293	223	57	459	 	 	6
2015	12020	24342	Okla. Panhandle	-	Totals	-	-	-	-	-	5451:00	586	1,557	37.64	225	709	31.73	525	729	72.02	1,922	71.19	235	549	784	29.04	305	373	160	48	525	 	 	8
2015	12020	24342	Okla. Panhandle	-	Opponent Totals	-	-	-	-	-	5449:00	874	1,708	51.17	252	606	41.58	434	603	71.97	2,434	90.15	324	780	1,104	40.89	523	350	207	69	591	 	 	16
2015	12020	1289	Ouachita Baptist	-	Totals	-	-	-	-	-	5250:00	722	1,550	46.58	187	496	37.70	396	538	73.61	2,027	77.96	292	653	945	36.35	418	335	219	72	534	 	 	19
2015	12020	1289	Ouachita Baptist	-	Opponent Totals	-	-	-	-	-	5250:00	606	1,440	42.08	211	568	37.15	395	566	69.79	1,818	69.92	269	593	862	33.15	293	408	138	87	452	 	 	17
2015	12020	2682	P.R.-Bayamon	-	Totals	-	-	-	-	-	2000:00	237	551	43.01	65	210	30.95	115	183	62.84	654	65.40	90	221	311	31.10	116	158	79	21	213	 	 	3
2015	12020	2682	P.R.-Bayamon	-	Opponent Totals	-	-	-	-	-	2000:00	260	561	46.35	60	182	32.97	177	261	67.82	757	75.70	133	260	393	39.30	128	157	94	29	166	 	 	3
2015	12020	24361	P.R.-Mayaguez	-	Totals	-	-	-	-	-	1850:00	230	557	41.29	59	191	30.89	133	199	66.83	652	72.44	107	189	296	32.89	110	155	92	21	195	 	 	7
2015	12020	24361	P.R.-Mayaguez	-	Opponent Totals	-	-	-	-	-	1851:00	280	539	51.95	85	192	44.27	141	203	69.46	786	87.33	106	256	362	40.22	170	172	81	45	177	 	 	3
2015	12020	2716	P.R.-Rio Piedras	-	Totals	-	-	-	-	-	2023:00	240	572	41.96	82	244	33.61	129	184	70.11	691	69.10	84	191	275	27.50	125	146	87	10	189	 	 	2
2015	12020	2716	P.R.-Rio Piedras	-	Opponent Totals	-	-	-	-	-	2025:00	265	557	47.58	67	181	37.02	165	241	68.46	762	76.20	143	282	425	42.50	157	183	71	29	176	 	 	2
2015	12020	533	Pace	-	Totals	-	-	-	-	-	5199:00	561	1,468	38.22	156	552	28.26	279	391	71.36	1,557	59.88	250	576	826	31.77	266	339	125	51	432	 	 	11
2015	12020	533	Pace	-	Opponent Totals	-	-	-	-	-	5200:00	706	1,497	47.16	175	499	35.07	319	459	69.50	1,906	73.31	279	717	996	38.31	383	307	183	69	411	 	 	5
2015	12020	535	Paine	-	Totals	-	-	-	-	-	5900:00	835	1,736	48.10	187	501	37.33	511	761	67.15	2,368	81.66	322	776	1,098	37.86	427	424	210	137	549	 	 	14
2015	12020	535	Paine	-	Opponent Totals	-	-	-	-	-	5900:00	775	1,782	43.49	179	522	34.29	432	633	68.25	2,161	74.52	288	689	977	33.69	327	405	227	79	606	 	 	19
2015	12020	30045	Palm Beach Atl.	-	Totals	-	-	-	-	-	5251:00	661	1,551	42.62	199	591	33.67	342	505	67.72	1,863	71.65	306	640	946	36.38	387	388	192	55	481	 	 	5
2015	12020	30045	Palm Beach Atl.	-	Opponent Totals	-	-	-	-	-	5250:00	652	1,492	43.70	195	610	31.97	388	558	69.53	1,887	72.58	264	649	913	35.12	377	382	213	107	482	 	 	12
2015	12020	542	Pfeiffer	-	Totals	-	-	-	-	-	5699:00	688	1,528	45.03	159	438	36.30	451	663	68.02	1,986	70.93	331	776	1,107	39.54	321	446	153	146	517	 	 	14
2015	12020	542	Pfeiffer	-	Opponent Totals	-	-	-	-	-	5697:00	654	1,715	38.13	216	657	32.88	421	593	70.99	1,945	69.46	379	618	997	35.61	348	347	198	126	526	 	 	11
2015	12020	543	Philadelphia U.	-	Totals	-	-	-	-	-	6325:00	811	1,702	47.65	199	554	35.92	419	561	74.69	2,246	72.45	310	775	1,085	35.00	362	324	153	117	418	 	 	6
2015	12020	543	Philadelphia U.	-	Opponent Totals	-	-	-	-	-	6325:00	789	1,874	42.10	181	551	32.85	276	407	67.81	2,035	65.65	369	665	1,034	33.35	378	284	167	77	498	 	 	10
2015	12020	546	Pitt.-Johnstown	-	Totals	-	-	-	-	-	5425:00	682	1,482	46.02	199	482	41.29	420	571	73.56	1,983	73.44	265	614	879	32.56	400	400	154	89	446	 	 	10
2015	12020	546	Pitt.-Johnstown	-	Opponent Totals	-	-	-	-	-	5425:00	718	1,583	45.36	145	446	32.51	394	520	75.77	1,975	73.15	319	617	936	34.67	390	376	245	85	522	 	 	10
2015	12020	1314	Pittsburg St.	-	Totals	-	-	-	-	-	6398:00	779	1,614	48.27	159	416	38.22	569	775	73.42	2,286	71.44	272	724	996	31.12	393	452	235	63	644	 	 	19
2015	12020	1314	Pittsburg St.	-	Opponent Totals	-	-	-	-	-	6404:00	698	1,562	44.69	209	598	34.95	514	734	70.03	2,119	66.22	248	662	910	28.44	377	489	187	89	682	 	 	28
2015	12020	30149	Point Loma	-	Totals	-	-	-	-	-	5600:00	716	1,503	47.64	239	571	41.86	382	533	71.67	2,053	70.79	248	664	912	31.45	433	368	194	65	506	 	 	6
2015	12020	30149	Point Loma	-	Opponent Totals	-	-	-	-	-	5800:00	656	1,524	43.04	168	510	32.94	367	527	69.64	1,847	63.69	304	622	926	31.93	333	416	188	91	518	 	 	9
2015	12020	1318	Post	-	Totals	-	-	-	-	-	5000:00	638	1,563	40.82	194	551	35.21	306	436	70.18	1,776	71.04	345	594	939	37.56	311	309	184	57	439	 	 	8
2015	12020	1318	Post	-	Opponent Totals	-	-	-	-	-	5000:00	657	1,430	45.94	127	401	31.67	317	472	67.16	1,758	70.32	273	651	924	36.96	284	360	167	79	405	 	 	4
2015	12020	11504	Queens (NC)	-	Totals	-	-	-	-	-	5601:00	766	1,569	48.82	182	489	37.22	436	666	65.47	2,150	76.79	304	668	972	34.71	400	400	241	99	573	 	 	16
2015	12020	11504	Queens (NC)	-	Opponent Totals	-	-	-	-	-	5601:00	702	1,580	44.43	178	516	34.50	446	648	68.83	2,028	72.43	338	637	975	34.82	358	438	189	109	540	 	 	12
2015	12020	560	Queens (NY)	-	Totals	-	-	-	-	-	5224:00	646	1,487	43.44	232	621	37.36	297	432	68.75	1,821	70.04	268	590	858	33.00	311	368	181	86	560	 	 	16
2015	12020	560	Queens (NY)	-	Opponent Totals	-	-	-	-	-	5224:00	641	1,424	45.01	173	476	36.34	495	698	70.92	1,950	75.00	300	641	941	36.19	339	358	178	55	434	 	 	8
2015	12020	561	Quincy	-	Totals	-	-	-	-	-	5723:00	811	1,679	48.30	171	488	35.04	449	675	66.52	2,244	80.14	304	752	1,056	37.71	430	428	223	121	515	 	 	11
2015	12020	561	Quincy	-	Opponent Totals	-	-	-	-	-	5725:00	743	1,717	43.27	220	620	35.48	457	617	74.07	2,163	77.25	310	682	992	35.43	367	419	232	77	555	 	 	21
2015	12020	568	Regis (CO)	-	Totals	-	-	-	-	-	5251:00	579	1,291	44.85	132	376	35.11	335	485	69.07	1,625	62.50	205	567	772	29.69	302	396	108	90	516	 	 	18
2015	12020	568	Regis (CO)	-	Opponent Totals	-	-	-	-	-	5250:00	695	1,447	48.03	179	449	39.87	398	571	69.70	1,967	75.65	274	590	864	33.23	334	272	213	66	484	 	 	7
2015	12020	30150	Roberts Wesleyan	-	Totals	-	-	-	-	-	5025:00	654	1,501	43.57	157	468	33.55	278	438	63.47	1,743	69.72	278	656	934	37.36	326	324	141	71	460	 	 	5
2015	12020	30150	Roberts Wesleyan	-	Opponent Totals	-	-	-	-	-	5025:00	632	1,470	42.99	184	471	39.07	355	502	70.72	1,803	72.12	242	634	876	35.04	307	282	169	83	402	 	 	4
2015	12020	1328	Rockhurst	-	Totals	-	-	-	-	-	5600:00	667	1,650	40.42	180	551	32.67	366	509	71.91	1,880	67.14	333	688	1,021	36.46	366	377	126	87	529	 	 	10
2015	12020	1328	Rockhurst	-	Opponent Totals	-	-	-	-	-	5600:00	750	1,643	45.65	222	588	37.76	436	614	71.01	2,158	77.07	297	719	1,016	36.29	432	283	200	77	456	 	 	9
2015	12020	30180	Rogers St.	-	Totals	-	-	-	-	-	5651:00	739	1,582	46.71	178	487	36.55	601	776	77.45	2,257	80.61	387	676	1,063	37.96	368	399	211	72	571	 	 	8
2015	12020	30180	Rogers St.	-	Opponent Totals	-	-	-	-	-	5650:00	645	1,507	42.80	194	596	32.55	431	616	69.97	1,915	68.39	267	545	812	29.00	352	417	182	106	628	 	 	25
2015	12020	584	Rollins	-	Totals	-	-	-	-	-	5677:00	685	1,475	46.44	249	680	36.62	271	408	66.42	1,890	67.50	259	571	830	29.64	450	390	251	94	430	 	 	4
2015	12020	584	Rollins	-	Opponent Totals	-	-	-	-	-	5676:00	675	1,547	43.63	259	702	36.89	325	467	69.59	1,934	69.07	375	615	990	35.36	445	417	182	67	441	 	 	4
2015	12020	11276	S.C. Aiken	-	Totals	-	-	-	-	-	5825:00	714	1,693	42.17	212	624	33.97	516	696	74.14	2,156	74.34	329	708	1,037	35.76	396	440	193	129	587	 	 	10
2015	12020	11276	S.C. Aiken	-	Opponent Totals	-	-	-	-	-	5825:00	794	1,757	45.19	176	530	33.21	459	682	67.30	2,223	76.66	379	752	1,131	39.00	336	413	212	111	602	 	 	25
2015	12020	591	Saginaw Valley	-	Totals	-	-	-	-	-	5827:00	760	1,590	47.80	194	575	33.74	419	670	62.54	2,133	73.55	301	679	980	33.79	428	383	240	74	490	 	 	3
2015	12020	591	Saginaw Valley	-	Opponent Totals	-	-	-	-	-	5826:00	717	1,599	44.84	160	480	33.33	359	494	72.67	1,953	67.34	262	655	917	31.62	350	427	190	78	547	 	 	10
2015	12020	594	Saint Augustine's	-	Totals	-	-	-	-	-	5625:00	686	1,647	41.65	175	494	35.43	404	650	62.15	1,951	69.68	415	615	1,030	36.79	314	375	176	50	590	 	 	15
2015	12020	594	Saint Augustine's	-	Opponent Totals	-	-	-	-	-	5625:00	674	1,486	45.36	199	574	34.67	492	732	67.21	2,039	72.82	319	678	997	35.61	357	412	159	84	544	 	 	12
2015	12020	608	Saint Leo	-	Totals	-	-	-	-	-	5825:00	614	1,405	43.70	177	513	34.50	457	569	80.32	1,862	64.21	260	684	944	32.55	326	417	163	56	502	 	 	13
2015	12020	608	Saint Leo	-	Opponent Totals	-	-	-	-	-	5825:00	630	1,489	42.31	222	628	35.35	339	504	67.26	1,821	62.79	273	588	861	29.69	368	357	179	102	500	 	 	7
2015	12020	1343	Saint Martin's	-	Totals	-	-	-	-	-	5475:00	684	1,561	43.82	217	567	38.27	288	446	64.57	1,873	69.37	303	586	889	32.93	350	338	137	71	468	 	 	6
2015	12020	1343	Saint Martin's	-	Opponent Totals	-	-	-	-	-	5475:00	746	1,575	47.37	228	626	36.42	359	505	71.09	2,079	77.00	326	652	978	36.22	421	296	179	92	425	 	 	2
2015	12020	613	Saint Michael's	-	Totals	-	-	-	-	-	5825:00	780	1,766	44.17	266	700	38.00	356	539	66.05	2,182	75.24	393	814	1,207	41.62	372	397	146	62	430	 	 	4
2015	12020	613	Saint Michael's	-	Opponent Totals	-	-	-	-	-	5825:00	781	1,826	42.77	320	876	36.53	280	396	70.71	2,162	74.55	289	689	978	33.72	440	310	184	78	514	 	 	7
2015	12020	1347	Saint Rose	-	Totals	-	-	-	-	-	5601:00	663	1,581	41.94	204	600	34.00	275	389	70.69	1,805	64.46	293	653	946	33.79	423	370	158	65	494	 	 	13
2015	12020	1347	Saint Rose	-	Opponent Totals	-	-	-	-	-	5601:00	685	1,540	44.48	234	661	35.40	357	508	70.28	1,961	70.04	289	690	979	34.96	389	345	198	83	417	 	 	8
2015	12020	19117	Salem Int'l	-	Totals	-	-	-	-	-	4798:00	655	1,581	41.43	189	586	32.25	303	462	65.58	1,802	75.08	313	525	838	34.92	334	450	224	98	546	 	 	25
2015	12020	19117	Salem Int'l	-	Opponent Totals	-	-	-	-	-	4801:00	738	1,504	49.07	164	471	34.82	486	697	69.73	2,126	88.58	357	697	1,054	43.92	416	449	253	74	428	 	 	4
2015	12020	628	San Fran. St.	-	Totals	-	-	-	-	-	5300:00	549	1,305	42.07	154	505	30.50	291	419	69.45	1,543	59.35	260	521	781	30.04	322	365	209	52	432	 	 	4
2015	12020	628	San Fran. St.	-	Opponent Totals	-	-	-	-	-	5300:00	568	1,233	46.07	207	558	37.10	293	438	66.89	1,636	62.92	215	556	771	29.65	336	379	162	53	406	 	 	6
2015	12020	634	Seattle Pacific	-	Totals	-	-	-	-	-	6485:00	900	1,789	50.31	189	512	36.91	538	798	67.42	2,527	78.97	410	835	1,245	38.91	442	390	193	89	559	 	 	7
2015	12020	634	Seattle Pacific	-	Opponent Totals	-	-	-	-	-	6485:00	737	1,756	41.97	171	543	31.49	407	569	71.53	2,052	64.12	250	595	845	26.41	306	380	182	83	669	 	 	15
2015	12020	30063	Seton Hill	-	Totals	-	-	-	-	-	5252:00	591	1,312	45.05	136	388	35.05	301	422	71.33	1,619	62.27	203	575	778	29.92	294	381	149	128	377	 	 	2
2015	12020	30063	Seton Hill	-	Opponent Totals	-	-	-	-	-	5250:00	706	1,596	44.24	172	493	34.89	292	382	76.44	1,876	72.15	366	577	943	36.27	364	294	194	68	418	 	 	3
2015	12020	636	Shaw	-	Totals	-	-	-	-	-	5801:00	665	1,565	42.49	142	436	32.57	504	747	67.47	1,976	68.14	419	730	1,149	39.62	282	446	176	103	602	 	 	19
2015	12020	636	Shaw	-	Opponent Totals	-	-	-	-	-	5799:00	647	1,550	41.74	155	497	31.19	463	702	65.95	1,912	65.93	307	628	935	32.24	330	390	202	71	642	 	 	18
2015	12020	10870	Shepherd	-	Totals	-	-	-	-	-	5850:00	780	1,693	46.07	208	558	37.28	468	617	75.85	2,236	77.10	292	653	945	32.59	475	395	213	66	501	 	 	7
2015	12020	10870	Shepherd	-	Opponent Totals	-	-	-	-	-	5850:00	795	1,671	47.58	245	654	37.46	422	588	71.77	2,257	77.83	302	692	994	34.28	464	437	235	70	556	 	 	15
2015	12020	638	Shippensburg	-	Totals	-	-	-	-	-	5225:00	628	1,375	45.67	156	480	32.50	374	523	71.51	1,786	68.69	233	697	930	35.77	391	420	153	99	474	 	 	14
2015	12020	638	Shippensburg	-	Opponent Totals	-	-	-	-	-	5225:00	627	1,567	40.01	134	459	29.19	366	500	73.20	1,754	67.46	307	586	893	34.35	283	322	230	57	482	 	 	10
2015	12020	30151	Shorter	-	Totals	-	-	-	-	-	5875:00	938	1,889	49.66	192	529	36.29	421	645	65.27	2,489	85.83	303	782	1,085	37.41	538	356	231	90	569	 	 	13
2015	12020	30151	Shorter	-	Opponent Totals	-	-	-	-	-	5875:00	832	1,836	45.32	203	598	33.95	482	672	71.73	2,349	81.00	321	794	1,115	38.45	381	410	193	57	534	 	 	9
2015	12020	30127	Simon Fraser	-	Totals	-	-	-	-	-	5200:00	992	2,135	46.46	323	958	33.72	401	554	72.38	2,708	104.15	373	588	961	36.96	450	370	331	81	649	 	 	23
2015	12020	30127	Simon Fraser	-	Opponent Totals	-	-	-	-	-	5200:00	956	1,766	54.13	178	479	37.16	571	856	66.71	2,661	102.35	365	836	1,201	46.19	546	577	176	86	467	 	 	6
2015	12020	30128	Sioux Falls	-	Totals	-	-	-	-	-	5849:00	692	1,572	44.02	162	496	32.66	387	574	67.42	1,933	66.66	334	651	985	33.97	310	429	164	116	585	 	 	15
2015	12020	30128	Sioux Falls	-	Opponent Totals	-	-	-	-	-	5850:00	719	1,570	45.80	229	564	40.60	475	663	71.64	2,142	73.86	261	629	890	30.69	388	328	183	73	508	 	 	9
2015	12020	643	Slippery Rock	-	Totals	-	-	-	-	-	6050:00	780	1,955	39.90	181	560	32.32	416	587	70.87	2,157	71.90	539	836	1,375	45.83	364	361	169	127	536	 	 	8
2015	12020	643	Slippery Rock	-	Opponent Totals	-	-	-	-	-	6050:00	682	1,723	39.58	165	491	33.60	437	625	69.92	1,966	65.53	302	719	1,021	34.03	326	355	178	134	509	 	 	6
2015	12020	645	Sonoma St.	-	Totals	-	-	-	-	-	5250:00	543	1,216	44.65	159	432	36.81	453	593	76.39	1,698	65.31	195	587	782	30.08	288	361	121	35	490	 	 	8
2015	12020	645	Sonoma St.	-	Opponent Totals	-	-	-	-	-	5250:00	596	1,318	45.22	161	480	33.54	346	512	67.58	1,699	65.35	221	535	756	29.08	293	294	174	59	507	 	 	11
2015	12020	30139	South Dakota Mines	-	Totals	-	-	-	-	-	5422:00	619	1,482	41.77	130	417	31.18	459	697	65.85	1,827	67.67	323	649	972	36.00	315	424	151	58	544	 	 	8
2015	12020	30139	South Dakota Mines	-	Opponent Totals	-	-	-	-	-	5423:00	736	1,535	47.95	198	522	37.93	397	614	64.66	2,067	76.56	261	655	916	33.93	380	344	221	98	583	 	 	14
2015	12020	1371	Southeastern Okla.	-	Totals	-	-	-	-	-	5823:00	759	1,631	46.54	245	633	38.70	372	538	69.14	2,135	73.62	309	788	1,097	37.83	429	399	139	131	486	 	 	8
2015	12020	1371	Southeastern Okla.	-	Opponent Totals	-	-	-	-	-	5824:00	750	1,825	41.10	238	683	34.85	366	526	69.58	2,104	72.55	384	661	1,045	36.03	449	297	199	51	505	 	 	9
2015	12020	1376	Southern Ark.	-	Totals	-	-	-	-	-	5426:00	760	1,696	44.81	208	648	32.10	358	597	59.97	2,086	77.26	346	752	1,098	40.67	344	338	182	107	538	 	 	12
2015	12020	1376	Southern Ark.	-	Opponent Totals	-	-	-	-	-	5426:00	661	1,592	41.52	211	612	34.48	433	642	67.45	1,966	72.81	300	718	1,018	37.70	362	367	159	83	520	 	 	12
2015	12020	658	Southern Conn. St.	-	Totals	-	-	-	-	-	6450:00	1,024	2,181	46.95	312	848	36.79	489	635	77.01	2,849	89.03	371	912	1,283	40.09	475	380	259	194	606	 	 	11
2015	12020	658	Southern Conn. St.	-	Opponent Totals	-	-	-	-	-	6450:00	865	2,109	41.01	247	687	35.95	509	720	70.69	2,486	77.69	446	861	1,307	40.84	387	477	185	92	567	 	 	12
2015	12020	661	Southern Ind.	-	Totals	-	-	-	-	-	5225:00	707	1,554	45.50	189	529	35.73	373	524	71.18	1,976	76.00	334	613	947	36.42	323	303	180	75	436	 	 	6
2015	12020	661	Southern Ind.	-	Opponent Totals	-	-	-	-	-	5225:00	688	1,479	46.52	167	494	33.81	291	419	69.45	1,834	70.54	258	593	851	32.73	338	352	134	71	462	 	 	9
2015	12020	468	Southern N.H.	-	Totals	-	-	-	-	-	5675:00	743	1,585	46.88	241	646	37.31	409	547	74.77	2,136	76.29	266	746	1,012	36.14	392	328	188	108	486	 	 	9
2015	12020	468	Southern N.H.	-	Opponent Totals	-	-	-	-	-	5674:00	654	1,648	39.68	194	589	32.94	344	491	70.06	1,846	65.93	321	643	964	34.43	281	358	149	65	485	 	 	11
2015	12020	30152	Southern Nazarene	-	Totals	-	-	-	-	-	5450:00	648	1,501	43.17	235	630	37.30	403	564	71.45	1,934	71.63	230	672	902	33.41	353	345	196	73	484	 	 	10
2015	12020	30152	Southern Nazarene	-	Opponent Totals	-	-	-	-	-	5451:00	695	1,553	44.75	211	576	36.63	373	559	66.73	1,974	73.11	282	691	973	36.04	325	366	163	67	502	 	 	14
2015	12020	30192	Southern Wesleyan	-	Totals	-	-	-	-	-	5398:00	698	1,517	46.01	161	463	34.77	405	571	70.93	1,962	72.67	329	610	939	34.78	335	439	129	70	546	 	 	12
2015	12020	30192	Southern Wesleyan	-	Opponent Totals	-	-	-	-	-	5401:00	780	1,613	48.36	244	625	39.04	468	675	69.33	2,272	84.15	329	579	908	33.63	464	290	211	78	498	 	 	10
2015	12020	2755	Southwest Baptist	-	Totals	-	-	-	-	-	5875:00	655	1,523	43.01	198	591	33.50	430	613	70.15	1,938	66.83	323	687	1,010	34.83	319	420	140	34	605	 	 	18
2015	12020	2755	Southwest Baptist	-	Opponent Totals	-	-	-	-	-	5876:00	677	1,499	45.16	202	567	35.63	444	650	68.31	2,000	68.97	247	643	890	30.69	320	353	179	83	555	 	 	11
2015	12020	8736	Southwest Minn. St.	-	Totals	-	-	-	-	-	5850:00	819	1,719	47.64	252	631	39.94	336	475	70.74	2,226	76.76	257	710	967	33.34	379	346	165	64	464	 	 	13
2015	12020	8736	Southwest Minn. St.	-	Opponent Totals	-	-	-	-	-	5850:00	853	1,753	48.66	245	651	37.63	341	487	70.02	2,292	79.03	270	724	994	34.28	450	310	202	72	480	 	 	10
2015	12020	8744	Southwestern Okla.	-	Totals	-	-	-	-	-	5852:00	673	1,703	39.52	213	687	31.00	430	648	66.36	1,989	68.59	381	716	1,097	37.83	287	285	167	100	532	 	 	19
2015	12020	8744	Southwestern Okla.	-	Opponent Totals	-	-	-	-	-	5850:00	661	1,544	42.81	225	602	37.38	438	616	71.10	1,985	68.45	257	761	1,018	35.10	337	322	144	68	545	 	 	15
2015	12020	30191	Spring Hill	-	Totals	-	-	-	-	-	5077:00	530	1,295	40.93	145	441	32.88	283	441	64.17	1,488	59.52	246	609	855	34.20	299	361	118	29	478	 	 	5
2015	12020	30191	Spring Hill	-	Opponent Totals	-	-	-	-	-	5074:00	557	1,279	43.55	166	481	34.51	374	580	64.48	1,654	66.16	226	573	799	31.96	309	278	213	88	429	 	 	8
2015	12020	593	St. Anselm	-	Totals	-	-	-	-	-	5449:00	820	1,711	47.93	234	636	36.79	386	524	73.66	2,260	83.70	278	731	1,009	37.37	423	321	193	68	399	 	 	7
2015	12020	593	St. Anselm	-	Opponent Totals	-	-	-	-	-	5451:00	803	1,736	46.26	198	519	38.15	255	369	69.11	2,059	76.26	263	691	954	35.33	308	356	149	98	499	 	 	13
2015	12020	598	St. Cloud St.	-	Totals	-	-	-	-	-	5800:00	848	1,774	47.80	249	635	39.21	435	608	71.55	2,380	82.07	328	703	1,031	35.55	405	313	204	86	572	 	 	8
2015	12020	598	St. Cloud St.	-	Opponent Totals	-	-	-	-	-	5800:00	745	1,634	45.59	219	629	34.82	472	670	70.45	2,181	75.21	286	686	972	33.52	356	388	160	59	533	 	 	6
2015	12020	1334	St. Edward's	-	Totals	-	-	-	-	-	6075:00	772	1,724	44.78	190	524	36.26	556	816	68.14	2,290	76.33	308	753	1,061	35.37	394	385	229	110	649	 	 	18
2015	12020	1334	St. Edward's	-	Opponent Totals	-	-	-	-	-	6074:00	700	1,614	43.37	139	420	33.10	580	793	73.14	2,119	70.63	268	778	1,046	34.87	311	475	168	94	678	 	 	16
2015	12020	604	St. Joseph's (IN)	-	Totals	-	-	-	-	-	5601:00	730	1,729	42.22	248	708	35.03	365	514	71.01	2,073	74.04	280	657	937	33.46	363	408	176	74	510	 	 	8
2015	12020	604	St. Joseph's (IN)	-	Opponent Totals	-	-	-	-	-	5600:00	874	1,734	50.40	208	545	38.17	380	544	69.85	2,336	83.43	291	791	1,082	38.64	479	394	221	83	463	 	 	6
2015	12020	1346	St. Mary's (TX)	-	Totals	-	-	-	-	-	6125:00	727	1,635	44.46	161	461	34.92	540	716	75.42	2,155	71.83	385	669	1,054	35.13	382	412	215	84	709	 	 	22
2015	12020	1346	St. Mary's (TX)	-	Opponent Totals	-	-	-	-	-	6124:00	629	1,448	43.44	150	454	33.04	592	824	71.84	2,000	66.67	270	594	864	28.80	326	437	162	104	611	 	 	16
2015	12020	1348	St. Thomas Aquinas	-	Totals	-	-	-	-	-	6450:00	849	1,876	45.26	182	558	32.62	524	738	71.00	2,404	75.12	361	715	1,076	33.62	426	424	259	74	640	 	 	15
2015	12020	1348	St. Thomas Aquinas	-	Opponent Totals	-	-	-	-	-	6450:00	825	1,806	45.68	196	552	35.51	504	713	70.69	2,350	73.44	389	772	1,161	36.28	419	542	187	102	629	 	 	19
2015	12020	680	Stillman	-	Totals	-	-	-	-	-	5751:00	732	1,695	43.19	163	453	35.98	477	737	64.72	2,104	75.14	378	750	1,128	40.29	369	460	259	141	557	 	 	16
2015	12020	680	Stillman	-	Opponent Totals	-	-	-	-	-	5752:00	692	1,710	40.47	162	511	31.70	452	646	69.97	1,998	71.36	354	718	1,072	38.29	335	467	234	100	580	 	 	10
2015	12020	682	Stonehill	-	Totals	-	-	-	-	-	5850:00	742	1,658	44.75	245	655	37.40	324	454	71.37	2,053	70.79	294	760	1,054	36.34	403	382	139	99	480	 	 	2
2015	12020	682	Stonehill	-	Opponent Totals	-	-	-	-	-	5850:00	726	1,725	42.09	208	632	32.91	329	461	71.37	1,989	68.59	297	691	988	34.07	341	311	179	94	461	 	 	10
2015	12020	689	Tampa	-	Totals	-	-	-	-	-	5650:00	730	1,632	44.73	201	584	34.42	412	576	71.53	2,073	74.04	353	709	1,062	37.93	423	372	181	78	447	 	 	2
2015	12020	689	Tampa	-	Opponent Totals	-	-	-	-	-	5650:00	683	1,617	42.24	237	648	36.57	366	500	73.20	1,969	70.32	298	637	935	33.39	351	354	180	66	511	 	 	11
2015	12020	1395	Tarleton St.	-	Totals	-	-	-	-	-	5801:00	714	1,472	48.51	209	525	39.81	562	802	70.07	2,199	75.83	319	717	1,036	35.72	361	394	204	131	558	 	 	8
2015	12020	1395	Tarleton St.	-	Opponent Totals	-	-	-	-	-	5799:00	599	1,514	39.56	162	540	30.00	397	604	65.73	1,757	60.59	317	556	873	30.10	278	457	162	51	670	 	 	27
2015	12020	30090	Tex. A&M Int'l	-	Totals	-	-	-	-	-	5674:00	700	1,558	44.93	180	515	34.95	416	622	66.88	1,996	71.29	316	630	946	33.79	404	363	229	48	654	 	 	24
2015	12020	30090	Tex. A&M Int'l	-	Opponent Totals	-	-	-	-	-	5684:00	600	1,353	44.35	196	518	37.84	563	791	71.18	1,959	69.96	239	642	881	31.46	345	419	163	71	524	 	 	7
2015	12020	199	Tex. A&M-Commerce	-	Totals	-	-	-	-	-	6450:00	849	1,857	45.72	180	515	34.95	630	904	69.69	2,508	78.38	397	922	1,319	41.22	436	442	209	132	564	 	 	13
2015	12020	199	Tex. A&M-Commerce	-	Opponent Totals	-	-	-	-	-	6449:00	791	1,981	39.93	281	842	33.37	382	588	64.97	2,245	70.16	361	732	1,093	34.16	383	414	205	96	730	 	 	29
2015	12020	696	Tex. A&M-Kingsville	-	Totals	-	-	-	-	-	5475:00	655	1,558	42.04	186	555	33.51	425	602	70.60	1,921	71.15	298	607	905	33.52	313	408	197	96	603	 	 	22
2015	12020	696	Tex. A&M-Kingsville	-	Opponent Totals	-	-	-	-	-	5476:00	669	1,434	46.65	176	458	38.43	521	716	72.77	2,035	75.37	259	695	954	35.33	359	445	192	92	583	 	 	15
2015	12020	30088	Tex. Permian Basin	-	Totals	-	-	-	-	-	5898:00	870	1,774	49.04	228	574	39.72	502	734	68.39	2,470	85.17	338	874	1,212	41.79	421	451	199	112	663	 	 	21
2015	12020	30088	Tex. Permian Basin	-	Opponent Totals	-	-	-	-	-	5904:00	736	1,773	41.51	192	538	35.69	600	810	74.07	2,264	78.07	283	683	966	33.31	352	366	201	81	587	 	 	19
2015	12020	1403	Tiffin	-	Totals	-	-	-	-	-	5875:00	683	1,591	42.93	157	461	34.06	328	502	65.34	1,851	63.83	328	659	987	34.03	301	371	169	131	508	 	 	8
2015	12020	1403	Tiffin	-	Opponent Totals	-	-	-	-	-	5875:00	691	1,596	43.30	216	589	36.67	430	606	70.96	2,028	69.93	323	674	997	34.38	385	314	190	91	482	 	 	5
2015	12020	30002	Trevecca Nazarene	-	Totals	-	-	-	-	-	5625:00	754	1,765	42.72	215	620	34.68	446	636	70.13	2,169	77.46	369	686	1,055	37.68	372	396	220	83	580	 	 	13
2015	12020	30002	Trevecca Nazarene	-	Opponent Totals	-	-	-	-	-	5625:00	763	1,642	46.47	221	619	35.70	467	703	66.43	2,214	79.07	321	734	1,055	37.68	417	431	180	106	558	 	 	20
2015	12020	499	Truman	-	Totals	-	-	-	-	-	6025:00	871	1,786	48.77	288	733	39.29	437	599	72.95	2,467	82.23	246	721	967	32.23	489	319	279	78	465	 	 	8
2015	12020	499	Truman	-	Opponent Totals	-	-	-	-	-	6026:00	753	1,707	44.11	178	508	35.04	398	554	71.84	2,082	69.40	300	741	1,041	34.70	341	470	172	58	513	 	 	8
2015	12020	12830	Tusculum	-	Totals	-	-	-	-	-	5475:00	651	1,518	42.89	198	537	36.87	458	654	70.03	1,958	72.52	287	767	1,054	39.04	402	417	109	100	541	 	 	21
2015	12020	12830	Tusculum	-	Opponent Totals	-	-	-	-	-	5476:00	726	1,675	43.34	205	582	35.22	469	688	68.17	2,126	78.74	299	694	993	36.78	375	275	241	111	556	 	 	14
2015	12020	720	Tuskegee	-	Totals	-	-	-	-	-	5624:00	651	1,544	42.16	190	621	30.60	367	567	64.73	1,859	66.39	317	564	881	31.46	341	372	239	76	546	 	 	11
2015	12020	720	Tuskegee	-	Opponent Totals	-	-	-	-	-	5626:00	618	1,380	44.78	130	402	32.34	495	697	71.02	1,861	66.46	273	640	913	32.61	300	446	172	92	498	 	 	5
2015	12020	112	UC San Diego	-	Totals	-	-	-	-	-	5475:00	614	1,394	44.05	210	593	35.41	349	501	69.66	1,787	66.19	210	635	845	31.30	301	291	132	41	517	 	 	7
2015	12020	112	UC San Diego	-	Opponent Totals	-	-	-	-	-	5475:00	568	1,289	44.07	125	392	31.89	400	584	68.49	1,661	61.52	185	647	832	30.81	268	330	152	68	489	 	 	10
2015	12020	9754	UC-Colo. Springs	-	Totals	-	-	-	-	-	6424:00	947	1,874	50.53	259	694	37.32	631	848	74.41	2,784	87.00	350	813	1,163	36.34	542	394	242	119	525	 	 	4
2015	12020	9754	UC-Colo. Springs	-	Opponent Totals	-	-	-	-	-	6426:00	843	1,906	44.23	261	688	37.94	423	587	72.06	2,370	74.06	327	694	1,021	31.91	362	453	214	76	688	 	 	21
2015	12020	309	UIndy	-	Totals	-	-	-	-	-	6200:00	877	1,766	49.66	274	709	38.65	498	646	77.09	2,526	81.48	344	754	1,098	35.42	568	411	258	107	547	 	 	4
2015	12020	309	UIndy	-	Opponent Totals	-	-	-	-	-	6200:00	699	1,662	42.06	201	589	34.13	412	571	72.15	2,011	64.87	290	607	897	28.94	369	479	195	94	560	 	 	11
2015	12020	537	UNC Pembroke	-	Totals	-	-	-	-	-	6476:00	897	2,050	43.76	178	532	33.46	594	794	74.81	2,566	80.19	479	837	1,316	41.12	480	405	270	142	577	 	 	12
2015	12020	537	UNC Pembroke	-	Opponent Totals	-	-	-	-	-	6475:00	815	1,915	42.56	224	592	37.84	490	688	71.22	2,344	73.25	365	783	1,148	35.88	434	489	228	110	691	 	 	28
2015	12020	28594	USciences	-	Totals	-	-	-	-	-	6400:00	828	1,737	47.67	131	364	35.99	465	665	69.92	2,252	72.65	383	751	1,134	36.58	526	344	228	84	446	 	 	3
2015	12020	28594	USciences	-	Opponent Totals	-	-	-	-	-	6402:00	730	1,746	41.81	162	518	31.27	301	441	68.25	1,923	62.03	332	644	976	31.48	328	410	178	120	554	 	 	11
2015	12020	30181	UVa-Wise	-	Totals	-	-	-	-	-	5452:00	569	1,566	36.33	261	813	32.10	336	524	64.12	1,735	64.26	222	627	849	31.44	340	372	119	48	484	 	 	12
2015	12020	30181	UVa-Wise	-	Opponent Totals	-	-	-	-	-	5450:00	891	1,780	50.06	219	567	38.62	385	545	70.64	2,386	88.37	350	880	1,230	45.56	505	283	221	91	494	 	 	3
2015	12020	30153	Union (TN)	-	Totals	-	-	-	-	-	5825:00	785	1,764	44.50	299	766	39.03	412	577	71.40	2,281	78.66	282	710	992	34.21	427	304	216	91	503	 	 	12
2015	12020	30153	Union (TN)	-	Opponent Totals	-	-	-	-	-	5825:00	786	1,738	45.22	174	520	33.46	401	571	70.23	2,147	74.03	339	788	1,127	38.86	383	382	151	85	503	 	 	8
2015	12020	728	Upper Iowa	-	Totals	-	-	-	-	-	6100:00	853	1,902	44.85	288	780	36.92	529	745	71.01	2,523	84.10	289	737	1,026	34.20	440	327	230	77	582	 	 	17
2015	12020	728	Upper Iowa	-	Opponent Totals	-	-	-	-	-	6100:00	865	1,862	46.46	212	593	35.75	517	694	74.50	2,459	81.97	346	852	1,198	39.93	375	445	164	89	625	 	 	13
2015	12020	30104	Urbana	-	Totals	-	-	-	-	-	5849:00	847	1,884	44.96	224	617	36.30	444	595	74.62	2,362	81.45	355	705	1,060	36.55	434	437	248	71	608	 	 	21
2015	12020	30104	Urbana	-	Opponent Totals	-	-	-	-	-	5850:00	855	1,734	49.31	227	573	39.62	537	763	70.38	2,474	85.31	291	765	1,056	36.41	510	454	259	108	537	 	 	9
2015	12020	734	Valdosta St.	-	Totals	-	-	-	-	-	5700:00	778	1,820	42.75	220	655	33.59	391	562	69.57	2,167	77.39	366	664	1,030	36.79	347	404	254	118	571	 	 	11
2015	12020	734	Valdosta St.	-	Opponent Totals	-	-	-	-	-	5700:00	793	1,678	47.26	194	484	40.08	479	691	69.32	2,259	80.68	358	778	1,136	40.57	391	449	206	88	489	 	 	12
2015	12020	743	Virginia St.	-	Totals	-	-	-	-	-	5300:00	633	1,429	44.30	131	396	33.08	450	663	67.87	1,847	71.04	311	685	996	38.31	353	358	157	83	522	 	 	14
2015	12020	743	Virginia St.	-	Opponent Totals	-	-	-	-	-	5300:00	563	1,426	39.48	184	511	36.01	399	616	64.77	1,709	65.73	291	609	900	34.62	246	365	177	100	543	 	 	11
2015	12020	744	Virginia Union	-	Totals	-	-	-	-	-	5474:00	726	1,573	46.15	142	420	33.81	404	636	63.52	1,998	74.00	308	614	922	34.15	390	330	196	69	517	 	 	11
2015	12020	744	Virginia Union	-	Opponent Totals	-	-	-	-	-	5476:00	708	1,558	45.44	191	511	37.38	421	607	69.36	2,028	75.11	341	660	1,001	37.07	416	397	162	69	515	 	 	11
2015	12020	30141	Walsh	-	Totals	-	-	-	-	-	5701:00	703	1,570	44.78	230	617	37.28	438	585	74.87	2,074	74.07	287	660	947	33.82	336	316	124	51	458	 	 	13
2015	12020	30141	Walsh	-	Opponent Totals	-	-	-	-	-	5700:00	740	1,579	46.87	188	535	35.14	342	460	74.35	2,010	71.79	255	663	918	32.79	366	337	133	95	490	 	 	6
2015	12020	2814	Washburn	-	Totals	-	-	-	-	-	6425:00	798	1,801	44.31	215	610	35.25	465	679	68.48	2,276	71.12	348	759	1,107	34.59	414	366	236	108	601	 	 	10
2015	12020	2814	Washburn	-	Opponent Totals	-	-	-	-	-	6425:00	728	1,666	1,404.68	245	648	1,203.48	479	673	2,245.67	2,180	2,180.00	285	754	1,039	32.47	405	441	155	86	616	 	 	16
2015	12020	757	Wayne St. (MI)	-	Totals	-	-	-	-	-	5073:00	595	1,375	43.27	115	336	34.23	349	471	74.10	1,654	66.16	282	617	899	35.96	272	340	128	89	485	 	 	15
2015	12020	757	Wayne St. (MI)	-	Opponent Totals	-	-	-	-	-	5075:00	588	1,373	42.83	170	497	34.21	420	599	70.12	1,766	70.64	276	568	844	33.76	327	281	196	104	444	 	 	8
2015	12020	1433	Wayne St. (NE)	-	Totals	-	-	-	-	-	5924:00	741	1,675	44.24	189	601	31.45	399	572	69.76	2,070	71.38	295	655	950	32.76	378	414	179	51	568	 	 	16
2015	12020	1433	Wayne St. (NE)	-	Opponent Totals	-	-	-	-	-	5925:00	804	1,614	49.81	183	464	39.44	485	669	72.50	2,276	78.48	253	720	973	33.55	396	374	225	95	534	 	 	11
2015	12020	358	West Ala.	-	Totals	-	-	-	-	-	6119:00	796	1,632	48.77	175	441	39.68	524	706	74.22	2,291	76.37	320	723	1,043	34.77	378	382	209	129	546	 	 	5
2015	12020	358	West Ala.	-	Opponent Totals	-	-	-	-	-	6120:00	724	1,660	43.61	188	532	35.34	426	595	71.60	2,062	68.73	333	640	973	32.43	359	421	200	83	601	 	 	8
2015	12020	765	West Chester	-	Totals	-	-	-	-	-	5975:00	736	1,726	42.64	160	528	30.30	618	887	69.67	2,250	77.59	457	745	1,202	41.45	370	519	285	67	652	 	 	18
2015	12020	765	West Chester	-	Opponent Totals	-	-	-	-	-	5973:00	728	1,649	44.15	227	676	33.58	506	721	70.18	2,189	75.48	283	662	945	32.59	397	503	216	122	688	 	 	28
2015	12020	11740	West Florida	-	Totals	-	-	-	-	-	5150:00	665	1,502	44.27	120	383	31.33	317	487	65.09	1,769	70.76	317	664	981	39.24	365	397	124	74	450	 	 	13
2015	12020	11740	West Florida	-	Opponent Totals	-	-	-	-	-	5150:00	701	1,565	44.79	187	529	35.35	322	467	68.95	1,911	76.44	280	608	888	35.52	332	302	243	71	460	 	 	7
2015	12020	766	West Ga.	-	Totals	-	-	-	-	-	5600:00	857	1,826	46.93	253	611	41.41	442	611	72.34	2,409	86.04	308	679	987	35.25	415	329	267	63	569	 	 	10
2015	12020	766	West Ga.	-	Opponent Totals	-	-	-	-	-	5600:00	789	1,694	46.58	192	533	36.02	485	684	70.91	2,255	80.54	344	750	1,094	39.07	419	462	196	108	530	 	 	9
2015	12020	1438	West Liberty	-	Totals	-	-	-	-	-	6450:00	1,148	2,208	51.99	355	860	41.28	566	798	70.93	3,217	100.53	418	845	1,263	39.47	638	376	314	99	727	 	 	17
2015	12020	1438	West Liberty	-	Opponent Totals	-	-	-	-	-	6450:00	925	1,986	46.58	248	674	36.80	557	801	69.54	2,655	82.97	360	781	1,141	35.66	444	510	175	106	654	 	 	19
2015	12020	767	West Tex. A&M	-	Totals	-	-	-	-	-	5875:00	765	1,734	44.12	271	771	35.15	437	680	64.26	2,238	77.17	321	695	1,016	35.03	400	355	213	92	618	 	 	24
2015	12020	767	West Tex. A&M	-	Opponent Totals	-	-	-	-	-	5875:00	724	1,614	44.86	180	551	32.67	484	713	67.88	2,112	72.83	327	775	1,102	38.00	366	475	152	72	610	 	 	15
2015	12020	9630	West Va. Wesleyan	-	Totals	-	-	-	-	-	5825:00	629	1,387	45.35	163	455	35.82	423	580	72.93	1,844	63.59	264	655	919	31.69	399	439	151	52	459	 	 	8
2015	12020	9630	West Va. Wesleyan	-	Opponent Totals	-	-	-	-	-	5825:00	685	1,532	44.71	199	534	37.27	358	491	72.91	1,927	66.45	258	595	853	29.41	357	338	228	62	535	 	 	10
2015	12020	1439	West Virginia St.	-	Totals	-	-	-	-	-	6000:00	750	1,784	42.04	208	576	36.11	546	772	70.73	2,254	75.13	367	815	1,182	39.40	376	469	177	120	638	 	 	21
2015	12020	1439	West Virginia St.	-	Opponent Totals	-	-	-	-	-	6000:00	870	1,898	45.84	236	635	37.17	532	795	66.92	2,508	83.60	370	787	1,157	38.57	488	358	230	125	606	 	 	13
2015	12020	1445	Western N.M.	-	Totals	-	-	-	-	-	5200:00	573	1,447	39.60	153	471	32.48	378	546	69.23	1,677	64.50	219	558	777	29.88	307	315	151	38	541	 	 	22
2015	12020	1445	Western N.M.	-	Opponent Totals	-	-	-	-	-	5200:00	730	1,451	50.31	216	579	37.31	465	654	71.10	2,141	82.35	273	732	1,005	38.65	433	320	170	90	511	 	 	13
2015	12020	1446	Western Ore.	-	Totals	-	-	-	-	-	6060:00	883	1,854	47.63	220	594	37.04	392	516	75.97	2,378	79.27	348	718	1,066	35.53	450	341	280	98	471	 	 	3
2015	12020	1446	Western Ore.	-	Opponent Totals	-	-	-	-	-	6060:00	764	1,708	44.73	228	627	36.36	332	469	70.79	2,088	69.60	284	679	963	32.10	420	447	152	70	497	 	 	10
2015	12020	2759	Western St.	-	Totals	-	-	-	-	-	5075:00	565	1,399	40.39	175	530	33.02	431	609	70.77	1,736	69.44	239	605	844	33.76	278	333	102	34	505	 	 	11
2015	12020	2759	Western St.	-	Opponent Totals	-	-	-	-	-	5074:00	698	1,508	46.29	169	519	32.56	434	593	73.19	1,999	79.96	284	692	976	39.04	356	292	162	70	533	 	 	13
2015	12020	1448	Western Wash.	-	Totals	-	-	-	-	-	6201:00	935	1,936	48.30	225	641	35.10	437	668	65.42	2,532	81.68	404	800	1,204	38.84	499	366	194	163	496	 	 	8
2015	12020	1448	Western Wash.	-	Opponent Totals	-	-	-	-	-	6200:00	828	1,896	43.67	186	533	34.90	367	521	70.44	2,209	71.26	318	704	1,022	32.97	373	383	190	66	551	 	 	9
2015	12020	12799	Wheeling Jesuit	-	Totals	-	-	-	-	-	5800:00	852	1,743	48.88	263	679	38.73	479	678	70.65	2,446	84.34	336	742	1,078	37.17	498	411	233	101	569	 	 	7
2015	12020	12799	Wheeling Jesuit	-	Opponent Totals	-	-	-	-	-	5800:00	739	1,676	44.09	241	626	38.50	490	670	73.13	2,209	76.17	304	662	966	33.31	351	445	195	74	568	 	 	15
2015	12020	30120	William Jewell	-	Totals	-	-	-	-	-	5700:00	690	1,606	42.96	188	563	33.39	421	605	69.59	1,989	71.04	318	713	1,031	36.82	326	402	194	60	466	 	 	6
2015	12020	30120	William Jewell	-	Opponent Totals	-	-	-	-	-	5700:00	744	1,694	43.92	205	625	32.80	350	481	72.77	2,043	72.96	304	692	996	35.57	388	345	231	50	544	 	 	17
2015	12020	1460	Wilmington (DE)	-	Totals	-	-	-	-	-	6226:00	797	2,000	39.85	180	575	31.30	421	637	66.09	2,195	70.81	481	759	1,240	40.00	331	396	202	80	630	 	 	15
2015	12020	1460	Wilmington (DE)	-	Opponent Totals	-	-	-	-	-	6225:00	800	1,790	44.69	189	547	34.55	563	774	72.74	2,352	75.87	355	835	1,190	38.39	412	403	219	105	567	 	 	7
2015	12020	1462	Wingate	-	Totals	-	-	-	-	-	5800:00	685	1,614	42.44	175	525	33.33	465	673	69.09	2,010	69.31	352	668	1,020	35.17	333	375	175	122	558	 	 	16
2015	12020	1462	Wingate	-	Opponent Totals	-	-	-	-	-	5800:00	693	1,575	44.00	184	488	37.70	432	645	66.98	2,002	69.03	332	684	1,016	35.03	341	385	195	93	569	 	 	12
2015	12020	790	Winona St.	-	Totals	-	-	-	-	-	5400:00	729	1,575	46.29	186	515	36.12	306	413	74.09	1,950	72.22	220	705	925	34.26	344	294	177	113	494	 	 	9
2015	12020	790	Winona St.	-	Opponent Totals	-	-	-	-	-	5400:00	633	1,487	42.57	224	604	37.09	368	541	68.02	1,858	68.81	239	673	912	33.78	338	334	147	61	408	 	 	5
2015	12020	791	Winston-Salem	-	Totals	-	-	-	-	-	5599:00	760	1,694	44.86	208	614	33.88	539	790	68.23	2,267	80.96	358	630	988	35.29	343	395	237	105	614	 	 	12
2015	12020	791	Winston-Salem	-	Opponent Totals	-	-	-	-	-	5601:00	746	1,624	45.94	160	478	33.47	484	712	67.98	2,136	76.29	381	711	1,092	39.00	330	504	176	95	622	 	 	24
2015	12020	799	Wis.-Parkside	-	Totals	-	-	-	-	-	6050:00	800	1,671	47.88	216	566	38.16	443	615	72.03	2,259	75.30	304	759	1,063	35.43	424	352	221	93	462	 	 	2
2015	12020	799	Wis.-Parkside	-	Opponent Totals	-	-	-	-	-	6050:00	709	1,669	42.48	183	545	33.58	293	424	69.10	1,894	63.13	274	668	942	31.40	342	409	179	79	527	 	 	10
2015	12020	30154	Young Harris	-	Totals	-	-	-	-	-	5425:00	664	1,650	40.24	192	587	32.71	421	590	71.36	1,941	71.89	300	634	934	34.59	341	328	260	68	456	 	 	18
2015	12020	30154	Young Harris	-	Opponent Totals	-	-	-	-	-	5425:00	735	1,584	46.40	162	462	35.06	344	511	67.32	1,976	73.19	303	792	1,095	40.56	375	444	153	88	496	 	 	18
