year	division_id	division_text	ranking_id	ranking_text
2017	1	d1	17946	Thru Games 04/04/2017
2017	1	d1	17938	Thru Games 03/30/2017
2017	1	d1	17947	Thru Games 03/23/2017
2017	1	d1	17940	Thru Games 03/22/2017
2017	1	d1	17917	Thru Games 03/21/2017
2017	1	d1	17909	Thru Games 03/20/2017
2017	1	d1	17874	Thru Games 03/19/2017
2017	1	d1	17865	Thru Games 03/18/2017
2017	1	d1	17861	Thru Games 03/17/2017
2017	1	d1	17854	Thru Games 03/16/2017
2017	1	d1	17833	Thru Games 03/15/2017
2017	1	d1	17825	Thru Games 03/14/2017
2017	1	d1	17804	Thru Games 03/13/2017
2017	1	d1	17776	Thru Games 03/12/2017
2017	1	d1	17772	Thru Games 03/11/2017
2017	1	d1	17767	Thru Games 03/10/2017
2017	1	d1	17751	Thru Games 03/09/2017
2017	1	d1	17734	Thru Games 03/08/2017
2017	1	d1	17716	Thru Games 03/07/2017
2017	1	d1	17700	Thru Games 03/06/2017
2017	1	d1	17691	Thru Games 03/05/2017
2017	1	d1	17693	Thru Games 03/05/2017
2017	1	d1	17663	Thru Games 03/04/2017
2017	1	d1	17658	Thru Games 03/03/2017
2017	1	d1	17644	Thru Games 03/02/2017
2017	1	d1	17615	Thru Games 03/01/2017
2017	1	d1	17598	Thru Games 02/28/2017
2017	1	d1	17579	Thru Games 02/27/2017
2017	1	d1	17563	Thru Games 02/26/2017
2017	1	d1	17546	Thru Games 02/25/2017
2017	1	d1	17545	Thru Games 02/24/2017
2017	1	d1	17532	Thru Games 02/23/2017
2017	1	d1	17526	Thru Games 02/22/2017
2017	1	d1	17498	Thru Games 02/21/2017
2017	1	d1	17486	Thru Games 02/20/2017
2017	1	d1	17455	Thru Games 02/19/2017
2017	1	d1	17448	Thru Games 02/18/2017
2017	1	d1	17440	Thru Games 02/16/2017
2017	1	d1	17431	Thru Games 02/15/2017
2017	1	d1	17418	Thru Games 02/14/2017
2017	1	d1	17403	Thru Games 02/13/2017
2017	1	d1	17384	Thru Games 02/12/2017
2017	1	d1	17377	Thru Games 02/11/2017
2017	1	d1	17375	Thru Games 02/10/2017
2017	1	d1	17370	Thru Games 02/09/2017
2017	1	d1	17353	Thru Games 02/08/2017
2017	1	d1	17342	Thru Games 02/07/2017
2017	1	d1	17334	Thru Games 02/06/2017
2017	1	d1	17320	Thru Games 02/05/2017
2017	1	d1	17309	Thru Games 02/04/2017
2017	1	d1	17307	Thru Games 02/03/2017
2017	1	d1	17304	Thru Games 02/02/2017
2017	1	d1	17290	Thru Games 02/01/2017
2017	1	d1	17284	Thru Games 01/31/2017
2017	1	d1	17271	Thru Games 01/30/2017
2017	1	d1	17258	Thru Games 01/29/2017
2017	1	d1	17273	Thru Games 01/28/2017
2017	1	d1	17248	Thru Games 01/27/2017
2017	1	d1	17242	Thru Games 01/26/2017
2017	1	d1	17237	Thru Games 01/25/2017
2017	1	d1	17227	Thru Games 01/24/2017
2017	1	d1	17217	Thru Games 01/23/2017
2017	1	d1	17212	Thru Games 01/22/2017
2017	1	d1	17202	Thru Games 01/21/2017
2017	1	d1	17199	Thru Games 01/20/2017
2017	1	d1	17192	Thru Games 01/19/2017
2017	1	d1	17182	Thru Games 01/18/2017
2017	1	d1	17175	Thru Games 01/17/2017
2017	1	d1	17166	Thru Games 01/16/2017
2017	1	d1	17158	Thru Games 01/15/2017
2017	1	d1	17151	Thru Games 01/14/2017
2017	1	d1	17148	Thru Games 01/13/2017
2017	1	d1	17142	Thru Games 01/12/2017
2017	1	d1	17135	Thru Games 01/11/2017
2017	1	d1	17128	Thru Games 01/10/2017
2017	1	d1	17122	Thru Games 01/09/2017
2017	1	d1	17107	Thru Games 01/08/2017
2017	1	d1	17100	Thru Games 01/07/2017
2017	1	d1	17101	Thru Games 01/06/2017
2017	1	d1	17087	Thru Games 01/05/2017
2017	1	d1	17079	Thru Games 01/04/2017
2017	1	d1	17073	Thru Games 01/03/2017
2017	1	d1	17058	Thru Games 01/02/2017
2017	1	d1	17053	Thru Games 01/01/2017
2017	1	d1	17051	Thru Games 12/31/2016
2017	1	d1	17048	Thru Games 12/30/2016
2017	1	d1	17043	Thru Games 12/29/2016
2017	1	d1	17039	Thru Games 12/28/2016
2017	1	d1	17032	Thru Games 12/27/2016
2017	1	d1	17030	Thru Games 12/26/2016
2017	1	d1	17028	Thru Games 12/25/2016
2017	1	d1	17026	Thru Games 12/23/2016
2017	1	d1	17020	Thru Games 12/22/2016
2017	1	d1	17005	Thru Games 12/21/2016
2017	1	d1	16998	Thru Games 12/20/2016
2017	1	d1	16984	Thru Games 12/19/2016
2017	1	d1	16969	Thru Games 12/18/2016
2017	1	d1	16990	Thru Games 12/17/2016
2017	1	d1	16954	Thru Games 12/16/2016
2017	1	d1	16940	Thru Games 12/15/2016
2017	1	d1	16928	Thru Games 12/14/2016
2017	1	d1	16917	Thru Games 12/13/2016
2017	1	d1	16908	Thru Games 12/12/2016
2017	1	d1	16892	Thru Games 12/11/2016
2017	1	d1	16882	Thru Games 12/10/2016
2017	1	d1	16860	Thru Games 12/09/2016
2017	1	d1	16855	Thru Games 12/08/2016
2017	1	d1	16842	Thru Games 12/07/2016
2017	1	d1	16835	Thru Games 12/06/2016
2017	1	d1	16834	Thru Games 12/05/2016
2017	1	d1	16823	Thru Games 12/04/2016
2017	1	d1	16788	Thru Games 12/03/2016
2017	1	d1	16777	Thru Games 12/02/2016
2017	1	d1	16767	Thru Games 12/01/2016
2017	1	d1	16761	Thru Games 11/30/2016
2017	1	d1	16748	Thru Games 11/29/2016
2017	1	d1	16738	Thru Games 11/28/2016
2017	1	d1	16711	Thru Games 11/27/2016
2017	1	d1	16706	Thru Games 11/26/2016
2017	1	d1	16693	Thru Games 11/25/2016
2017	1	d1	16683	Thru Games 11/24/2016
2017	1	d1	16673	Thru Games 11/23/2016
2017	1	d1	16666	Thru Games 11/22/2016
2017	1	d1	16650	Thru Games 11/21/2016
2017	1	d1	16639	Thru Games 11/20/2016
2017	1	d1	16609	Thru Games 11/19/2016
2017	1	d1	16594	Thru Games 11/18/2016
2017	1	d1	16579	Thru Games 11/17/2016
2017	1	d1	16558	Thru Games 11/16/2016
2017	1	d1	16550	Thru Games 11/15/2016
2017	1	d1	16542	Thru Games 11/14/2016
2017	1	d1	16521	Thru Games 11/13/2016
2016	1	d1	15547	Thru Games 04/04/2016
2016	1	d1	16329	Thru Games 04/04/2016
2016	1	d1	15052	Thru Games 04/02/2016
2016	1	d1	15050	Thru Games 04/01/2016
2016	1	d1	15047	Thru Games 03/31/2016
2016	1	d1	15032	Thru Games 03/30/2016
2016	1	d1	15022	Thru Games 03/29/2016
2016	1	d1	15008	Thru Games 03/28/2016
2016	1	d1	14992	Thru Games 03/27/2016
2016	1	d1	14985	Thru Games 03/26/2016
2016	1	d1	14982	Thru Games 03/25/2016
2016	1	d1	14972	Thru Games 03/24/2016
2016	1	d1	14963	Thru Games 03/23/2016
2016	1	d1	14950	Thru Games 03/22/2016
2016	1	d1	14940	Thru Games 03/21/2016
2016	1	d1	14918	Thru Games 03/20/2016
2016	1	d1	14912	Thru Games 03/19/2016
2016	1	d1	14911	Thru Games 03/18/2016
2016	1	d1	14893	Thru Games 03/17/2016
2016	1	d1	14876	Thru Games 03/16/2016
2016	1	d1	14867	Thru Games 03/15/2016
2016	1	d1	14845	Thru Games 03/14/2016
2016	1	d1	14818	Thru Games 03/13/2016
2016	1	d1	14816	Thru Games 03/12/2016
2016	1	d1	14811	Thru Games 03/11/2016
2016	1	d1	14800	Thru Games 03/10/2016
2016	1	d1	14781	Thru Games 03/09/2016
2016	1	d1	14770	Thru Games 03/08/2016
2016	1	d1	14754	Thru Games 03/07/2016
2016	1	d1	14739	Thru Games 03/06/2016
2016	1	d1	14730	Thru Games 03/05/2016
2016	1	d1	14722	Thru Games 03/04/2016
2016	1	d1	14707	Thru Games 03/03/2016
2016	1	d1	14687	Thru Games 03/02/2016
2016	1	d1	14679	Thru Games 03/01/2016
2016	1	d1	14653	Thru Games 02/29/2016
2016	1	d1	14633	Thru Games 02/28/2016
2016	1	d1	14628	Thru Games 02/27/2016
2016	1	d1	14624	Thru Games 02/26/2016
2016	1	d1	14621	Thru Games 02/25/2016
2016	1	d1	14598	Thru Games 02/24/2016
2016	1	d1	14576	Thru Games 02/23/2016
2016	1	d1	14562	Thru Games 02/22/2016
2016	1	d1	14546	Thru Games 02/21/2016
2016	1	d1	14540	Thru Games 02/20/2016
2016	1	d1	14537	Thru Games 02/19/2016
2016	1	d1	14528	Thru Games 02/18/2016
2016	1	d1	14525	Thru Games 02/17/2016
2016	1	d1	14507	Thru Games 02/16/2016
2016	1	d1	14487	Thru Games 02/15/2016
2016	1	d1	14495	Thru Games 02/14/2016
2016	1	d1	14462	Thru Games 02/13/2016
2016	1	d1	14459	Thru Games 02/12/2016
2016	1	d1	14450	Thru Games 02/11/2016
2016	1	d1	14440	Thru Games 02/10/2016
2016	1	d1	14429	Thru Games 02/09/2016
2016	1	d1	14423	Thru Games 02/08/2016
2016	1	d1	14406	Thru Games 02/07/2016
2016	1	d1	14404	Thru Games 02/06/2016
2016	1	d1	14403	Thru Games 02/05/2016
2016	1	d1	14400	Thru Games 02/04/2016
2016	1	d1	14388	Thru Games 02/03/2016
2016	1	d1	14370	Thru Games 02/02/2016
2016	1	d1	14360	Thru Games 02/01/2016
2016	1	d1	14353	Thru Games 01/31/2016
2016	1	d1	14350	Thru Games 01/30/2016
2016	1	d1	14347	Thru Games 01/29/2016
2016	1	d1	14342	Thru Games 01/28/2016
2016	1	d1	14338	Thru Games 01/27/2016
2016	1	d1	14326	Thru Games 01/26/2016
2016	1	d1	14319	Thru Games 01/25/2016
2016	1	d1	14311	Thru Games 01/24/2016
2016	1	d1	14302	Thru Games 01/23/2016
2016	1	d1	14300	Thru Games 01/22/2016
2016	1	d1	14294	Thru Games 01/21/2016
2016	1	d1	14286	Thru Games 01/20/2016
2016	1	d1	14281	Thru Games 01/19/2016
2016	1	d1	14270	Thru Games 01/18/2016
2016	1	d1	14262	Thru Games 01/17/2016
2016	1	d1	14259	Thru Games 01/16/2016
2016	1	d1	14257	Thru Games 01/15/2016
2016	1	d1	14251	Thru Games 01/14/2016
2016	1	d1	14239	Thru Games 01/13/2016
2016	1	d1	14230	Thru Games 01/12/2016
2016	1	d1	14221	Thru Games 01/11/2016
2016	1	d1	14219	Thru Games 01/10/2016
2016	1	d1	14210	Thru Games 01/09/2016
2016	1	d1	14202	Thru Games 01/08/2016
2016	1	d1	14196	Thru Games 01/07/2016
2016	1	d1	14187	Thru Games 01/06/2016
2016	1	d1	14182	Thru Games 01/05/2016
2016	1	d1	14176	Thru Games 01/04/2016
2016	1	d1	14169	Thru Games 01/03/2016
2016	1	d1	14163	Thru Games 01/02/2016
2016	1	d1	14160	Thru Games 01/01/2016
2016	1	d1	14157	Thru Games 12/31/2015
2016	1	d1	14153	Thru Games 12/30/2015
2016	1	d1	14149	Thru Games 12/29/2015
2016	1	d1	14144	Thru Games 12/28/2015
2016	1	d1	14137	Thru Games 12/27/2015
2016	1	d1	14134	Thru Games 12/26/2015
2016	1	d1	14131	Thru Games 12/25/2015
2016	1	d1	14129	Thru Games 12/23/2015
2016	1	d1	14126	Thru Games 12/22/2015
2016	1	d1	14122	Thru Games 12/21/2015
2016	1	d1	14112	Thru Games 12/20/2015
2016	1	d1	14108	Thru Games 12/19/2015
2016	1	d1	14102	Thru Games 12/18/2015
2016	1	d1	14095	Thru Games 12/17/2015
2016	1	d1	14090	Thru Games 12/16/2015
2016	1	d1	14080	Thru Games 12/15/2015
2016	1	d1	14076	Thru Games 12/14/2015
2016	1	d1	14070	Thru Games 12/13/2015
2016	1	d1	14056	Thru Games 12/12/2015
2016	1	d1	14048	Thru Games 12/11/2015
2016	1	d1	14034	Thru Games 12/10/2015
2016	1	d1	14031	Thru Games 12/09/2015
2016	1	d1	14023	Thru Games 12/08/2015
2016	1	d1	14015	Thru Games 12/07/2015
2016	1	d1	14011	Thru Games 12/06/2015
2016	1	d1	13999	Thru Games 12/05/2015
2016	1	d1	13990	Thru Games 12/04/2015
2016	1	d1	13979	Thru Games 12/03/2015
2016	1	d1	13971	Thru Games 12/02/2015
2016	1	d1	13968	Thru Games 12/01/2015
2016	1	d1	13956	Thru Games 11/30/2015
2016	1	d1	13955	Thru Games 11/29/2015
2016	1	d1	13944	Thru Games 11/28/2015
2016	1	d1	13932	Thru Games 11/27/2015
2016	1	d1	13925	Thru Games 11/26/2015
2016	1	d1	13920	Thru Games 11/25/2015
2016	1	d1	13915	Thru Games 11/24/2015
2016	1	d1	13910	Thru Games 11/23/2015
2016	1	d1	13890	Thru Games 11/22/2015
2016	1	d1	13878	Thru Games 11/21/2015
2016	1	d1	13872	Thru Games 11/20/2015
2016	1	d1	13862	Thru Games 11/19/2015
2016	1	d1	13852	Thru Games 11/18/2015
2016	1	d1	13846	Thru Games 11/17/2015
2016	1	d1	13832	Thru Games 11/16/2015
2016	1	d1	14382	Thru Games 11/15/2015
2015	1	d1	13834	Thru Games 04/06/2015
2015	1	d1	15548	Thru Games 04/06/2015
2015	1	d1	12523	Thru Games 04/04/2015
2015	1	d1	12509	Thru Games 04/02/2015
2015	1	d1	12497	Thru Games 04/01/2015
2015	1	d1	12489	Thru Games 03/31/2015
2015	1	d1	12472	Thru Games 03/30/2015
2015	1	d1	12453	Thru Games 03/29/2015
2015	1	d1	12444	Thru Games 03/28/2015
2015	1	d1	12434	Thru Games 03/27/2015
2015	1	d1	12417	Thru Games 03/26/2015
2015	1	d1	12401	Thru Games 03/25/2015
2015	1	d1	12380	Thru Games 03/24/2015
2015	1	d1	12363	Thru Games 03/23/2015
2015	1	d1	12362	Thru Games 03/22/2015
2015	1	d1	12348	Thru Games 03/21/2015
2015	1	d1	12332	Thru Games 03/20/2015
2015	1	d1	12312	Thru Games 03/19/2015
2015	1	d1	12301	Thru Games 03/18/2015
2015	1	d1	12287	Thru Games 03/17/2015
2015	1	d1	12295	Thru Games 03/16/2015
2015	1	d1	12252	Thru Games 03/15/2015
2015	1	d1	12244	Thru Games 03/14/2015
2015	1	d1	12237	Thru Games 03/13/2015
2015	1	d1	12231	Thru Games 03/12/2015
2015	1	d1	12204	Thru Games 03/11/2015
2015	1	d1	12193	Thru Games 03/10/2015
2015	1	d1	12172	Thru Games 03/09/2015
2015	1	d1	12159	Thru Games 03/08/2015
2015	1	d1	12147	Thru Games 03/07/2015
2015	1	d1	12144	Thru Games 03/06/2015
2015	1	d1	12134	Thru Games 03/05/2015
2015	1	d1	12116	Thru Games 03/04/2015
2015	1	d1	12105	Thru Games 03/03/2015
2015	1	d1	12085	Thru Games 03/02/2015
2015	1	d1	12069	Thru Games 03/01/2015
2015	1	d1	12048	Thru Games 02/28/2015
2015	1	d1	12040	Thru Games 02/27/2015
2015	1	d1	12032	Thru Games 02/26/2015
2015	1	d1	12021	Thru Games 02/25/2015
2015	1	d1	12003	Thru Games 02/24/2015
2015	1	d1	11985	Thru Games 02/23/2015
2015	1	d1	11968	Thru Games 02/22/2015
2015	1	d1	11959	Thru Games 02/21/2015
2015	1	d1	11957	Thru Games 02/20/2015
2015	1	d1	11947	Thru Games 02/19/2015
2015	1	d1	11936	Thru Games 02/18/2015
2015	1	d1	11931	Thru Games 02/17/2015
2015	1	d1	11922	Thru Games 02/16/2015
2015	1	d1	11921	Thru Games 02/15/2015
2015	1	d1	11903	Thru Games 02/12/2015
2015	1	d1	11899	Thru Games 02/11/2015
2015	1	d1	11894	Thru Games 02/10/2015
2015	1	d1	11888	Thru Games 02/09/2015
2015	1	d1	11879	Thru Games 02/08/2015
2015	1	d1	11874	Thru Games 02/07/2015
2015	1	d1	11872	Thru Games 02/06/2015
2015	1	d1	11863	Thru Games 02/05/2015
2015	1	d1	11858	Thru Games 02/04/2015
2015	1	d1	11851	Thru Games 02/03/2015
2015	1	d1	11847	Thru Games 02/02/2015
2015	1	d1	11837	Thru Games 02/01/2015
2015	1	d1	11836	Thru Games 01/31/2015
2015	1	d1	11829	Thru Games 01/30/2015
2015	1	d1	11823	Thru Games 01/29/2015
2015	1	d1	11818	Thru Games 01/28/2015
2015	1	d1	11814	Thru Games 01/27/2015
2015	1	d1	11811	Thru Games 01/26/2015
2015	1	d1	11808	Thru Games 01/25/2015
2015	1	d1	11797	Thru Games 01/24/2015
2015	1	d1	11794	Thru Games 01/23/2015
2015	1	d1	11791	Thru Games 01/22/2015
2015	1	d1	11784	Thru Games 01/21/2015
2015	1	d1	11781	Thru Games 01/20/2015
2015	1	d1	11774	Thru Games 01/19/2015
2015	1	d1	11759	Thru Games 01/18/2015
2015	1	d1	11756	Thru Games 01/17/2015
2015	1	d1	11754	Thru Games 01/16/2015
2015	1	d1	11752	Thru Games 01/15/2015
2015	1	d1	11743	Thru Games 01/14/2015
2015	1	d1	11741	Thru Games 01/13/2015
2015	1	d1	11739	Thru Games 01/12/2015
2015	1	d1	11734	Thru Games 01/11/2015
2015	1	d1	11727	Thru Games 01/10/2015
2015	1	d1	11721	Thru Games 01/09/2015
2015	1	d1	11717	Thru Games 01/08/2015
2015	1	d1	11712	Thru Games 01/07/2015
2015	1	d1	11704	Thru Games 01/06/2015
2015	1	d1	11698	Thru Games 01/05/2015
2015	1	d1	11692	Thru Games 01/04/2015
2015	1	d1	11686	Thru Games 01/03/2015
2015	1	d1	11681	Thru Games 01/02/2015
2015	1	d1	11680	Thru Games 01/01/2015
2015	1	d1	11672	Thru Games 12/31/2014
2015	1	d1	11669	Thru Games 12/30/2014
2015	1	d1	11663	Thru Games 12/29/2014
2015	1	d1	11658	Thru Games 12/28/2014
2015	1	d1	11656	Thru Games 12/27/2014
2015	1	d1	11652	Thru Games 12/25/2014
2015	1	d1	11651	Thru Games 12/23/2014
2015	1	d1	11645	Thru Games 12/22/2014
2015	1	d1	11637	Thru Games 12/21/2014
2015	1	d1	11633	Thru Games 12/20/2014
2015	1	d1	11627	Thru Games 12/19/2014
2015	1	d1	11617	Thru Games 12/18/2014
2015	1	d1	11613	Thru Games 12/17/2014
2015	1	d1	11612	Thru Games 12/16/2014
2015	1	d1	11603	Thru Games 12/15/2014
2015	1	d1	11591	Thru Games 12/14/2014
2015	1	d1	11588	Thru Games 12/13/2014
2015	1	d1	11579	Thru Games 12/12/2014
2015	1	d1	11577	Thru Games 12/11/2014
2015	1	d1	11563	Thru Games 12/10/2014
2015	1	d1	11559	Thru Games 12/09/2014
2015	1	d1	11554	Thru Games 12/08/2014
2015	1	d1	11536	Thru Games 12/07/2014
2015	1	d1	11534	Thru Games 12/06/2014
2015	1	d1	11525	Thru Games 12/05/2014
2015	1	d1	11518	Thru Games 12/04/2014
2015	1	d1	11515	Thru Games 12/03/2014
2015	1	d1	11514	Thru Games 12/02/2014
2015	1	d1	11511	Thru Games 12/01/2014
2015	1	d1	11498	Thru Games 11/30/2014
2015	1	d1	11493	Thru Games 11/29/2014
2015	1	d1	11487	Thru Games 11/28/2014
2015	1	d1	11483	Thru Games 11/27/2014
2015	1	d1	11480	Thru Games 11/26/2014
2015	1	d1	11478	Thru Games 11/25/2014
2015	1	d1	11473	Thru Games 11/24/2014
2015	1	d1	11454	Thru Games 11/23/2014
2015	1	d1	13391	Thru Games 11/18/2014
2015	1	d1	13390	Thru Games 11/16/2014
2014	1	d1	15553	Thru Games 04/07/2014
2014	1	d1	10666	Thru Games 04/07/2014
2014	1	d1	10645	Thru Games 04/05/2014
2014	1	d1	10644	Thru Games 04/03/2014
2014	1	d1	10640	Thru Games 04/01/2014
2014	1	d1	10612	Thru Games 03/30/2014
2014	1	d1	10608	Thru Games 03/29/2014
2014	1	d1	10605	Thru Games 03/28/2014
2014	1	d1	10602	Thru Games 03/27/2014
2014	1	d1	10601	Thru Games 03/26/2014
2014	1	d1	10594	Thru Games 03/25/2014
2014	1	d1	10590	Thru Games 03/24/2014
2014	1	d1	10575	Thru Games 03/23/2014
2014	1	d1	10572	Thru Games 03/22/2014
2014	1	d1	10569	Thru Games 03/21/2014
2014	1	d1	10567	Thru Games 03/20/2014
2014	1	d1	10564	Thru Games 03/19/2014
2014	1	d1	10563	Thru Games 03/18/2014
2014	1	d1	10538	Thru Games 03/16/2014
2014	1	d1	10536	Thru Games 03/13/2014
2014	1	d1	10509	Thru Games 03/09/2014
2014	1	d1	10505	Thru Games 03/06/2014
2014	1	d1	10485	Thru Games 03/02/2014
2014	1	d1	10474	Thru Games 02/27/2014
2014	1	d1	10457	Thru Games 02/23/2014
2014	1	d1	10451	Thru Games 02/20/2014
2014	1	d1	10441	Thru Games 02/16/2014
2014	1	d1	10435	Thru Games 02/13/2014
2014	1	d1	10426	Thru Games 02/09/2014
2014	1	d1	10420	Thru Games 02/06/2014
2014	1	d1	10415	Thru Games 02/02/2014
2014	1	d1	10385	Thru Games 01/30/2014
2014	1	d1	10375	Thru Games 01/26/2014
2014	1	d1	10369	Thru Games 01/23/2014
2014	1	d1	10362	Thru Games 01/19/2014
2014	1	d1	10358	Thru Games 01/16/2014
2014	1	d1	10352	Thru Games 01/12/2014
2014	1	d1	10336	Thru Games 01/09/2014
2014	1	d1	10318	Thru Games 01/05/2014
2014	1	d1	10313	Thru Games 01/02/2014
2014	1	d1	10305	Thru Games 12/29/2013
2014	1	d1	10296	Thru Games 12/22/2013
2014	1	d1	10279	Thru Games 12/15/2013
2014	1	d1	10258	Thru Games 12/08/2013
2014	1	d1	10223	Thru Games 12/01/2013
2014	1	d1	10190	Thru Games 11/24/2013
2013	1	d1	15552	Thru Games 04/08/2013
2013	1	d1	9996	Thru Games 04/08/2013
2013	1	d1	9435	Thru Games 04/07/2013
2013	1	d1	9528	Thru Games 04/06/2013
2013	1	d1	9526	Thru Games 04/02/2013
2013	1	d1	9494	Thru Games 03/31/2013
2013	1	d1	9493	Thru Games 03/30/2013
2013	1	d1	9490	Thru Games 03/29/2013
2013	1	d1	9489	Thru Games 03/28/2013
2013	1	d1	9482	Thru Games 03/26/2013
2013	1	d1	9468	Thru Games 03/25/2013
2013	1	d1	9446	Thru Games 03/24/2013
2013	1	d1	9444	Thru Games 03/23/2013
2013	1	d1	9443	Thru Games 03/22/2013
2013	1	d1	9442	Thru Games 03/21/2013
2013	1	d1	9441	Thru Games 03/20/2013
2013	1	d1	9440	Thru Games 03/19/2013
2013	1	d1	9404	Thru Games 03/17/2013
2013	1	d1	9403	Thru Games 03/14/2013
2013	1	d1	9371	Thru Games 03/10/2013
2013	1	d1	9359	Thru Games 03/07/2013
2013	1	d1	9330	Thru Games 03/03/2013
2013	1	d1	9324	Thru Games 02/28/2013
2013	1	d1	9295	Thru Games 02/24/2013
2013	1	d1	9290	Thru Games 02/21/2013
2013	1	d1	9268	Thru Games 02/17/2013
2013	1	d1	9263	Thru Games 02/14/2013
2013	1	d1	9252	Thru Games 02/10/2013
2013	1	d1	9246	Thru Games 02/07/2013
2013	1	d1	9238	Thru Games 02/03/2013
2013	1	d1	9231	Thru Games 01/31/2013
2013	1	d1	9223	Thru Games 01/27/2013
2013	1	d1	9217	Thru Games 01/24/2013
2013	1	d1	9210	Thru Games 01/20/2013
2013	1	d1	9205	Thru Games 01/17/2013
2013	1	d1	9201	Thru Games 01/13/2013
2013	1	d1	9188	Thru Games 01/10/2013
2013	1	d1	9184	Thru Games 01/06/2013
2013	1	d1	9168	Thru Games 01/03/2013
2013	1	d1	9437	Thru Games 12/31/2012
2013	1	d1	9438	Thru Games 12/31/2012
2013	1	d1	9166	Thru Games 12/30/2012
2013	1	d1	9164	Thru Games 12/23/2012
2013	1	d1	9157	Thru Games 12/16/2012
2013	1	d1	9136	Thru Games 12/09/2012
2013	1	d1	9112	Thru Games 12/02/2012
2013	1	d1	9101	Thru Games 11/25/2012
2012	1	d1	8653	Thru Games 04/02/2012
2012	1	d1	15551	Thru Games 04/02/2012
2012	1	d1	8637	Thru Games 03/31/2012
2012	1	d1	8633	Thru Games 03/30/2012
2012	1	d1	8628	Thru Games 03/29/2012
2012	1	d1	8626	Thru Games 03/28/2012
2012	1	d1	8625	Thru Games 03/27/2012
2012	1	d1	8617	Thru Games 03/26/2012
2012	1	d1	8597	Thru Games 03/25/2012
2012	1	d1	8595	Thru Games 03/24/2012
2012	1	d1	8593	Thru Games 03/23/2012
2012	1	d1	8588	Thru Games 03/22/2012
2012	1	d1	8586	Thru Games 03/21/2012
2012	1	d1	8580	Thru Games 03/20/2012
2012	1	d1	8570	Thru Games 03/19/2012
2012	1	d1	8550	Thru Games 03/18/2012
2012	1	d1	8549	Thru Games 03/17/2012
2012	1	d1	8547	Thru Games 03/16/2012
2012	1	d1	8544	Thru Games 03/15/2012
2012	1	d1	8543	Thru Games 03/14/2012
2012	1	d1	8540	Thru Games 03/13/2012
2012	1	d1	8511	Thru Games 03/11/2012
2012	1	d1	8508	Thru Games 03/08/2012
2012	1	d1	8472	Thru Games 03/04/2012
2012	1	d1	8466	Thru Games 03/01/2012
2012	1	d1	8424	Thru Games 02/26/2012
2012	1	d1	8419	Thru Games 02/23/2012
2012	1	d1	8411	Thru Games 02/19/2012
2012	1	d1	8405	Thru Games 02/16/2012
2012	1	d1	8396	Thru Games 02/12/2012
2012	1	d1	8388	Thru Games 02/09/2012
2012	1	d1	8362	Thru Games 02/05/2012
2012	1	d1	8352	Thru Games 02/02/2012
2012	1	d1	8342	Thru Games 01/29/2012
2012	1	d1	8337	Thru Games 01/26/2012
2012	1	d1	8327	Thru Games 01/22/2012
2012	1	d1	8318	Thru Games 01/19/2012
2012	1	d1	8310	Thru Games 01/15/2012
2012	1	d1	8305	Thru Games 01/12/2012
2012	1	d1	8299	Thru Games 01/08/2012
2012	1	d1	8289	Thru Games 01/05/2012
2012	1	d1	8282	Thru Games 01/01/2012
2012	1	d1	8274	Thru Games 12/18/2011
2012	1	d1	8259	Thru Games 12/11/2011
2012	1	d1	8246	Thru Games 12/04/2011
2012	1	d1	8242	Thru Games 11/27/2011
2011	1	d1	7812	Thru Games 04/04/2011
2011	1	d1	7796	Thru Games 04/02/2011
2011	1	d1	7793	Thru Games 04/01/2011
2011	1	d1	7791	Thru Games 03/31/2011
2011	1	d1	7771	Thru Games 03/30/2011
2011	1	d1	7769	Thru Games 03/29/2011
2011	1	d1	7756	Thru Games 03/28/2011
2011	1	d1	7744	Thru Games 03/27/2011
2011	1	d1	7742	Thru Games 03/25/2011
2011	1	d1	7740	Thru Games 03/24/2011
2011	1	d1	7737	Thru Games 03/23/2011
2011	1	d1	7727	Thru Games 03/22/2011
2011	1	d1	7718	Thru Games 03/21/2011
2011	1	d1	7707	Thru Games 03/20/2011
2011	1	d1	7705	Thru Games 03/19/2011
2011	1	d1	7703	Thru Games 03/18/2011
2011	1	d1	7699	Thru Games 03/17/2011
2011	1	d1	7698	Thru Games 03/16/2011
2011	1	d1	7694	Thru Games 03/15/2011
2011	1	d1	7678	Thru Games 03/13/2011
2011	1	d1	7675	Thru Games 03/10/2011
2011	1	d1	7664	Thru Games 03/06/2011
2011	1	d1	7653	Thru Games 03/03/2011
2011	1	d1	7635	Thru Games 02/27/2011
2011	1	d1	7633	Thru Games 02/24/2011
2011	1	d1	7620	Thru Games 02/20/2011
2011	1	d1	7618	Thru Games 02/17/2011
2011	1	d1	7602	Thru Games 02/13/2011
2011	1	d1	7600	Thru Games 02/10/2011
2011	1	d1	7589	Thru Games 02/06/2011
2011	1	d1	7586	Thru Games 02/03/2011
2011	1	d1	7577	Thru Games 01/30/2011
2011	1	d1	7575	Thru Games 01/27/2011
2011	1	d1	7555	Thru Games 01/23/2011
2011	1	d1	7553	Thru Games 01/20/2011
2011	1	d1	7534	Thru Games 01/16/2011
2011	1	d1	7531	Thru Games 01/13/2011
2011	1	d1	7507	Thru Games 01/09/2011
2011	1	d1	7504	Thru Games 01/06/2011
2011	1	d1	7495	Thru Games 01/02/2011
2011	1	d1	7490	Thru Games 12/19/2010
2011	1	d1	7469	Thru Games 12/12/2010
2011	1	d1	7453	Thru Games 12/05/2010
2011	1	d1	7436	Thru Games 11/28/2010
2010	1	d1	7207	Thru Games 04/05/2010
2010	1	d1	7210	Thru Games 03/28/2010
2010	1	d1	7211	Thru Games 03/21/2010
2010	1	d1	7213	Thru Games 03/14/2010
2010	1	d1	6855	Thru Games 03/11/2010
2010	1	d1	6834	Thru Games 03/07/2010
2010	1	d1	6831	Thru Games 03/04/2010
2010	1	d1	6815	Thru Games 02/28/2010
2010	1	d1	6813	Thru Games 02/25/2010
2010	1	d1	6792	Thru Games 02/21/2010
2010	1	d1	6789	Thru Games 02/18/2010
2010	1	d1	6778	Thru Games 02/14/2010
2010	1	d1	6775	Thru Games 02/11/2010
2010	1	d1	6769	Thru Games 02/07/2010
2010	1	d1	6767	Thru Games 02/04/2010
2010	1	d1	6756	Thru Games 01/31/2010
2010	1	d1	6754	Thru Games 01/28/2010
2010	1	d1	6746	Thru Games 01/24/2010
2010	1	d1	6743	Thru Games 01/21/2010
2010	1	d1	6733	Thru Games 01/17/2010
2010	1	d1	6730	Thru Games 01/14/2010
2010	1	d1	6722	Thru Games 01/10/2010
2010	1	d1	6715	Thru Games 01/07/2010
2010	1	d1	6707	Thru Games 01/03/2010
2010	1	d1	6703	Thru Games 12/20/2009
2010	1	d1	6693	Thru Games 12/13/2009
2010	1	d1	6684	Thru Games 12/06/2009
2010	1	d1	6679	Thru Games 11/30/2009
2009	1	d1	6258	Thru Games 04/06/2009
2009	1	d1	6206	Thru Games 03/29/2009
2009	1	d1	6182	Thru Games 03/22/2009
2009	1	d1	6161	Thru Games 03/15/2009
2009	1	d1	6159	Thru Games 03/12/2009
2009	1	d1	6137	Thru Games 03/08/2009
2009	1	d1	6134	Thru Games 03/05/2009
2009	1	d1	6121	Thru Games 03/01/2009
2009	1	d1	6119	Thru Games 02/26/2009
2009	1	d1	6110	Thru Games 02/22/2009
2009	1	d1	6108	Thru Games 02/19/2009
2009	1	d1	6093	Thru Games 02/15/2009
2009	1	d1	6092	Thru Games 02/12/2009
2009	1	d1	6083	Thru Games 02/08/2009
2009	1	d1	6080	Thru Games 02/05/2009
2009	1	d1	6062	Thru Games 02/01/2009
2009	1	d1	6060	Thru Games 01/29/2009
2009	1	d1	6047	Thru Games 01/25/2009
2009	1	d1	6045	Thru Games 01/22/2009
2009	1	d1	6043	Thru Games 01/18/2009
2009	1	d1	6036	Thru Games 01/15/2009
2009	1	d1	6028	Thru Games 01/11/2009
2009	1	d1	6024	Thru Games 01/08/2009
2009	1	d1	6006	Thru Games 01/04/2009
2009	1	d1	6004	Thru Games 12/21/2008
2009	1	d1	5974	Thru Games 12/14/2008
2009	1	d1	5958	Thru Games 12/07/2008
2009	1	d1	5952	Thru Games 11/30/2008
2008	1	d1	5743	Thru Games 04/07/2008
2008	1	d1	5090	Thru Games 03/30/2008
2008	1	d1	5021	Thru Games 03/24/2008
2008	1	d1	4997	Thru Games 03/16/2008
2008	1	d1	4991	Thru Games 03/13/2008
2008	1	d1	4968	Thru Games 03/09/2008
2008	1	d1	4967	Thru Games 03/06/2008
2008	1	d1	4957	Thru Games 03/02/2008
2008	1	d1	4955	Thru Games 02/28/2008
2008	1	d1	4949	Thru Games 02/24/2008
2008	1	d1	4921	Thru Games 02/21/2008
2008	1	d1	4882	Thru Games 02/17/2008
2008	1	d1	4875	Thru Games 02/14/2008
2008	1	d1	4612	Thru Games 02/10/2008
2008	1	d1	4611	Thru Games 02/07/2008
2008	1	d1	4604	Thru Games 02/03/2008
2008	1	d1	4593	Thru Games 01/31/2008
2008	1	d1	4430	Thru Games 01/27/2008
2008	1	d1	4352	Thru Games 01/24/2008
2008	1	d1	4027	Thru Games 01/20/2008
2008	1	d1	3858	Thru Games 01/17/2008
2008	1	d1	3338	Thru Games 01/13/2008
2008	1	d1	3329	Thru Games 01/10/2008
2008	1	d1	3149	Thru Games 01/06/2008
2008	1	d1	3517	Thru Games 01/03/2008
2008	1	d1	3518	Thru Games 12/16/2007
2008	1	d1	3519	Thru Games 12/09/2007
2008	1	d1	3520	Thru Games 12/02/2007
2008	1	d1	3521	Thru Games 11/11/2007
2007	1	d1	3547	Thru Games 04/02/2007
2007	1	d1	3546	Thru Games 03/25/2007
2007	1	d1	3545	Thru Games 03/18/2007
2007	1	d1	3544	Thru Games 03/11/2007
2007	1	d1	3543	Thru Games 03/08/2007
2007	1	d1	3542	Thru Games 03/04/2007
2007	1	d1	3541	Thru Games 03/01/2007
2007	1	d1	3540	Thru Games 02/25/2007
2007	1	d1	3539	Thru Games 02/22/2007
2007	1	d1	3538	Thru Games 02/18/2007
2007	1	d1	3537	Thru Games 02/15/2007
2007	1	d1	3536	Thru Games 02/11/2007
2007	1	d1	3535	Thru Games 02/08/2007
2007	1	d1	3534	Thru Games 02/04/2007
2007	1	d1	3533	Thru Games 02/01/2007
2007	1	d1	3532	Thru Games 01/28/2007
2007	1	d1	3531	Thru Games 01/25/2007
2007	1	d1	3530	Thru Games 01/21/2007
2007	1	d1	3529	Thru Games 01/18/2007
2007	1	d1	3528	Thru Games 01/15/2007
2007	1	d1	3527	Thru Games 01/11/2007
2007	1	d1	3526	Thru Games 01/07/2007
2007	1	d1	3525	Thru Games 01/01/2007
2007	1	d1	3524	Thru Games 12/17/2006
2007	1	d1	3523	Thru Games 12/10/2006
2007	1	d1	3522	Thru Games 12/03/2006
2006	1	d1	3564	Thru Games 04/04/2006
2006	1	d1	3563	Thru Games 03/27/2006
2006	1	d1	3562	Thru Games 03/20/2006
2006	1	d1	3561	Thru Games 03/13/2006
2006	1	d1	3560	Thru Games 03/06/2006
2006	1	d1	3559	Thru Games 02/27/2006
2006	1	d1	3558	Thru Games 02/20/2006
2006	1	d1	3557	Thru Games 02/13/2006
2006	1	d1	3556	Thru Games 02/06/2006
2006	1	d1	3555	Thru Games 01/30/2006
2006	1	d1	3554	Thru Games 01/23/2006
2006	1	d1	3553	Thru Games 01/16/2006
2006	1	d1	3552	Thru Games 01/09/2006
2006	1	d1	3551	Thru Games 01/02/2006
2006	1	d1	3550	Thru Games 12/19/2005
2006	1	d1	3549	Thru Games 12/12/2005
2006	1	d1	3548	Thru Games 12/05/2005
2005	1	d1	3580	Thru Games 04/04/2005
2005	1	d1	3581	Thru Games 03/28/2005
2005	1	d1	3579	Thru Games 03/21/2005
2005	1	d1	3578	Thru Games 03/14/2005
2005	1	d1	3577	Thru Games 03/07/2005
2005	1	d1	3576	Thru Games 02/28/2005
2005	1	d1	3575	Thru Games 02/21/2005
2005	1	d1	3574	Thru Games 02/14/2005
2005	1	d1	3573	Thru Games 02/07/2005
2005	1	d1	3572	Thru Games 01/31/2005
2005	1	d1	3571	Thru Games 01/24/2005
2005	1	d1	3570	Thru Games 01/17/2005
2005	1	d1	3569	Thru Games 01/10/2005
2005	1	d1	3568	Thru Games 01/03/2005
2005	1	d1	3567	Thru Games 12/20/2004
2005	1	d1	3566	Thru Games 12/13/2004
2005	1	d1	3565	Thru Games 12/06/2004
2004	1	d1	3597	Thru Games 04/05/2004
2004	1	d1	3596	Thru Games 03/29/2004
2004	1	d1	3595	Thru Games 03/22/2004
2004	1	d1	3594	Thru Games 03/15/2004
2004	1	d1	3593	Thru Games 03/08/2004
2004	1	d1	3592	Thru Games 03/01/2004
2004	1	d1	3591	Thru Games 02/23/2004
2004	1	d1	3590	Thru Games 02/16/2004
2004	1	d1	3589	Thru Games 02/09/2004
2004	1	d1	3588	Thru Games 02/02/2004
2004	1	d1	3587	Thru Games 01/26/2004
2004	1	d1	3586	Thru Games 01/19/2004
2004	1	d1	3585	Thru Games 01/12/2004
2004	1	d1	3584	Thru Games 01/05/2004
2004	1	d1	3583	Thru Games 12/15/2003
2004	1	d1	3582	Thru Games 12/08/2003
2003	1	d1	3613	Thru Games 04/07/2003
2003	1	d1	3612	Thru Games 03/31/2003
2003	1	d1	3611	Thru Games 03/24/2003
2003	1	d1	3610	Thru Games 03/17/2003
2003	1	d1	3609	Thru Games 03/10/2003
2003	1	d1	3608	Thru Games 03/03/2003
2003	1	d1	3607	Thru Games 02/24/2003
2003	1	d1	3606	Thru Games 02/17/2003
2003	1	d1	3605	Thru Games 02/10/2003
2003	1	d1	3604	Thru Games 02/03/2003
2003	1	d1	3603	Thru Games 01/27/2003
2003	1	d1	3602	Thru Games 01/20/2003
2003	1	d1	3601	Thru Games 01/13/2003
2003	1	d1	3600	Thru Games 01/06/2003
2003	1	d1	3599	Thru Games 12/16/2002
2003	1	d1	3598	Thru Games 12/09/2002
2002	1	d1	3626	Thru Games 04/01/2002
2002	1	d1	3625	Thru Games 03/11/2002
2002	1	d1	3624	Thru Games 03/04/2002
2002	1	d1	3623	Thru Games 02/25/2002
2002	1	d1	3622	Thru Games 02/18/2002
2002	1	d1	3621	Thru Games 02/11/2002
2002	1	d1	3620	Thru Games 02/04/2002
2002	1	d1	3619	Thru Games 01/28/2002
2002	1	d1	3618	Thru Games 01/21/2002
2002	1	d1	3617	Thru Games 01/14/2002
2002	1	d1	3616	Thru Games 01/07/2002
2002	1	d1	3615	Thru Games 12/17/2001
2002	1	d1	3614	Thru Games 12/10/2001
2017	2	d2	17944	Thru Games 03/25/2017
2017	2	d2	17945	Thru Games 03/23/2017
2017	2	d2	17930	Thru Games 03/22/2017
2017	2	d2	17830	Thru Games 03/15/2017
2017	2	d2	17821	Thru Games 03/14/2017
2017	2	d2	17807	Thru Games 03/13/2017
2017	2	d2	17782	Thru Games 03/12/2017
2017	2	d2	17685	Thru Games 03/05/2017
2017	2	d2	17664	Thru Games 03/04/2017
2017	2	d2	17661	Thru Games 03/03/2017
2017	2	d2	17659	Thru Games 03/02/2017
2017	2	d2	17621	Thru Games 03/01/2017
2017	2	d2	17597	Thru Games 02/28/2017
2017	2	d2	17573	Thru Games 02/27/2017
2017	2	d2	17560	Thru Games 02/26/2017
2017	2	d2	17540	Thru Games 02/23/2017
2017	2	d2	17517	Thru Games 02/22/2017
2017	2	d2	17502	Thru Games 02/21/2017
2017	2	d2	17485	Thru Games 02/20/2017
2017	2	d2	17458	Thru Games 02/19/2017
2017	2	d2	17446	Thru Games 02/16/2017
2017	2	d2	17434	Thru Games 02/15/2017
2017	2	d2	17419	Thru Games 02/14/2017
2017	2	d2	17402	Thru Games 02/13/2017
2017	2	d2	17391	Thru Games 02/12/2017
2017	2	d2	17367	Thru Games 02/09/2017
2017	2	d2	17357	Thru Games 02/08/2017
2017	2	d2	17346	Thru Games 02/07/2017
2017	2	d2	17333	Thru Games 02/06/2017
2017	2	d2	17316	Thru Games 02/05/2017
2017	2	d2	17302	Thru Games 02/02/2017
2017	2	d2	17293	Thru Games 02/01/2017
2017	2	d2	17282	Thru Games 01/31/2017
2017	2	d2	17279	Thru Games 01/30/2017
2017	2	d2	17257	Thru Games 01/29/2017
2017	2	d2	17240	Thru Games 01/26/2017
2017	2	d2	17230	Thru Games 01/25/2017
2017	2	d2	17224	Thru Games 01/24/2017
2017	2	d2	17214	Thru Games 01/23/2017
2017	2	d2	17210	Thru Games 01/22/2017
2017	2	d2	17189	Thru Games 01/19/2017
2017	2	d2	17181	Thru Games 01/18/2017
2017	2	d2	17174	Thru Games 01/17/2017
2017	2	d2	17172	Thru Games 01/16/2017
2017	2	d2	17155	Thru Games 01/15/2017
2017	2	d2	17145	Thru Games 01/12/2017
2017	2	d2	17134	Thru Games 01/11/2017
2017	2	d2	17126	Thru Games 01/10/2017
2017	2	d2	17121	Thru Games 01/09/2017
2017	2	d2	17104	Thru Games 01/08/2017
2017	2	d2	17088	Thru Games 01/05/2017
2017	2	d2	17081	Thru Games 01/04/2017
2017	2	d2	17074	Thru Games 01/03/2017
2017	2	d2	17059	Thru Games 01/02/2017
2017	2	d2	17054	Thru Games 01/01/2017
2017	2	d2	17045	Thru Games 12/29/2016
2017	2	d2	17037	Thru Games 12/28/2016
2017	2	d2	17006	Thru Games 12/20/2016
2017	2	d2	16983	Thru Games 12/19/2016
2017	2	d2	16975	Thru Games 12/18/2016
2017	2	d2	16944	Thru Games 12/15/2016
2017	2	d2	16930	Thru Games 12/14/2016
2017	2	d2	16920	Thru Games 12/13/2016
2017	2	d2	16907	Thru Games 12/12/2016
2017	2	d2	16894	Thru Games 12/11/2016
2017	2	d2	16848	Thru Games 12/08/2016
2017	2	d2	16844	Thru Games 12/07/2016
2017	2	d2	16837	Thru Games 12/06/2016
2017	2	d2	16829	Thru Games 12/05/2016
2017	2	d2	16812	Thru Games 12/04/2016
2017	2	d2	16769	Thru Games 12/01/2016
2017	2	d2	16755	Thru Games 11/30/2016
2017	2	d2	16747	Thru Games 11/29/2016
2017	2	d2	16733	Thru Games 11/28/2016
2017	2	d2	16717	Thru Games 11/27/2016
2017	2	d2	16685	Thru Games 11/24/2016
2017	2	d2	16675	Thru Games 11/23/2016
2017	2	d2	16664	Thru Games 11/22/2016
2017	2	d2	16646	Thru Games 11/21/2016
2017	2	d2	16638	Thru Games 11/20/2016
2017	2	d2	16574	Thru Games 11/17/2016
2017	2	d2	16557	Thru Games 11/16/2016
2017	2	d2	16548	Thru Games 11/15/2016
2017	2	d2	16534	Thru Games 11/14/2016
2017	2	d2	16528	Thru Games 11/13/2016
2016	2	d2	14984	Thru Games 03/26/2016
2016	2	d2	14977	Thru Games 03/24/2016
2016	2	d2	14957	Thru Games 03/23/2016
2016	2	d2	14860	Thru Games 03/15/2016
2016	2	d2	14824	Thru Games 03/14/2016
2016	2	d2	14825	Thru Games 03/13/2016
2016	2	d2	14732	Thru Games 03/06/2016
2016	2	d2	14705	Thru Games 03/03/2016
2016	2	d2	14692	Thru Games 03/02/2016
2016	2	d2	14674	Thru Games 03/01/2016
2016	2	d2	14657	Thru Games 02/29/2016
2016	2	d2	14634	Thru Games 02/28/2016
2016	2	d2	14613	Thru Games 02/25/2016
2016	2	d2	14600	Thru Games 02/24/2016
2016	2	d2	14583	Thru Games 02/23/2016
2016	2	d2	14561	Thru Games 02/22/2016
2016	2	d2	14549	Thru Games 02/21/2016
2016	2	d2	14533	Thru Games 02/18/2016
2016	2	d2	14515	Thru Games 02/17/2016
2016	2	d2	14504	Thru Games 02/16/2016
2016	2	d2	14493	Thru Games 02/15/2016
2016	2	d2	14474	Thru Games 02/14/2016
2016	2	d2	14449	Thru Games 02/11/2016
2016	2	d2	14437	Thru Games 02/10/2016
2016	2	d2	14430	Thru Games 02/09/2016
2016	2	d2	14421	Thru Games 02/08/2016
2016	2	d2	14411	Thru Games 02/07/2016
2016	2	d2	14395	Thru Games 02/04/2016
2016	2	d2	14381	Thru Games 02/03/2016
2016	2	d2	14369	Thru Games 02/02/2016
2016	2	d2	14366	Thru Games 02/01/2016
2016	2	d2	14357	Thru Games 01/31/2016
2016	2	d2	14343	Thru Games 01/28/2016
2016	2	d2	14336	Thru Games 01/27/2016
2016	2	d2	14327	Thru Games 01/26/2016
2016	2	d2	14316	Thru Games 01/25/2016
2016	2	d2	14305	Thru Games 01/24/2016
2016	2	d2	14297	Thru Games 01/21/2016
2016	2	d2	14288	Thru Games 01/20/2016
2016	2	d2	14280	Thru Games 01/19/2016
2016	2	d2	14271	Thru Games 01/18/2016
2016	2	d2	14260	Thru Games 01/17/2016
2016	2	d2	14249	Thru Games 01/14/2016
2016	2	d2	14243	Thru Games 01/13/2016
2016	2	d2	14240	Thru Games 01/12/2016
2016	2	d2	14223	Thru Games 01/11/2016
2016	2	d2	14214	Thru Games 01/10/2016
2016	2	d2	14201	Thru Games 01/07/2016
2016	2	d2	14188	Thru Games 01/06/2016
2016	2	d2	14183	Thru Games 01/05/2016
2016	2	d2	14178	Thru Games 01/04/2016
2016	2	d2	14167	Thru Games 01/03/2016
2016	2	d2	14111	Thru Games 12/20/2015
2016	2	d2	14094	Thru Games 12/17/2015
2016	2	d2	14089	Thru Games 12/16/2015
2016	2	d2	14081	Thru Games 12/15/2015
2016	2	d2	14077	Thru Games 12/14/2015
2016	2	d2	14065	Thru Games 12/13/2015
2016	2	d2	14038	Thru Games 12/10/2015
2016	2	d2	14029	Thru Games 12/09/2015
2016	2	d2	14024	Thru Games 12/08/2015
2016	2	d2	14018	Thru Games 12/07/2015
2016	2	d2	14014	Thru Games 12/06/2015
2016	2	d2	14006	Thru Games 12/04/2015
2016	2	d2	13985	Thru Games 12/03/2015
2016	2	d2	13975	Thru Games 12/02/2015
2016	2	d2	13967	Thru Games 12/01/2015
2016	2	d2	13963	Thru Games 11/30/2015
2016	2	d2	13953	Thru Games 11/29/2015
2016	2	d2	13899	Thru Games 11/22/2015
2016	2	d2	13865	Thru Games 11/19/2015
2016	2	d2	13825	Thru Games 11/15/2015
2016	2	d2	14325	Thru Games 11/10/2015
2016	2	d2	14448	Thru Games 11/05/2015
2015	2	d2	12759	Thru Games 03/28/2015
2015	2	d2	12419	Thru Games 03/26/2015
2015	2	d2	12398	Thru Games 03/25/2015
2015	2	d2	12285	Thru Games 03/17/2015
2015	2	d2	12267	Thru Games 03/16/2015
2015	2	d2	12255	Thru Games 03/15/2015
2015	2	d2	12164	Thru Games 03/08/2015
2015	2	d2	12129	Thru Games 03/05/2015
2015	2	d2	12065	Thru Games 03/01/2015
2015	2	d2	12033	Thru Games 02/26/2015
2015	2	d2	11969	Thru Games 02/22/2015
2015	2	d2	11950	Thru Games 02/19/2015
2015	2	d2	11917	Thru Games 02/15/2015
2015	2	d2	11909	Thru Games 02/12/2015
2015	2	d2	11884	Thru Games 02/08/2015
2015	2	d2	11867	Thru Games 02/05/2015
2015	2	d2	11843	Thru Games 02/01/2015
2015	2	d2	11824	Thru Games 01/29/2015
2015	2	d2	11805	Thru Games 01/25/2015
2015	2	d2	11788	Thru Games 01/22/2015
2015	2	d2	11785	Thru Games 01/21/2015
2015	2	d2	11761	Thru Games 01/18/2015
2015	2	d2	11749	Thru Games 01/15/2015
2015	2	d2	11730	Thru Games 01/11/2015
2015	2	d2	11720	Thru Games 01/08/2015
2015	2	d2	11693	Thru Games 01/04/2015
2015	2	d2	11678	Thru Games 01/01/2015
2015	2	d2	11640	Thru Games 12/21/2014
2015	2	d2	11619	Thru Games 12/18/2014
2015	2	d2	11594	Thru Games 12/14/2014
2015	2	d2	11568	Thru Games 12/11/2014
2015	2	d2	11543	Thru Games 12/08/2014
2015	2	d2	11519	Thru Games 12/04/2014
2015	2	d2	11501	Thru Games 11/30/2014
2015	2	d2	11461	Thru Games 11/23/2014
2014	2	d2	10611	Thru Games 03/29/2014
2014	2	d2	10603	Thru Games 03/27/2014
2014	2	d2	10597	Thru Games 03/26/2014
2014	2	d2	10559	Thru Games 03/18/2014
2014	2	d2	10542	Thru Games 03/16/2014
2014	2	d2	10513	Thru Games 03/09/2014
2014	2	d2	10504	Thru Games 03/06/2014
2014	2	d2	10489	Thru Games 03/02/2014
2014	2	d2	10478	Thru Games 02/27/2014
2014	2	d2	10461	Thru Games 02/23/2014
2014	2	d2	10452	Thru Games 02/20/2014
2014	2	d2	10450	Thru Games 02/16/2014
2014	2	d2	10439	Thru Games 02/13/2014
2014	2	d2	10427	Thru Games 02/09/2014
2014	2	d2	10422	Thru Games 02/06/2014
2014	2	d2	10418	Thru Games 02/02/2014
2014	2	d2	10392	Thru Games 01/30/2014
2014	2	d2	10384	Thru Games 01/26/2014
2014	2	d2	10370	Thru Games 01/23/2014
2014	2	d2	10365	Thru Games 01/19/2014
2014	2	d2	10356	Thru Games 01/16/2014
2014	2	d2	10344	Thru Games 01/12/2014
2014	2	d2	10335	Thru Games 01/09/2014
2014	2	d2	10320	Thru Games 01/05/2014
2014	2	d2	10297	Thru Games 12/22/2013
2014	2	d2	10281	Thru Games 12/15/2013
2014	2	d2	10271	Thru Games 12/08/2013
2014	2	d2	10245	Thru Games 12/01/2013
2014	2	d2	10210	Thru Games 11/24/2013
2013	2	d2	9530	Thru Games 04/07/2013
2013	2	d2	9495	Thru Games 03/30/2013
2013	2	d2	9487	Thru Games 03/28/2013
2013	2	d2	9439	Thru Games 03/19/2013
2013	2	d2	9406	Thru Games 03/17/2013
2013	2	d2	9365	Thru Games 03/10/2013
2013	2	d2	9362	Thru Games 03/07/2013
2013	2	d2	9333	Thru Games 03/03/2013
2013	2	d2	9327	Thru Games 02/28/2013
2013	2	d2	9299	Thru Games 02/24/2013
2013	2	d2	9291	Thru Games 02/21/2013
2013	2	d2	9281	Thru Games 02/17/2013
2013	2	d2	9265	Thru Games 02/14/2013
2013	2	d2	9258	Thru Games 02/10/2013
2013	2	d2	9250	Thru Games 02/07/2013
2013	2	d2	9240	Thru Games 02/03/2013
2013	2	d2	9233	Thru Games 01/31/2013
2013	2	d2	9226	Thru Games 01/27/2013
2013	2	d2	9220	Thru Games 01/24/2013
2013	2	d2	9213	Thru Games 01/20/2013
2013	2	d2	9208	Thru Games 01/17/2013
2013	2	d2	9198	Thru Games 01/13/2013
2013	2	d2	9191	Thru Games 01/10/2013
2013	2	d2	9182	Thru Games 01/06/2013
2013	2	d2	9171	Thru Games 01/03/2013
2013	2	d2	9153	Thru Games 12/16/2012
2013	2	d2	9139	Thru Games 12/09/2012
2013	2	d2	9124	Thru Games 12/02/2012
2012	2	d2	8150	Thru Games
2012	2	d2	8634	Thru Games 03/24/2012
2012	2	d2	8590	Thru Games 03/22/2012
2012	2	d2	8584	Thru Games 03/21/2012
2012	2	d2	8541	Thru Games 03/13/2012
2012	2	d2	8510	Thru Games 03/11/2012
2012	2	d2	8475	Thru Games 03/04/2012
2012	2	d2	8467	Thru Games 03/01/2012
2012	2	d2	8428	Thru Games 02/26/2012
2012	2	d2	8420	Thru Games 02/23/2012
2012	2	d2	8415	Thru Games 02/19/2012
2012	2	d2	8407	Thru Games 02/16/2012
2012	2	d2	8399	Thru Games 02/12/2012
2012	2	d2	8391	Thru Games 02/09/2012
2012	2	d2	8368	Thru Games 02/05/2012
2012	2	d2	8356	Thru Games 02/02/2012
2012	2	d2	8345	Thru Games 01/29/2012
2012	2	d2	8339	Thru Games 01/26/2012
2012	2	d2	8329	Thru Games 01/22/2012
2012	2	d2	8320	Thru Games 01/19/2012
2012	2	d2	8314	Thru Games 01/15/2012
2012	2	d2	8308	Thru Games 01/12/2012
2012	2	d2	8303	Thru Games 01/08/2012
2012	2	d2	8290	Thru Games 01/05/2012
2012	2	d2	8285	Thru Games 01/01/2012
2012	2	d2	8278	Thru Games 12/18/2011
2012	2	d2	8267	Thru Games 12/11/2011
2011	2	d2	7789	Thru Games 03/27/2011
2011	2	d2	7784	Thru Games 03/15/2011
2011	2	d2	7786	Thru Games 03/06/2011
2011	2	d2	7780	Thru Games 02/27/2011
2011	2	d2	7777	Thru Games 02/20/2011
2011	2	d2	7776	Thru Games 02/13/2011
2011	2	d2	7775	Thru Games 02/06/2011
2011	2	d2	7787	Thru Games 01/30/2011
2011	2	d2	7774	Thru Games 01/23/2011
2011	2	d2	7773	Thru Games 01/16/2011
2011	2	d2	7516	Thru Games 01/09/2011
2011	2	d2	7785	Thru Games 01/02/2011
2011	2	d2	7782	Thru Games 12/12/2010
2010	2	d2	6925	Thru Games 03/27/2010
2010	2	d2	6878	Thru Games 03/16/2010
2010	2	d2	6846	Thru Games 03/07/2010
2010	2	d2	6823	Thru Games 02/28/2010
2010	2	d2	6794	Thru Games 02/21/2010
2010	2	d2	6783	Thru Games 02/14/2010
2010	2	d2	6774	Thru Games 02/07/2010
2010	2	d2	6758	Thru Games 01/31/2010
2010	2	d2	6749	Thru Games 01/24/2010
2010	2	d2	6741	Thru Games 01/17/2010
2010	2	d2	6729	Thru Games 01/10/2010
2010	2	d2	6711	Thru Games 01/03/2010
2010	2	d2	6695	Thru Games 12/13/2009
2009	2	d2	6229	Thru Games 03/29/2009
2009	2	d2	6181	Thru Games 03/18/2009
2009	2	d2	6143	Thru Games 03/08/2009
2009	2	d2	6130	Thru Games 03/01/2009
2009	2	d2	6118	Thru Games 02/22/2009
2009	2	d2	6106	Thru Games 02/15/2009
2009	2	d2	6084	Thru Games 02/08/2009
2009	2	d2	6074	Thru Games 02/01/2009
2009	2	d2	6053	Thru Games 01/25/2009
2009	2	d2	6038	Thru Games 01/18/2009
2009	2	d2	6033	Thru Games 01/11/2009
2009	2	d2	6013	Thru Games 01/04/2009
2009	2	d2	5983	Thru Games 12/14/2008
2008	2	d2	5190	Thru Games 03/30/2008
2008	2	d2	5020	Thru Games 03/16/2008
2008	2	d2	4972	Thru Games 03/09/2008
2008	2	d2	4961	Thru Games 03/02/2008
2008	2	d2	4951	Thru Games 02/24/2008
2008	2	d2	4878	Thru Games 02/17/2008
2008	2	d2	4615	Thru Games 02/10/2008
2008	2	d2	4606	Thru Games 02/03/2008
2008	2	d2	4587	Thru Games 01/27/2008
2008	2	d2	4120	Thru Games 01/20/2008
2008	2	d2	3360	Thru Games 01/13/2008
2008	2	d2	3239	Thru Games 01/06/2008
2008	2	d2	3273	Thru Games 12/16/2007
2007	2	d2	4895	Thru Games 03/25/2007
2007	2	d2	4894	Thru Games 03/18/2007
2007	2	d2	4893	Thru Games 03/04/2007
2007	2	d2	4892	Thru Games 02/25/2007
2007	2	d2	4891	Thru Games 02/18/2007
2007	2	d2	4890	Thru Games 02/11/2007
2007	2	d2	4889	Thru Games 02/04/2007
2007	2	d2	4888	Thru Games 01/28/2007
2007	2	d2	4887	Thru Games 01/21/2007
2007	2	d2	4886	Thru Games 01/14/2007
2007	2	d2	4885	Thru Games 01/07/2007
2007	2	d2	4884	Thru Games 12/31/2006
2006	2	d2	4934	Thru Games 03/26/2006
2006	2	d2	4933	Thru Games 03/19/2006
2006	2	d2	4932	Thru Games 03/12/2006
2006	2	d2	4931	Thru Games 03/05/2006
2006	2	d2	4930	Thru Games 02/26/2006
2006	2	d2	4929	Thru Games 02/19/2006
2006	2	d2	4928	Thru Games 02/12/2006
2006	2	d2	4927	Thru Games 02/05/2006
2006	2	d2	4926	Thru Games 01/29/2006
2006	2	d2	4925	Thru Games 01/22/2006
2006	2	d2	4924	Thru Games 01/15/2006
2006	2	d2	4923	Thru Games 01/08/2006
2006	2	d2	4922	Thru Games 01/01/2006
2005	2	d2	5189	Thru Games 03/27/2005
2005	2	d2	5188	Thru Games 03/13/2005
2005	2	d2	5187	Thru Games 03/06/2005
2005	2	d2	5186	Thru Games 02/27/2005
2005	2	d2	5185	Thru Games 02/20/2005
2005	2	d2	5184	Thru Games 02/13/2005
2005	2	d2	5183	Thru Games 02/06/2005
2005	2	d2	5182	Thru Games 01/30/2005
2005	2	d2	5181	Thru Games 01/23/2005
2005	2	d2	5180	Thru Games 01/16/2005
2005	2	d2	5179	Thru Games 01/09/2005
2005	2	d2	5178	Thru Games 01/02/2005
2004	2	d2	5361	Thru Games 04/04/2004
2004	2	d2	5360	Thru Games 03/21/2004
2004	2	d2	5359	Thru Games 03/14/2004
2004	2	d2	5358	Thru Games 03/07/2004
2004	2	d2	5357	Thru Games 02/29/2004
2004	2	d2	5356	Thru Games 02/22/2004
2004	2	d2	5355	Thru Games 02/15/2004
2004	2	d2	5354	Thru Games 02/08/2004
2004	2	d2	5353	Thru Games 02/01/2004
2004	2	d2	5352	Thru Games 01/25/2004
2004	2	d2	5351	Thru Games 01/18/2004
2004	2	d2	5350	Thru Games 01/11/2004
2004	2	d2	5349	Thru Games 01/04/2004
2003	2	d2	5348	Thru Games 03/31/2003
2003	2	d2	5347	Thru Games 03/16/2003
2003	2	d2	5346	Thru Games 03/09/2003
2003	2	d2	5345	Thru Games 03/02/2003
2003	2	d2	5344	Thru Games 02/23/2003
2003	2	d2	5343	Thru Games 02/16/2003
2003	2	d2	5342	Thru Games 02/09/2003
2003	2	d2	5341	Thru Games 02/02/2003
2003	2	d2	5340	Thru Games 01/26/2003
2003	2	d2	5339	Thru Games 01/19/2003
2003	2	d2	5338	Thru Games 01/12/2003
2003	2	d2	5337	Thru Games 01/05/2003
2002	2	d2	5336	Thru Games 03/23/2002
2002	2	d2	5335	Thru Games 03/11/2002
2002	2	d2	5334	Thru Games 03/04/2002
2002	2	d2	5333	Thru Games 02/25/2002
2002	2	d2	5332	Thru Games 02/18/2002
2002	2	d2	5331	Thru Games 02/11/2002
2002	2	d2	5330	Thru Games 02/04/2002
2002	2	d2	5329	Thru Games 01/27/2002
2002	2	d2	5328	Thru Games 01/21/2002
2002	2	d2	5327	Thru Games 01/14/2002
2002	2	d2	5326	Thru Games 01/07/2002
2002	2	d2	5325	Thru Games 12/10/2001
2017	3	d3	17878	Thru Games 03/18/2017
2017	3	d3	17879	Thru Games 03/18/2017
2017	3	d3	17842	Thru Games 03/11/2017
2017	3	d3	17765	Thru Games 03/10/2017
2017	3	d3	17683	Thru Games 03/05/2017
2017	3	d3	17666	Thru Games 03/04/2017
2017	3	d3	17657	Thru Games 03/03/2017
2017	3	d3	17613	Thru Games 03/01/2017
2017	3	d3	17564	Thru Games 02/26/2017
2017	3	d3	17548	Thru Games 02/25/2017
2017	3	d3	17544	Thru Games 02/24/2017
2017	3	d3	17539	Thru Games 02/23/2017
2017	3	d3	17516	Thru Games 02/22/2017
2017	3	d3	17504	Thru Games 02/21/2017
2017	3	d3	17487	Thru Games 02/20/2017
2017	3	d3	17454	Thru Games 02/19/2017
2017	3	d3	17442	Thru Games 02/16/2017
2017	3	d3	17433	Thru Games 02/15/2017
2017	3	d3	17420	Thru Games 02/14/2017
2017	3	d3	17400	Thru Games 02/13/2017
2017	3	d3	17394	Thru Games 02/12/2017
2017	3	d3	17374	Thru Games 02/10/2017
2017	3	d3	17365	Thru Games 02/09/2017
2017	3	d3	17359	Thru Games 02/08/2017
2017	3	d3	17349	Thru Games 02/07/2017
2017	3	d3	17338	Thru Games 02/06/2017
2017	3	d3	17327	Thru Games 02/05/2017
2017	3	d3	17305	Thru Games 02/02/2017
2017	3	d3	17291	Thru Games 02/01/2017
2017	3	d3	17285	Thru Games 01/31/2017
2017	3	d3	17272	Thru Games 01/30/2017
2017	3	d3	17264	Thru Games 01/29/2017
2017	3	d3	17249	Thru Games 01/27/2017
2017	3	d3	17246	Thru Games 01/26/2017
2017	3	d3	17233	Thru Games 01/25/2017
2017	3	d3	17226	Thru Games 01/24/2017
2017	3	d3	17215	Thru Games 01/23/2017
2017	3	d3	17213	Thru Games 01/22/2017
2017	3	d3	17200	Thru Games 01/20/2017
2017	3	d3	17193	Thru Games 01/19/2017
2017	3	d3	17186	Thru Games 01/18/2017
2017	3	d3	17176	Thru Games 01/17/2017
2017	3	d3	17170	Thru Games 01/16/2017
2017	3	d3	17154	Thru Games 01/15/2017
2017	3	d3	17149	Thru Games 01/13/2017
2017	3	d3	17143	Thru Games 01/12/2017
2017	3	d3	17138	Thru Games 01/11/2017
2017	3	d3	17130	Thru Games 01/10/2017
2017	3	d3	17124	Thru Games 01/09/2017
2017	3	d3	17115	Thru Games 01/08/2017
2017	3	d3	17095	Thru Games 01/06/2017
2017	3	d3	17089	Thru Games 01/05/2017
2017	3	d3	17083	Thru Games 01/04/2017
2017	3	d3	17076	Thru Games 01/03/2017
2017	3	d3	17061	Thru Games 01/02/2017
2017	3	d3	17055	Thru Games 01/01/2017
2017	3	d3	17015	Thru Games 12/22/2016
2017	3	d3	17008	Thru Games 12/21/2016
2017	3	d3	16999	Thru Games 12/20/2016
2017	3	d3	16986	Thru Games 12/19/2016
2017	3	d3	16971	Thru Games 12/18/2016
2017	3	d3	16956	Thru Games 12/16/2016
2017	3	d3	16934	Thru Games 12/15/2016
2017	3	d3	16927	Thru Games 12/14/2016
2017	3	d3	16919	Thru Games 12/13/2016
2017	3	d3	16911	Thru Games 12/12/2016
2017	3	d3	16899	Thru Games 12/11/2016
2017	3	d3	16851	Thru Games 12/08/2016
2017	3	d3	16846	Thru Games 12/07/2016
2017	3	d3	16840	Thru Games 12/06/2016
2017	3	d3	16830	Thru Games 12/05/2016
2017	3	d3	16814	Thru Games 12/04/2016
2017	3	d3	16770	Thru Games 12/01/2016
2017	3	d3	16758	Thru Games 11/30/2016
2017	3	d3	16752	Thru Games 11/29/2016
2017	3	d3	16736	Thru Games 11/28/2016
2017	3	d3	16719	Thru Games 11/27/2016
2017	3	d3	16681	Thru Games 11/24/2016
2017	3	d3	16668	Thru Games 11/22/2016
2017	3	d3	16653	Thru Games 11/21/2016
2017	3	d3	16644	Thru Games 11/20/2016
2017	3	d3	16567	Thru Games 11/17/2016
2017	3	d3	16562	Thru Games 11/16/2016
2017	3	d3	16553	Thru Games 11/15/2016
2016	3	d3	16407	Thru Games 03/19/2016
2016	3	d3	15007	Thru Games 03/19/2016
2016	3	d3	14810	Thru Games 03/11/2016
2016	3	d3	14734	Thru Games 03/06/2016
2016	3	d3	14728	Thru Games 03/05/2016
2016	3	d3	14726	Thru Games 03/04/2016
2016	3	d3	14718	Thru Games 03/03/2016
2016	3	d3	14689	Thru Games 03/02/2016
2016	3	d3	14665	Thru Games 02/28/2016
2016	3	d3	14629	Thru Games 02/27/2016
2016	3	d3	14625	Thru Games 02/26/2016
2016	3	d3	14610	Thru Games 02/25/2016
2016	3	d3	14596	Thru Games 02/24/2016
2016	3	d3	14588	Thru Games 02/23/2016
2016	3	d3	14567	Thru Games 02/22/2016
2016	3	d3	14552	Thru Games 02/21/2016
2016	3	d3	14527	Thru Games 02/18/2016
2016	3	d3	14524	Thru Games 02/17/2016
2016	3	d3	14508	Thru Games 02/16/2016
2016	3	d3	14499	Thru Games 02/15/2016
2016	3	d3	14477	Thru Games 02/14/2016
2016	3	d3	14451	Thru Games 02/11/2016
2016	3	d3	14443	Thru Games 02/10/2016
2016	3	d3	14433	Thru Games 02/09/2016
2016	3	d3	14425	Thru Games 02/08/2016
2016	3	d3	14414	Thru Games 02/07/2016
2016	3	d3	14399	Thru Games 02/04/2016
2016	3	d3	14389	Thru Games 02/03/2016
2016	3	d3	14373	Thru Games 02/02/2016
2016	3	d3	14363	Thru Games 02/01/2016
2016	3	d3	14359	Thru Games 01/31/2016
2016	3	d3	14344	Thru Games 01/28/2016
2016	3	d3	14339	Thru Games 01/27/2016
2016	3	d3	14330	Thru Games 01/26/2016
2016	3	d3	14318	Thru Games 01/25/2016
2016	3	d3	14312	Thru Games 01/24/2016
2016	3	d3	14296	Thru Games 01/21/2016
2016	3	d3	14290	Thru Games 01/20/2016
2016	3	d3	14282	Thru Games 01/19/2016
2016	3	d3	14274	Thru Games 01/18/2016
2016	3	d3	14268	Thru Games 01/17/2016
2016	3	d3	14253	Thru Games 01/14/2016
2016	3	d3	14244	Thru Games 01/13/2016
2016	3	d3	14234	Thru Games 01/12/2016
2016	3	d3	14226	Thru Games 01/11/2016
2016	3	d3	14218	Thru Games 01/10/2016
2016	3	d3	14199	Thru Games 01/07/2016
2016	3	d3	14193	Thru Games 01/06/2016
2016	3	d3	14192	Thru Games 01/05/2016
2016	3	d3	14181	Thru Games 01/04/2016
2016	3	d3	14172	Thru Games 01/03/2016
2016	3	d3	14138	Thru Games 12/27/2015
2016	3	d3	14118	Thru Games 12/20/2015
2016	3	d3	14099	Thru Games 12/17/2015
2016	3	d3	14087	Thru Games 12/16/2015
2016	3	d3	14071	Thru Games 12/13/2015
2016	3	d3	14039	Thru Games 12/10/2015
2016	3	d3	14012	Thru Games 12/06/2015
2016	3	d3	13984	Thru Games 12/03/2015
2016	3	d3	13958	Thru Games 11/29/2015
2016	3	d3	13927	Thru Games 11/26/2015
2016	3	d3	13891	Thru Games 11/22/2015
2016	3	d3	13864	Thru Games 11/19/2015
2016	3	d3	13820	Thru Games 11/15/2015
2015	3	d3	14247	Thru Games 03/21/2015
2015	3	d3	12984	Thru Games 03/21/2015
2015	3	d3	12306	Thru Games 03/14/2015
2015	3	d3	12201	Thru Games 03/07/2015
2015	3	d3	12124	Thru Games 03/05/2015
2015	3	d3	12121	Thru Games 03/04/2015
2015	3	d3	12075	Thru Games 03/01/2015
2015	3	d3	12031	Thru Games 02/27/2015
2015	3	d3	11976	Thru Games 02/22/2015
2015	3	d3	11953	Thru Games 02/19/2015
2015	3	d3	11925	Thru Games 02/15/2015
2015	3	d3	11905	Thru Games 02/12/2015
2015	3	d3	11886	Thru Games 02/08/2015
2015	3	d3	11868	Thru Games 02/01/2015
2015	3	d3	11827	Thru Games 01/29/2015
2015	3	d3	11806	Thru Games 01/25/2015
2015	3	d3	11793	Thru Games 01/22/2015
2015	3	d3	11769	Thru Games 01/18/2015
2015	3	d3	11750	Thru Games 01/15/2015
2015	3	d3	11733	Thru Games 01/11/2015
2015	3	d3	11719	Thru Games 01/08/2015
2015	3	d3	11697	Thru Games 01/05/2015
2015	3	d3	11696	Thru Games 01/04/2015
2015	3	d3	11660	Thru Games 12/28/2014
2015	3	d3	11638	Thru Games 12/21/2014
2015	3	d3	11622	Thru Games 12/19/2014
2015	3	d3	11624	Thru Games 12/18/2014
2015	3	d3	11600	Thru Games 12/14/2014
2015	3	d3	11575	Thru Games 12/11/2014
2015	3	d3	11551	Thru Games 12/07/2014
2015	3	d3	11506	Thru Games 11/30/2014
2015	3	d3	11504	Thru Games 11/29/2014
2015	3	d3	11458	Thru Games 11/23/2014
2014	3	d3	10614	Thru Games 03/22/2014
2014	3	d3	10598	Thru Games 03/21/2014
2014	3	d3	10549	Thru Games 03/16/2014
2014	3	d3	10518	Thru Games 03/09/2014
2014	3	d3	10495	Thru Games 03/02/2014
2014	3	d3	10479	Thru Games 02/27/2014
2014	3	d3	10465	Thru Games 02/23/2014
2014	3	d3	10456	Thru Games 02/20/2014
2014	3	d3	10445	Thru Games 02/16/2014
2014	3	d3	10440	Thru Games 02/13/2014
2014	3	d3	10433	Thru Games 02/09/2014
2014	3	d3	10425	Thru Games 02/06/2014
2014	3	d3	10417	Thru Games 02/02/2014
2014	3	d3	10390	Thru Games 01/30/2014
2014	3	d3	10381	Thru Games 01/26/2014
2014	3	d3	10374	Thru Games 01/23/2014
2014	3	d3	10367	Thru Games 01/19/2014
2014	3	d3	10361	Thru Games 01/16/2014
2014	3	d3	10353	Thru Games 01/12/2014
2014	3	d3	10341	Thru Games 01/09/2014
2014	3	d3	10326	Thru Games 01/05/2014
2014	3	d3	10304	Thru Games 12/15/2013
2014	3	d3	10263	Thru Games 12/08/2013
2014	3	d3	10238	Thru Games 12/01/2013
2014	3	d3	10207	Thru Games 11/24/2013
2013	3	d3	9854	Thru Games 04/07/2013
2013	3	d3	9465	Thru Games 03/24/2013
2013	3	d3	9417	Thru Games 03/17/2013
2013	3	d3	9383	Thru Games 03/10/2013
2013	3	d3	9344	Thru Games 03/03/2013
2013	3	d3	9325	Thru Games 02/28/2013
2013	3	d3	9300	Thru Games 02/24/2013
2013	3	d3	9294	Thru Games 02/21/2013
2013	3	d3	9280	Thru Games 02/17/2013
2013	3	d3	9266	Thru Games 02/14/2013
2013	3	d3	9256	Thru Games 02/10/2013
2013	3	d3	9249	Thru Games 02/07/2013
2013	3	d3	9242	Thru Games 02/03/2013
2013	3	d3	9235	Thru Games 01/31/2013
2013	3	d3	9227	Thru Games 01/27/2013
2013	3	d3	9221	Thru Games 01/24/2013
2013	3	d3	9214	Thru Games 01/20/2013
2013	3	d3	9207	Thru Games 01/17/2013
2013	3	d3	9200	Thru Games 01/13/2013
2013	3	d3	9192	Thru Games 01/10/2013
2013	3	d3	9183	Thru Games 01/06/2013
2013	3	d3	9172	Thru Games 01/03/2013
2013	3	d3	9158	Thru Games 12/16/2012
2013	3	d3	9144	Thru Games 12/09/2012
2013	3	d3	9123	Thru Games 12/02/2012
2012	3	d3	8857	Thru Games 03/18/2012
2012	3	d3	8512	Thru Games 03/11/2012
2012	3	d3	8490	Thru Games 03/04/2012
2012	3	d3	8463	Thru Games 03/01/2012
2012	3	d3	8430	Thru Games 02/26/2012
2012	3	d3	8422	Thru Games 02/23/2012
2012	3	d3	8414	Thru Games 02/19/2012
2012	3	d3	8408	Thru Games 02/16/2012
2012	3	d3	8398	Thru Games 02/12/2012
2012	3	d3	8392	Thru Games 02/09/2012
2012	3	d3	8367	Thru Games 02/05/2012
2012	3	d3	8355	Thru Games 02/02/2012
2012	3	d3	8344	Thru Games 01/29/2012
2012	3	d3	8338	Thru Games 01/26/2012
2012	3	d3	8330	Thru Games 01/22/2012
2012	3	d3	8322	Thru Games 01/19/2012
2012	3	d3	8312	Thru Games 01/15/2012
2012	3	d3	8307	Thru Games 01/12/2012
2012	3	d3	8298	Thru Games 01/08/2012
2012	3	d3	8291	Thru Games 01/05/2012
2012	3	d3	8283	Thru Games 01/01/2012
2012	3	d3	8279	Thru Games 12/18/2011
2012	3	d3	8265	Thru Games 12/11/2011
2011	3	d3	7990	Thru Games 03/20/2011
2011	3	d3	7685	Thru Games 03/13/2011
2011	3	d3	7657	Thru Games 03/06/2011
2011	3	d3	7637	Thru Games 02/27/2011
2011	3	d3	7634	Thru Games 02/20/2011
2011	3	d3	7617	Thru Games 02/13/2011
2011	3	d3	7597	Thru Games 02/06/2011
2011	3	d3	7584	Thru Games 01/30/2011
2011	3	d3	7574	Thru Games 01/23/2011
2011	3	d3	7549	Thru Games 01/16/2011
2011	3	d3	7548	Thru Games 01/09/2011
2011	3	d3	7547	Thru Games 01/02/2011
2011	3	d3	7546	Thru Games 12/12/2010
2010	3	d3	7288	Thru Games 03/21/2010
2010	3	d3	6860	Thru Games 03/14/2010
2010	3	d3	6851	Thru Games 03/07/2010
2010	3	d3	6822	Thru Games 02/28/2010
2010	3	d3	6798	Thru Games 02/21/2010
2010	3	d3	6786	Thru Games 02/14/2010
2010	3	d3	6772	Thru Games 02/07/2010
2010	3	d3	6760	Thru Games 01/31/2010
2010	3	d3	6753	Thru Games 01/24/2010
2010	3	d3	6737	Thru Games 01/17/2010
2010	3	d3	6727	Thru Games 01/10/2010
2010	3	d3	6712	Thru Games 01/03/2010
2010	3	d3	6699	Thru Games 12/13/2009
2009	3	d3	6205	Thru Games 03/22/2009
2009	3	d3	6167	Thru Games 03/15/2009
2009	3	d3	6150	Thru Games 03/08/2009
2009	3	d3	6124	Thru Games 03/01/2009
2009	3	d3	6113	Thru Games 02/22/2009
2009	3	d3	6099	Thru Games 02/15/2009
2009	3	d3	6086	Thru Games 02/08/2009
2009	3	d3	6073	Thru Games 02/01/2009
2009	3	d3	6057	Thru Games 01/25/2009
2009	3	d3	6039	Thru Games 01/18/2009
2009	3	d3	6030	Thru Games 01/11/2009
2009	3	d3	6018	Thru Games 01/04/2009
2009	3	d3	5993	Thru Games 12/14/2008
2008	3	d3	5755	Thru Games 03/23/2008
2008	3	d3	5000	Thru Games 03/16/2008
2008	3	d3	4983	Thru Games 03/09/2008
2008	3	d3	4965	Thru Games 03/02/2008
2008	3	d3	4950	Thru Games 02/24/2008
2008	3	d3	4879	Thru Games 02/17/2008
2008	3	d3	4658	Thru Games 02/10/2008
2008	3	d3	4607	Thru Games 02/03/2008
2008	3	d3	4585	Thru Games 01/27/2008
2008	3	d3	4099	Thru Games 01/20/2008
2008	3	d3	3344	Thru Games 01/13/2008
2008	3	d3	3219	Thru Games 01/06/2008
2008	3	d3	3275	Thru Games 12/16/2007
2007	3	d3	4919	Thru Games 03/18/2007
2007	3	d3	4918	Thru Games 03/11/2007
2007	3	d3	4917	Thru Games 03/04/2007
2007	3	d3	4916	Thru Games 02/25/2007
2007	3	d3	4915	Thru Games 02/18/2007
2007	3	d3	4914	Thru Games 02/11/2007
2007	3	d3	4913	Thru Games 02/04/2007
2007	3	d3	4912	Thru Games 01/28/2007
2007	3	d3	4911	Thru Games 01/21/2007
2007	3	d3	4910	Thru Games 01/14/2007
2007	3	d3	4909	Thru Games 01/07/2007
2007	3	d3	4908	Thru Games 12/31/2006
2006	3	d3	3875	Thru Games 03/19/2006
2006	3	d3	3874	Thru Games 03/12/2006
2006	3	d3	3873	Thru Games 03/05/2006
2006	3	d3	3872	Thru Games 02/26/2006
2006	3	d3	3871	Thru Games 02/19/2006
2006	3	d3	3870	Thru Games 02/12/2006
2006	3	d3	3869	Thru Games 02/05/2006
2006	3	d3	3868	Thru Games 01/29/2006
2006	3	d3	3867	Thru Games 01/22/2006
2006	3	d3	3866	Thru Games 01/15/2006
2006	3	d3	3865	Thru Games 01/08/2006
2006	3	d3	3864	Thru Games 01/01/2006
2005	3	d3	4948	Thru Games 03/20/2005
2005	3	d3	4947	Thru Games 03/13/2005
2005	3	d3	4946	Thru Games 03/06/2005
2005	3	d3	4945	Thru Games 02/27/2005
2005	3	d3	4944	Thru Games 02/20/2005
2005	3	d3	4943	Thru Games 02/13/2005
2005	3	d3	4942	Thru Games 02/06/2005
2005	3	d3	4941	Thru Games 01/30/2005
2005	3	d3	4940	Thru Games 01/23/2005
2005	3	d3	4939	Thru Games 01/16/2005
2005	3	d3	4938	Thru Games 01/09/2005
2005	3	d3	4937	Thru Games 01/02/2005
2004	3	d3	5019	Thru Games 03/28/2004
2004	3	d3	5018	Thru Games 03/14/2004
2004	3	d3	5017	Thru Games 03/07/2004
2004	3	d3	5016	Thru Games 02/29/2004
2004	3	d3	5015	Thru Games 02/22/2004
2004	3	d3	5014	Thru Games 02/15/2004
2004	3	d3	5013	Thru Games 02/08/2004
2004	3	d3	5012	Thru Games 02/01/2004
2004	3	d3	5011	Thru Games 01/25/2004
2004	3	d3	5010	Thru Games 01/18/2004
2004	3	d3	5009	Thru Games 01/11/2004
2004	3	d3	5008	Thru Games 01/04/2004
2003	3	d3	5384	Thru Games 03/31/2003
2003	3	d3	5383	Thru Games 03/16/2003
2003	3	d3	5382	Thru Games 03/09/2003
2003	3	d3	5381	Thru Games 03/02/2003
2003	3	d3	5380	Thru Games 02/23/2003
2003	3	d3	5379	Thru Games 02/16/2003
2003	3	d3	5378	Thru Games 02/09/2003
2003	3	d3	5377	Thru Games 02/02/2003
2003	3	d3	5376	Thru Games 01/26/2003
2003	3	d3	5375	Thru Games 01/19/2003
2003	3	d3	5374	Thru Games 01/12/2003
2003	3	d3	5373	Thru Games 01/05/2003
2002	3	d3	5372	Thru Games 03/16/2002
2002	3	d3	5371	Thru Games 03/11/2002
2002	3	d3	5370	Thru Games 02/25/2002
2002	3	d3	5369	Thru Games 02/18/2002
2002	3	d3	5368	Thru Games 02/11/2002
2002	3	d3	5367	Thru Games 02/04/2002
2002	3	d3	5366	Thru Games 01/27/2002
2002	3	d3	5365	Thru Games 01/21/2002
2002	3	d3	5364	Thru Games 01/14/2002
2002	3	d3	5363	Thru Games 01/07/2002
2002	3	d3	5362	Thru Games 12/10/2001
