rk,school,div,str,ofs,dfs,sos
1,Villanova,D1,1.392,1.200,0.863,1.028
2,Virginia,D1,1.389,1.011,0.727,1.022
3,Purdue,D1,1.385,1.205,0.870,1.025
4,Michigan St.,D1,1.381,1.139,0.824,1.024
5,Duke,D1,1.362,1.305,0.958,1.030
6,Kansas,D1,1.346,1.183,0.879,1.026
7,Texas Tech,D1,1.333,1.104,0.828,0.996
8,Texas A&M,D1,1.311,1.107,0.844,1.034
9,Arizona St.,D1,1.308,1.295,0.990,1.025
10,West Virginia,D1,1.296,1.190,0.918,0.997
11,Xavier,D1,1.292,1.219,0.943,1.030
12,North Carolina,D1,1.270,1.220,0.961,1.042
13,Tennessee,D1,1.268,1.096,0.864,1.043
14,Florida St.,D1,1.261,1.161,0.921,0.992
15,Gonzaga,D1,1.256,1.205,0.959,1.029
16,Cincinnati,D1,1.254,1.065,0.849,0.980
17,SMU,D1,1.253,1.066,0.850,1.008
18,Arkansas,D1,1.246,1.195,0.959,1.026
19,Miami (FL),D1,1.241,1.040,0.838,0.994
20,Michigan,D1,1.240,1.035,0.835,1.004
21,Creighton,D1,1.240,1.207,0.973,0.994
22,Arizona,D1,1.239,1.155,0.932,1.034
23,Clemson,D1,1.235,1.062,0.860,1.008
24,Seton Hall,D1,1.232,1.161,0.942,1.025
25,Nevada,D1,1.231,1.166,0.947,1.021
26,Wichita St.,D1,1.226,1.149,0.937,1.020
27,Oklahoma,D1,1.223,1.270,1.038,1.022
28,Texas,D1,1.214,0.994,0.818,1.023
29,Maryland,D1,1.205,1.073,0.890,0.996
30,TCU,D1,1.204,1.182,0.982,1.019
31,Virginia Tech,D1,1.203,1.176,0.978,0.978
32,UNLV,D1,1.199,1.222,1.019,0.997
33,Houston,D1,1.198,1.126,0.940,1.001
34,Missouri,D1,1.197,1.102,0.920,1.014
35,Baylor,D1,1.197,1.074,0.897,1.000
36,Notre Dame,D1,1.196,1.093,0.914,0.989
37,Louisville,D1,1.194,1.071,0.897,1.009
38,Ohio St.,D1,1.192,1.091,0.916,1.030
39,Butler,D1,1.191,1.076,0.903,1.021
40,Penn St.,D1,1.187,1.081,0.911,1.007
41,San Diego St.,D1,1.186,1.081,0.912,1.013
42,Southern California,D1,1.181,1.132,0.958,1.030
43,Kansas St.,D1,1.176,1.033,0.878,0.989
44,Western Ky.,D1,1.175,1.105,0.941,1.031
45,Northwestern,D1,1.174,1.041,0.887,1.014
46,Auburn,D1,1.174,1.162,0.990,1.001
47,Northern Ky.,D1,1.171,1.082,0.925,0.978
48,St. John's (NY),D1,1.167,1.027,0.879,1.003
49,Syracuse,D1,1.165,0.989,0.849,1.025
50,Kentucky,D1,1.163,1.110,0.954,1.027
51,Boise St.,D1,1.161,1.024,0.882,1.008
52,Oklahoma St.,D1,1.161,1.067,0.920,1.001
53,St. Mary's (CA),D1,1.160,1.109,0.956,0.994
54,Minnesota,D1,1.159,1.151,0.993,0.999
55,Oregon,D1,1.154,1.117,0.968,0.999
56,Florida,D1,1.154,1.118,0.969,1.028
57,St. Bonaventure,D1,1.151,1.039,0.903,1.000
58,Illinois,D1,1.149,1.099,0.956,1.010
59,Rhode Island,D1,1.149,1.086,0.945,1.036
60,UNI,D1,1.148,0.934,0.814,1.020
61,Middle Tenn.,D1,1.146,1.087,0.948,1.029
62,Old Dominion,D1,1.146,0.976,0.852,0.981
63,South Dakota,D1,1.142,1.077,0.943,0.977
64,North Carolina St.,D1,1.134,1.159,1.022,0.989
65,Utah,D1,1.134,1.067,0.941,1.007
66,BYU,D1,1.127,1.058,0.938,1.003
67,Missouri St.,D1,1.124,1.027,0.914,1.001
68,Rutgers,D1,1.123,0.970,0.864,0.984
69,New Mexico St.,D1,1.121,1.027,0.916,1.013
70,Marquette,D1,1.117,1.122,1.004,1.008
71,UT Arlington,D1,1.116,1.065,0.954,0.994
72,Temple,D1,1.115,1.075,0.965,1.046
73,South Carolina,D1,1.113,1.019,0.916,1.006
74,UCLA,D1,1.111,1.130,1.017,1.022
75,UNCG,D1,1.107,0.960,0.867,0.978
76,Mississippi St.,D1,1.106,1.013,0.916,0.974
77,Alabama,D1,1.106,1.087,0.983,1.029
78,Wisconsin,D1,1.106,0.976,0.882,1.041
79,LSU,D1,1.104,1.125,1.019,0.997
80,Wake Forest,D1,1.104,1.096,0.993,1.018
81,Boston College,D1,1.100,1.053,0.957,0.994
82,Vanderbilt,D1,1.099,1.000,0.910,1.036
83,San Diego,D1,1.098,0.974,0.887,0.994
84,Fresno St.,D1,1.097,1.066,0.972,0.971
85,Grand Canyon,D1,1.095,0.983,0.898,0.973
86,Ga. Southern,D1,1.091,1.049,0.961,0.983
87,Georgia,D1,1.091,1.026,0.940,1.000
88,South Dakota St.,D1,1.090,1.084,0.994,1.009
89,Portland St.,D1,1.089,1.202,1.104,0.987
90,Vermont,D1,1.089,1.054,0.967,1.014
91,Murray St.,D1,1.088,1.056,0.970,0.994
92,UC Santa Barbara,D1,1.087,1.107,1.019,1.006
93,Providence,D1,1.087,1.035,0.952,1.017
94,Towson,D1,1.085,1.000,0.922,0.982
95,Northwest Mo. St.,D2,1.084,1.005,0.928,0.937
96,Georgia St.,D1,1.084,0.980,0.904,0.987
97,Davidson,D1,1.082,1.088,1.006,1.009
98,ETSU,D1,1.081,1.014,0.938,1.007
99,Iowa,D1,1.080,1.074,0.994,0.994
100,VCU,D1,1.079,1.088,1.009,1.026
101,Washington,D1,1.075,1.093,1.017,1.018
102,Belmont,D1,1.072,1.046,0.976,1.015
103,Ole Miss,D1,1.069,1.115,1.043,1.009
104,Buffalo,D1,1.069,1.136,1.063,1.034
105,Nebraska,D1,1.067,1.051,0.985,1.020
106,UC Davis,D1,1.066,0.975,0.914,1.011
107,Rider,D1,1.065,1.138,1.068,1.009
108,Mercer,D1,1.065,1.082,1.016,1.002
109,SFA,D1,1.064,1.055,0.992,0.965
110,UAB,D1,1.064,1.048,0.985,0.957
111,Indiana,D1,1.057,1.041,0.985,1.025
112,Iona,D1,1.056,1.080,1.022,1.014
113,Bradley,D1,1.056,0.929,0.880,0.978
114,DePaul,D1,1.053,1.007,0.956,0.995
115,Idaho,D1,1.052,0.975,0.927,0.977
116,Colorado,D1,1.050,1.032,0.982,1.007
117,Georgetown,D1,1.049,1.057,1.008,0.936
118,Penn,D1,1.048,1.014,0.968,1.001
119,La Salle,D1,1.048,1.005,0.959,1.030
120,UCF,D1,1.047,0.912,0.871,1.001
121,Washington St.,D1,1.047,1.052,1.006,1.005
122,Bucknell,D1,1.044,1.145,1.097,1.025
123,Furman,D1,1.044,1.028,0.986,1.007
124,Ohio,D1,1.043,1.063,1.019,0.996
125,Iowa St.,D1,1.043,1.032,0.990,0.990
126,North Dakota St.,D1,1.042,0.956,0.918,1.009
127,Utah Valley,D1,1.041,1.051,1.009,1.012
128,Loyola Chicago,D1,1.041,0.986,0.948,0.971
129,Jacksonville St.,D1,1.040,0.985,0.946,0.964
130,Dayton,D1,1.040,0.995,0.957,1.024
131,Tulane,D1,1.039,1.036,0.996,0.988
132,FGCU,D1,1.038,1.072,1.033,0.995
133,Utah St.,D1,1.035,0.995,0.961,1.000
134,Tulsa,D1,1.035,1.042,1.007,1.008
135,Louisiana Tech,D1,1.035,1.044,1.009,0.975
136,Central Mich.,D1,1.034,0.990,0.958,0.961
137,Albany (NY),D1,1.032,1.038,1.006,0.979
138,Lipscomb,D1,1.032,1.041,1.009,1.004
139,Ball St.,D1,1.032,1.061,1.029,0.999
140,Army West Point,D1,1.030,1.041,1.011,0.963
141,UL Lafayette,D1,1.030,1.087,1.055,0.978
142,UTSA,D1,1.030,1.131,1.098,0.999
143,San Francisco,D1,1.029,0.941,0.914,1.008
144,Liberty,D1,1.029,0.946,0.919,0.974
145,Oakland,D1,1.029,1.112,1.081,1.012
146,Princeton,D1,1.028,0.983,0.956,1.011
147,Stanford,D1,1.027,1.013,0.987,1.025
148,Northern Colo.,D1,1.026,0.995,0.970,0.996
149,Monmouth,D1,1.025,1.009,0.985,1.030
150,Northeastern,D1,1.024,0.984,0.961,1.001
151,Hofstra,D1,1.024,1.072,1.047,1.010
152,Montana,D1,1.024,0.995,0.972,0.996
153,Valparaiso,D1,1.023,0.980,0.958,0.981
154,Southern Ill.,D1,1.022,0.994,0.973,0.989
155,Marshall,D1,1.022,1.147,1.122,0.984
156,Illinois St.,D1,1.017,1.032,1.015,1.010
157,Wyoming,D1,1.017,1.033,1.016,1.005
158,George Washington,D1,1.016,0.936,0.921,1.028
159,Massachusetts,D1,1.014,0.964,0.951,0.996
160,UConn,D1,1.014,0.981,0.968,1.030
161,Oregon St.,D1,1.012,1.010,0.998,0.980
162,Stony Brook,D1,1.011,1.014,1.002,1.022
163,Wagner,D1,1.011,0.973,0.963,0.970
164,Lamar University,D1,1.011,0.968,0.957,0.986
165,Coastal Caro.,D1,1.010,1.046,1.035,1.015
166,Northern St.,D2,1.009,0.960,0.951,0.917
167,Eastern Mich.,D1,1.009,1.005,0.996,0.971
168,Eastern Wash.,D1,1.008,1.017,1.009,1.012
169,Col. of Charleston,D1,1.006,0.925,0.920,0.965
170,Georgia Tech,D1,1.003,0.921,0.918,1.002
171,Lincoln Memorial,D2,1.001,1.096,1.095,0.883
172,Fort Wayne,D1,1.000,1.063,1.063,0.974
173,Saint Louis,D1,0.999,0.892,0.893,1.004
174,Radford,D1,0.999,0.943,0.943,0.999
175,Wright St.,D1,0.999,0.928,0.930,0.975
176,UNC Asheville,D1,0.998,1.002,1.005,1.009
177,Saint Joseph's,D1,0.997,1.037,1.041,1.009
178,Toledo,D1,0.994,1.040,1.047,0.993
179,Ferris St.,D2,0.994,1.017,1.024,0.905
180,Troy,D1,0.993,1.031,1.038,0.986
181,Canisius,D1,0.993,0.978,0.986,0.981
182,Winthrop,D1,0.993,1.058,1.066,0.980
183,Pacific,D1,0.992,1.028,1.036,1.010
184,New Mexico,D1,0.992,1.041,1.049,1.017
185,North Texas,D1,0.991,0.989,0.998,0.987
186,Duquesne,D1,0.991,0.970,0.979,0.952
187,Memphis,D1,0.990,0.962,0.971,0.993
188,Pittsburgh,D1,0.989,0.955,0.965,0.999
189,Yale,D1,0.988,1.021,1.034,0.978
190,Saint Francis (PA),D1,0.987,1.071,1.085,0.991
191,UC Irvine,D1,0.986,0.963,0.977,1.007
192,Weber St.,D1,0.985,0.998,1.014,0.993
193,William & Mary,D1,0.985,1.101,1.118,1.001
194,Texas Southern,D1,0.983,1.038,1.056,1.061
195,Indiana St.,D1,0.983,0.983,1.000,1.003
196,Wofford,D1,0.982,0.984,1.001,1.012
197,Western Mich.,D1,0.982,0.989,1.006,0.994
198,Robert Morris,D1,0.982,0.972,0.990,0.996
199,Fairfield,D1,0.982,1.013,1.032,1.003
200,Loyola Marymount,D1,0.977,1.046,1.071,0.986
201,Drake,D1,0.975,1.018,1.044,0.983
202,UMBC,D1,0.975,1.064,1.092,0.976
203,Evansville,D1,0.973,0.889,0.914,0.992
204,Colgate,D1,0.972,1.000,1.029,0.970
205,Austin Peay,D1,0.971,0.953,0.981,1.009
206,Central Ark.,D1,0.971,1.081,1.113,0.968
207,CSU Bakersfield,D1,0.969,0.903,0.932,1.001
208,Manhattan,D1,0.967,0.934,0.965,0.994
209,Southern Utah,D1,0.967,1.105,1.143,1.026
210,West Tex. A&M,D2,0.966,1.020,1.056,0.916
211,Texas St.,D1,0.965,0.924,0.958,0.959
212,Niagara,D1,0.964,1.130,1.173,0.994
213,Nicholls St.,D1,0.964,1.139,1.181,1.007
214,Saint Peter's,D1,0.960,0.890,0.927,0.983
215,Seattle U,D1,0.959,1.007,1.050,0.968
216,Milwaukee,D1,0.959,0.919,0.958,0.977
217,Harvard,D1,0.959,0.931,0.971,0.997
218,Prairie View,D1,0.958,0.975,1.018,1.037
219,Tennessee St.,D1,0.957,0.878,0.917,1.027
220,South Ala.,D1,0.956,0.908,0.950,0.983
221,Colorado St.,D1,0.956,0.975,1.020,1.013
222,Hampton,D1,0.955,0.998,1.045,1.014
223,Queens (NC),D2,0.954,0.998,1.046,0.895
224,Columbia,D1,0.953,1.022,1.072,1.010
225,High Point,D1,0.952,0.941,0.988,0.973
226,UTRGV,D1,0.952,1.051,1.104,1.002
227,Appalachian St.,D1,0.952,1.045,1.098,0.986
228,Cal St. Fullerton,D1,0.951,0.954,1.003,0.995
229,Elon,D1,0.951,0.957,1.006,0.987
230,Brown,D1,0.951,1.004,1.055,0.964
231,Lake Superior St.,D2,0.951,1.036,1.089,0.905
232,Northern Ill.,D1,0.950,1.011,1.064,0.968
233,Binghamton,D1,0.950,0.941,0.991,0.960
234,NJIT,D1,0.949,0.961,1.012,0.985
235,Tennessee Tech,D1,0.949,1.033,1.089,0.991
236,Navy,D1,0.949,0.946,0.997,0.968
237,Hawaii,D1,0.949,0.942,0.993,0.998
238,Southern Nazarene,D2,0.948,0.980,1.034,0.914
239,Central Conn. St.,D1,0.948,0.959,1.012,0.975
240,Lehigh,D1,0.946,1.014,1.072,0.997
241,Drexel,D1,0.945,0.930,0.984,0.998
242,Idaho St.,D1,0.945,0.941,0.996,0.984
243,James Madison,D1,0.945,0.992,1.050,0.988
244,Long Beach St.,D1,0.945,1.035,1.096,1.029
245,Eckerd,D2,0.945,1.008,1.068,0.913
246,La.-Monroe,D1,0.943,0.924,0.980,0.951
247,California,D1,0.941,1.011,1.075,1.000
248,New Hampshire,D1,0.940,0.923,0.982,0.968
249,UTEP,D1,0.938,0.917,0.978,0.998
250,Abilene Christian,D1,0.937,0.943,1.006,0.952
251,Fordham,D1,0.937,0.895,0.955,0.997
252,Akron,D1,0.936,0.971,1.037,0.989
253,New Orleans,D1,0.936,0.925,0.988,1.022
254,Tex. Permian Basin,D2,0.935,1.062,1.136,0.918
255,Western Ore.,D2,0.935,1.039,1.111,0.889
256,Washburn,D2,0.933,0.982,1.053,0.941
257,Eastern Ill.,D1,0.932,0.925,0.993,0.982
258,Montana St.,D1,0.931,0.964,1.035,0.993
259,Bellarmine,D2,0.931,0.953,1.024,0.886
260,Fort Hays St.,D2,0.931,0.967,1.039,0.943
261,Campbell,D1,0.929,1.006,1.082,0.966
262,George Mason,D1,0.929,0.930,1.000,1.001
263,West Liberty,D2,0.929,1.228,1.322,0.858
264,Delaware,D1,0.929,0.957,1.031,0.960
265,Bowling Green,D1,0.928,1.066,1.149,0.977
266,Kent St.,D1,0.927,0.991,1.069,0.978
267,Oral Roberts,D1,0.925,0.944,1.021,1.030
268,UC Riverside,D1,0.925,0.889,0.961,0.998
269,Augustana (SD),D2,0.923,1.018,1.103,0.916
270,Southern Miss.,D1,0.923,0.915,0.992,1.009
271,Omaha,D1,0.923,1.031,1.118,0.999
272,Bentley,D2,0.922,1.027,1.113,0.898
273,Boston U.,D1,0.922,0.982,1.064,0.973
274,Ill.-Chicago,D1,0.922,0.921,0.998,0.981
275,Chico St.,D2,0.920,0.940,1.023,0.900
276,Fla. Atlantic,D1,0.919,0.948,1.032,1.012
277,Southeast Mo. St.,D1,0.918,1.022,1.113,0.987
278,Portland,D1,0.918,0.982,1.069,1.010
279,Chattanooga,D1,0.918,0.882,0.961,0.989
280,Findlay,D2,0.918,0.984,1.072,0.920
281,Minot St.,D2,0.917,0.938,1.023,0.914
282,Green Bay,D1,0.915,0.942,1.030,0.968
283,Charlotte,D1,0.915,0.984,1.076,0.982
284,Pepperdine,D1,0.914,1.000,1.094,1.002
285,North Dakota,D1,0.913,1.025,1.123,1.004
286,N.C. A&T,D1,0.913,0.981,1.075,0.975
287,UMKC,D1,0.912,0.953,1.044,1.020
288,Ashland,D2,0.912,0.883,0.968,0.908
289,Dartmouth,D1,0.911,0.967,1.061,0.961
290,Dallas Baptist,D2,0.908,0.990,1.090,0.901
291,Central Okla.,D2,0.908,0.928,1.022,0.921
292,Cal Poly,D1,0.908,0.926,1.021,0.998
293,FIU,D1,0.907,0.946,1.043,0.967
294,UT Martin,D1,0.907,0.943,1.039,0.982
295,Southwest Minn. St.,D2,0.907,0.965,1.064,0.929
296,Tex. A&M-Commerce,D2,0.907,0.905,0.998,0.899
297,Siena,D1,0.906,0.959,1.059,1.004
298,West Ala.,D2,0.905,0.976,1.078,0.904
299,Arkansas St.,D1,0.905,1.006,1.111,0.972
300,Loyola Maryland,D1,0.905,0.959,1.060,0.985
301,A&M-Corpus Christi,D1,0.904,0.867,0.959,0.984
302,Miami (OH),D1,0.904,0.900,0.995,0.991
303,UMass Lowell,D1,0.904,1.024,1.133,0.960
304,Houston Baptist,D1,0.904,1.021,1.130,1.033
305,Hillsdale,D2,0.904,0.902,0.998,0.898
306,Fairleigh Dickinson,D1,0.903,0.968,1.071,0.975
307,Minnesota St.,D2,0.903,1.009,1.117,0.912
308,Cornell,D1,0.903,0.988,1.094,0.981
309,LIU Brooklyn,D1,0.903,1.018,1.128,0.966
310,San Jose St.,D1,0.903,0.890,0.985,0.996
311,N.C. Central,D1,0.902,0.946,1.049,0.979
312,Whitman,D3,0.902,1.104,1.225,0.814
313,Kennesaw St.,D1,0.902,0.936,1.038,1.007
314,Richmond,D1,0.902,0.925,1.026,1.027
315,Quinnipiac,D1,0.900,0.979,1.088,0.984
316,IUPUI,D1,0.897,0.963,1.073,1.010
317,Virginia St.,D2,0.895,0.950,1.061,0.891
318,South Fla.,D1,0.894,0.854,0.955,0.964
319,West Chester,D2,0.894,0.925,1.035,0.886
320,Grambling,D1,0.894,0.953,1.067,0.993
321,William Jewell,D2,0.893,1.055,1.181,0.900
322,Sam Houston St.,D1,0.893,0.868,0.972,0.969
323,Point Loma,D2,0.893,0.882,0.988,0.912
324,Morgan St.,D1,0.893,0.946,1.059,0.978
325,Drury,D2,0.892,1.055,1.183,0.898
326,Denver,D1,0.891,0.930,1.044,0.981
327,Sioux Falls,D2,0.891,1.015,1.139,0.926
328,North Florida,D1,0.890,1.040,1.168,1.028
329,Colorado Mines,D2,0.890,0.948,1.066,0.901
330,Incarnate Word,D1,0.890,0.969,1.089,0.967
331,Detroit,D1,0.889,1.069,1.202,1.020
332,Stetson,D1,0.888,0.978,1.101,0.975
333,Seattle Pacific,D2,0.888,0.989,1.113,0.906
334,Barry,D2,0.888,1.040,1.171,0.921
335,Air Force,D1,0.888,0.888,1.001,0.975
336,Merrimack,D2,0.886,0.919,1.038,0.906
337,Eastern Ky.,D1,0.885,0.931,1.052,0.976
338,Morehead St.,D1,0.884,0.936,1.058,1.032
339,Rice,D1,0.884,0.908,1.027,1.010
340,Cleveland St.,D1,0.883,0.903,1.022,0.977
341,Holy Cross,D1,0.882,0.898,1.018,0.992
342,Ark.-Fort Smith,D2,0.881,0.980,1.113,0.926
343,Carson-Newman,D2,0.881,1.020,1.159,0.884
344,Le Moyne,D2,0.879,0.863,0.981,0.904
345,Southern U.,D1,0.879,0.927,1.055,1.021
346,Western Ill.,D1,0.878,0.911,1.037,0.962
347,Southeastern La.,D1,0.878,0.925,1.054,0.977
348,VMI,D1,0.878,0.902,1.028,0.946
349,Southern Ind.,D2,0.878,0.950,1.083,0.916
350,Pittsburg St.,D2,0.877,1.054,1.202,0.933
351,Mo. Southern St.,D2,0.877,1.011,1.152,0.930
352,Santa Clara,D1,0.877,0.940,1.072,0.972
353,Claflin,D2,0.874,0.870,0.996,0.877
354,Charleston So.,D1,0.872,0.897,1.028,0.988
355,Angelo St.,D2,0.872,1.005,1.153,0.909
356,California Baptist,D2,0.872,0.996,1.142,0.895
357,UNCW,D1,0.870,1.060,1.219,0.994
358,Lafayette,D1,0.869,0.931,1.072,0.975
359,Francis Marion,D2,0.869,1.006,1.158,0.890
360,St. Cloud St.,D2,0.869,0.912,1.050,0.906
361,East Stroudsburg,D2,0.868,1.093,1.259,0.876
362,Northwestern Okla.,D2,0.868,0.902,1.039,0.902
363,Mt. St. Mary's,D1,0.867,0.930,1.072,0.961
364,Central Mo.,D2,0.867,0.887,1.023,0.904
365,Westminster (UT),D2,0.867,0.925,1.066,0.914
366,Hartford,D1,0.866,0.931,1.075,0.964
367,East Carolina,D1,0.866,0.896,1.035,0.956
368,Presbyterian,D1,0.866,0.915,1.057,0.971
369,Gardner-Webb,D1,0.865,0.931,1.076,1.000
370,St. Thomas Aquinas,D2,0.865,0.961,1.111,0.905
371,Howard,D1,0.864,0.943,1.092,0.996
372,Dixie St.,D2,0.864,0.989,1.144,0.929
373,Samford,D1,0.864,0.977,1.131,0.993
374,St. Edward's,D2,0.863,1.052,1.219,0.903
375,Sacred Heart,D1,0.863,0.890,1.031,0.971
376,Winona St.,D2,0.863,0.941,1.091,0.913
377,Western Caro.,D1,0.862,0.956,1.109,1.022
378,Cal Poly Pomona,D2,0.862,0.840,0.975,0.916
379,Wayne St. (NE),D2,0.861,0.901,1.045,0.922
380,SIUE,D1,0.861,0.982,1.140,0.996
381,St. Francis Brooklyn,D1,0.861,0.920,1.069,0.965
382,Southern N.H.,D2,0.861,0.976,1.133,0.902
383,Northern Ariz.,D1,0.861,0.935,1.087,1.012
384,Savannah St.,D1,0.860,1.105,1.285,1.055
385,Marist,D1,0.859,0.950,1.106,0.999
386,Sacramento St.,D1,0.859,0.876,1.020,0.991
387,UC San Diego,D2,0.857,0.902,1.052,0.912
388,The Citadel,D1,0.857,1.075,1.255,0.995
389,Ark.-Monticello,D2,0.856,1.002,1.170,0.901
390,Shippensburg,D2,0.856,0.898,1.049,0.877
391,St. Anselm,D2,0.856,0.979,1.145,0.897
392,Saint John's (MN),D3,0.855,0.994,1.163,0.866
393,Rogers St.,D2,0.855,0.902,1.055,0.920
394,Wesleyan (CT),D3,0.854,0.882,1.032,0.831
395,Western Wash.,D2,0.853,0.975,1.143,0.885
396,West Florida,D2,0.851,0.896,1.053,0.875
397,Wheeling Jesuit,D2,0.851,0.929,1.091,0.884
398,Bethune-Cookman,D1,0.851,0.973,1.144,0.973
399,Indiana (PA),D2,0.849,0.937,1.103,0.898
400,Azusa Pacific,D2,0.849,0.921,1.085,0.904
401,Clark Atlanta,D2,0.849,0.947,1.116,0.871
402,Morehouse,D2,0.847,0.964,1.138,0.863
403,Fort Lewis,D2,0.847,0.984,1.162,0.903
404,Emporia St.,D2,0.847,0.902,1.066,0.936
405,John Carroll,D3,0.846,1.125,1.329,0.846
406,Kutztown,D2,0.846,0.983,1.161,0.900
407,Davenport,D2,0.845,0.894,1.058,0.915
408,Lee,D2,0.845,0.880,1.042,0.883
409,Ohio Dominican,D2,0.845,0.941,1.114,0.902
410,American,D1,0.844,0.904,1.071,0.983
411,Christian Bros.,D2,0.843,0.963,1.142,0.870
412,MIT,D3,0.843,0.874,1.037,0.820
413,Little Rock,D1,0.843,0.839,0.995,0.977
414,Tex. A&M-Kingsville,D2,0.842,0.859,1.020,0.896
415,Bridgeport,D2,0.841,1.052,1.252,0.888
416,Tarleton St.,D2,0.840,0.917,1.092,0.905
417,Chaminade,D2,0.839,1.009,1.202,0.933
418,Mercyhurst,D2,0.839,0.827,0.986,0.886
419,Augustana (IL),D3,0.836,0.888,1.061,0.861
420,Wis.-Platteville,D3,0.836,0.899,1.074,0.846
421,Youngstown St.,D1,0.836,1.015,1.213,0.982
422,Juniata,D3,0.836,0.907,1.085,0.807
423,Cal St. San Marcos,D2,0.834,0.986,1.182,0.905
424,North Ala.,D2,0.833,1.022,1.227,0.906
425,Neb. Wesleyan,D3,0.833,1.003,1.204,0.804
426,Maryville (MO),D2,0.832,0.953,1.146,0.896
427,Saint Rose,D2,0.831,0.831,1.000,0.897
428,USC Upstate,D1,0.831,0.956,1.151,0.985
429,Franklin Pierce,D2,0.830,0.932,1.123,0.908
430,King (TN),D2,0.829,0.938,1.132,0.902
431,Fla. Southern,D2,0.829,0.982,1.185,0.908
432,Neb.-Kearney,D2,0.829,0.973,1.174,0.929
433,Regis (CO),D2,0.829,0.943,1.137,0.896
434,Adams St.,D2,0.829,1.032,1.245,0.930
435,Minn.-Crookston,D2,0.828,0.920,1.111,0.914
436,Walsh,D2,0.827,0.945,1.143,0.898
437,Lubbock Christian,D2,0.827,0.933,1.129,0.941
438,Cameron,D2,0.825,0.919,1.114,0.924
439,Maine,D1,0.824,0.857,1.040,0.979
440,Concordia (CA),D2,0.824,0.940,1.141,0.917
441,Gannon,D2,0.823,0.797,0.969,0.895
442,Arkansas Tech,D2,0.822,1.066,1.297,0.881
443,Upper Iowa,D2,0.822,0.976,1.187,0.920
444,Florida A&M,D1,0.822,0.891,1.084,1.007
445,Jackson St.,D1,0.822,0.831,1.012,0.990
446,UNC Pembroke,D2,0.821,0.936,1.139,0.890
447,Philadelphia U.,D2,0.820,0.863,1.052,0.900
448,Bloomfield,D2,0.820,1.000,1.219,0.894
449,Benedict,D2,0.819,0.910,1.111,0.883
450,CSUN,D1,0.819,0.879,1.073,0.983
451,Palm Beach Atl.,D2,0.818,0.968,1.184,0.892
452,Northwest Nazarene,D2,0.816,0.995,1.219,0.917
453,McNeese,D1,0.816,0.877,1.074,1.015
454,Eastern N.M.,D2,0.816,0.928,1.138,0.942
455,Lincoln (MO),D2,0.816,0.912,1.118,0.916
456,MSU Denver,D2,0.816,0.872,1.069,0.912
457,Lindenwood (MO),D2,0.814,0.890,1.093,0.899
458,Lake Erie,D2,0.814,0.935,1.149,0.897
459,Slippery Rock,D2,0.813,0.921,1.132,0.878
460,N.M. Highlands,D2,0.813,0.958,1.178,0.904
461,Wis.-La Crosse,D3,0.813,0.894,1.099,0.859
462,Dominican (NY),D2,0.813,0.870,1.071,0.892
463,Rollins,D2,0.813,0.997,1.227,0.912
464,Marietta,D3,0.811,0.945,1.165,0.863
465,San Fran. St.,D2,0.811,0.950,1.171,0.894
466,Valdosta St.,D2,0.810,1.071,1.323,0.885
467,Ramapo,D3,0.810,0.885,1.093,0.821
468,Norfolk St.,D1,0.810,0.897,1.108,0.995
469,Augusta,D2,0.809,0.919,1.136,0.885
470,Wis.-Oshkosh,D3,0.809,0.890,1.099,0.834
471,Ohio Wesleyan,D3,0.809,0.984,1.217,0.828
472,Ouachita Baptist,D2,0.808,0.885,1.095,0.925
473,Bryant,D1,0.807,0.924,1.145,1.001
474,Fairmont St.,D2,0.807,0.986,1.222,0.900
475,Montevallo,D2,0.806,0.909,1.127,0.924
476,Saint Martin's,D2,0.806,0.972,1.205,0.902
477,Nova Southeastern,D2,0.805,1.065,1.322,0.887
478,Ala.-Huntsville,D2,0.804,0.971,1.207,0.893
479,Colorado St.-Pueblo,D2,0.804,0.973,1.209,0.922
480,Clayton St.,D2,0.803,0.908,1.132,0.902
481,Johnson C. Smith,D2,0.802,0.902,1.124,0.892
482,UIndy,D2,0.802,0.927,1.156,0.888
483,Truman,D2,0.802,0.982,1.224,0.911
484,New Haven,D2,0.802,0.885,1.103,0.891
485,Columbus St.,D2,0.801,0.921,1.150,0.913
486,Southern Conn. St.,D2,0.801,0.922,1.151,0.902
487,Alcorn,D1,0.801,0.909,1.135,1.038
488,Wilmington (DE),D2,0.800,0.913,1.142,0.889
489,Cal St. San B'dino,D2,0.799,0.948,1.187,0.911
490,Newberry,D2,0.798,0.957,1.198,0.905
491,Stanislaus St.,D2,0.798,0.873,1.093,0.894
492,Alderson Broaddus,D2,0.798,0.884,1.108,0.896
493,Stonehill,D2,0.797,0.990,1.242,0.922
494,Jacksonville,D1,0.797,0.887,1.113,0.974
495,Carleton,D3,0.796,0.870,1.092,0.838
496,McKendree,D2,0.796,0.893,1.122,0.880
497,Middlebury,D3,0.795,0.962,1.210,0.827
498,Malone,D2,0.795,0.910,1.146,0.902
499,Amherst,D3,0.793,0.861,1.085,0.812
500,Northwestern St.,D1,0.793,0.897,1.131,1.003
501,Northern Mich.,D2,0.793,0.938,1.184,0.887
502,Fort Valley St.,D2,0.792,0.849,1.072,0.891
503,Ky. Wesleyan,D2,0.791,0.937,1.184,0.914
504,Cal St. L.A.,D2,0.791,0.906,1.146,0.909
505,Nichols,D3,0.790,1.020,1.290,0.847
506,Williams,D3,0.790,0.858,1.086,0.817
507,Hamilton,D3,0.789,1.011,1.282,0.833
508,Alabama St.,D1,0.789,0.909,1.153,1.016
509,Hawaii Pacific,D2,0.789,0.923,1.170,0.893
510,Edinboro,D2,0.787,0.928,1.179,0.876
511,Cal St. East Bay,D2,0.786,0.885,1.126,0.898
512,Ohio Northern,D3,0.786,0.964,1.226,0.861
513,Carthage,D3,0.785,0.853,1.087,0.854
514,Virginia Union,D2,0.784,0.834,1.064,0.875
515,South Carolina St.,D1,0.784,0.929,1.185,0.990
516,Mount Union,D3,0.784,0.900,1.148,0.848
517,Lewis,D2,0.784,0.889,1.135,0.933
518,Ark.-Pine Bluff,D1,0.783,0.838,1.071,1.000
519,Pitt.-Johnstown,D2,0.782,0.909,1.163,0.874
520,Shepherd,D2,0.782,0.903,1.155,0.886
521,Cedarville,D2,0.781,0.866,1.110,0.922
522,Randolph-Macon,D3,0.780,0.831,1.065,0.860
523,Penn St.-Behrend,D3,0.780,0.807,1.035,0.810
524,Mount Olive,D2,0.780,0.935,1.199,0.900
525,Longwood,D1,0.780,0.840,1.078,0.976
526,Daemen,D2,0.779,0.889,1.141,0.900
527,Caldwell,D2,0.779,0.845,1.085,0.894
528,Georgia College,D2,0.779,0.800,1.028,0.886
529,MSU Moorhead,D2,0.778,0.967,1.242,0.916
530,Mansfield,D2,0.778,0.827,1.063,0.892
531,Central Wash.,D2,0.778,0.866,1.113,0.903
532,Wartburg,D3,0.777,0.862,1.110,0.893
533,Barton,D2,0.777,0.976,1.257,0.890
534,Wittenberg,D3,0.776,0.914,1.177,0.830
535,Johns Hopkins,D3,0.776,0.839,1.082,0.824
536,Newman,D2,0.775,0.909,1.173,0.940
537,Bowie St.,D2,0.775,0.917,1.182,0.909
538,Southeastern Okla.,D2,0.773,0.856,1.107,0.913
539,Tampa,D2,0.773,0.881,1.139,0.918
540,Eastern Conn. St.,D3,0.773,0.896,1.159,0.831
541,Western St.,D2,0.773,0.932,1.206,0.931
542,Adelphi,D2,0.772,1.067,1.382,0.882
543,North Georgia,D2,0.772,0.932,1.208,0.922
544,Young Harris,D2,0.772,0.909,1.178,0.913
545,Baldwin Wallace,D3,0.772,0.868,1.125,0.849
546,South Dakota Mines,D2,0.772,0.874,1.133,0.888
547,Lenoir-Rhyne,D2,0.771,0.827,1.072,0.894
548,P.R.-Bayamon,D2,0.771,0.904,1.173,0.907
549,S.C. Aiken,D2,0.771,0.920,1.194,0.871
550,Shaw,D2,0.770,0.997,1.294,0.897
551,Emmanuel (GA),D2,0.768,0.972,1.266,0.894
552,West Virginia St.,D2,0.768,1.012,1.319,0.883
553,Embry-Riddle (FL),D2,0.767,0.965,1.258,0.891
554,Saint Augustine's,D2,0.767,0.842,1.098,0.893
555,Pfeiffer,D3,0.767,0.939,1.225,0.812
556,Saint Leo,D2,0.766,0.868,1.133,0.913
557,Mo. Western St.,D2,0.766,0.810,1.057,0.928
558,Rochester (NY),D3,0.766,0.827,1.080,0.840
559,Mississippi Val.,D1,0.765,0.821,1.073,1.013
560,Mont. St. Billings,D2,0.765,0.928,1.213,0.884
561,East Central,D2,0.763,0.835,1.094,0.927
562,Wis.-Whitewater,D3,0.763,0.808,1.060,0.829
563,California (PA),D2,0.762,1.021,1.341,0.895
564,North Central (IL),D3,0.761,0.878,1.154,0.845
565,Ga. Southwestern,D2,0.761,0.889,1.168,0.898
566,Simon Fraser,D2,0.761,0.851,1.118,0.904
567,Lander,D2,0.761,0.902,1.186,0.889
568,St. Olaf,D3,0.761,0.778,1.022,0.840
569,Alas. Anchorage,D2,0.761,0.746,0.980,0.913
570,Charleston (WV),D2,0.761,0.900,1.183,0.861
571,Goldey-Beacom,D2,0.761,0.880,1.157,0.892
572,Washington-St. Louis,D3,0.759,0.937,1.233,0.842
573,Cal St. Dom. Hills,D2,0.759,0.856,1.128,0.903
574,Florida Tech,D2,0.759,0.969,1.278,0.906
575,Midwestern St.,D2,0.758,0.956,1.262,0.923
576,Southern Ark.,D2,0.757,0.921,1.215,0.915
577,Okla. Christian,D2,0.757,0.895,1.182,0.923
578,Lynn,D2,0.756,0.851,1.125,0.899
579,St. Thomas (MN),D3,0.755,0.848,1.124,0.867
580,Michigan Tech,D2,0.754,0.877,1.163,0.886
581,Delaware St.,D1,0.754,0.843,1.118,0.970
582,Southwest Baptist,D2,0.754,0.905,1.200,0.918
583,Flagler,D2,0.754,0.886,1.175,0.883
584,Frank. & Marsh.,D3,0.754,0.857,1.138,0.848
585,St. Mary's (TX),D2,0.754,0.826,1.096,0.919
586,Concord,D2,0.753,0.926,1.229,0.869
587,Rensselaer,D3,0.753,0.796,1.058,0.795
588,Tiffin,D2,0.753,0.877,1.166,0.925
589,Mo.-St. Louis,D2,0.752,0.823,1.095,0.924
590,Emory & Henry,D3,0.752,0.958,1.273,0.829
591,Academy of Art,D2,0.752,0.828,1.101,0.891
592,Rockhurst,D2,0.752,0.872,1.160,0.927
593,Wayne St. (MI),D2,0.752,0.801,1.065,0.916
594,Whitworth,D3,0.752,0.918,1.221,0.828
595,Occidental,D3,0.751,0.798,1.063,0.878
596,Lebanon Valley,D3,0.750,0.883,1.177,0.839
597,Lane,D2,0.750,0.783,1.045,0.906
598,Lynchburg,D3,0.750,0.934,1.246,0.827
599,Ill.-Springfield,D2,0.750,0.871,1.161,0.876
600,Coast Guard,D3,0.750,0.925,1.233,0.800
601,Millersville,D2,0.750,0.908,1.211,0.880
602,Coppin St.,D1,0.749,0.769,1.027,1.010
603,LeTourneau,D3,0.749,0.960,1.282,0.855
604,Wis.-River Falls,D3,0.749,0.861,1.149,0.853
605,Coker,D2,0.749,0.963,1.286,0.876
606,Texas-Dallas,D3,0.748,0.810,1.084,0.833
607,Alabama A&M,D1,0.747,0.828,1.108,1.010
608,Mary,D2,0.747,0.920,1.233,0.944
609,Chris. Newport,D3,0.746,0.826,1.107,0.852
610,Trinity (CT),D3,0.746,0.825,1.107,0.810
611,Delta St.,D2,0.745,0.740,0.993,0.915
612,Gwynedd Mercy,D3,0.745,0.972,1.305,0.812
613,Roberts Wesleyan,D2,0.745,0.890,1.195,0.873
614,Quincy,D2,0.744,0.839,1.127,0.918
615,Colorado Mesa,D2,0.744,0.907,1.219,0.921
616,Minn. Duluth,D2,0.744,0.894,1.202,0.908
617,Northwood,D2,0.744,0.872,1.172,0.918
618,Lees-McRae,D2,0.743,0.980,1.319,0.895
619,USciences,D2,0.742,0.796,1.072,0.879
620,Skidmore,D3,0.742,0.862,1.161,0.821
621,Humboldt St.,D2,0.742,0.838,1.129,0.909
622,York (PA),D3,0.742,0.917,1.236,0.831
623,American Int'l,D2,0.741,0.804,1.084,0.894
624,Keene St.,D3,0.741,0.852,1.150,0.827
625,SUNY Cortland,D3,0.740,0.876,1.184,0.824
626,Albright,D3,0.740,0.863,1.165,0.837
627,Tusculum,D2,0.740,0.955,1.290,0.909
628,Buena Vista,D3,0.740,0.918,1.242,0.844
629,Lycoming,D3,0.739,0.889,1.202,0.813
630,Westminster (PA),D3,0.738,0.866,1.173,0.814
631,Ill. Wesleyan,D3,0.738,0.893,1.211,0.844
632,Grand Valley St.,D2,0.737,0.825,1.119,0.897
633,Okla. Baptist,D2,0.737,0.894,1.214,0.902
634,Bloomsburg,D2,0.737,0.881,1.196,0.876
635,Wingate,D2,0.736,0.797,1.083,0.890
636,Northeastern St.,D2,0.736,0.865,1.175,0.924
637,Sonoma St.,D2,0.736,0.818,1.112,0.892
638,Hobart,D3,0.735,0.888,1.207,0.846
639,Limestone,D2,0.735,0.889,1.210,0.888
640,Wash. & Lee,D3,0.735,0.963,1.311,0.839
641,Southwestern Okla.,D2,0.734,0.868,1.182,0.901
642,Anderson (SC),D2,0.733,0.864,1.180,0.881
643,Lincoln (PA),D2,0.732,0.807,1.102,0.861
644,Swarthmore,D3,0.732,0.893,1.219,0.827
645,Hamline,D3,0.732,0.837,1.143,0.861
646,Babson,D3,0.732,0.897,1.226,0.836
647,Concordia-St. Paul,D2,0.729,0.834,1.143,0.930
648,Roger Williams,D3,0.729,0.851,1.167,0.836
649,Saint Michael's,D2,0.728,0.874,1.200,0.904
650,Trevecca Nazarene,D2,0.728,0.845,1.161,0.927
651,UC-Colo. Springs,D2,0.728,0.908,1.248,0.902
652,Pace,D2,0.728,0.883,1.212,0.889
653,Central St. (OH),D2,0.727,0.866,1.192,0.901
654,Lake Forest,D3,0.727,0.852,1.173,0.835
655,Assumption,D2,0.726,0.807,1.111,0.909
656,Cal St. Monterey Bay,D2,0.726,0.856,1.180,0.897
657,Livingstone,D2,0.726,0.961,1.324,0.894
658,Salisbury,D3,0.725,0.857,1.181,0.828
659,Neumann,D3,0.725,0.930,1.283,0.816
660,Maryville (TN),D3,0.725,0.917,1.266,0.828
661,West Ga.,D2,0.725,0.915,1.263,0.884
662,AUM,D2,0.725,0.910,1.256,0.892
663,Hanover,D3,0.724,0.858,1.185,0.820
664,Salem Int'l,D2,0.723,0.917,1.267,0.883
665,Felician,D2,0.723,0.898,1.242,0.883
666,Henderson St.,D2,0.723,0.855,1.183,0.926
667,Chicago St.,D1,0.723,0.855,1.183,1.023
668,Black Hills St.,D2,0.722,0.806,1.116,0.912
669,Moravian,D3,0.722,0.920,1.274,0.813
670,Calvin,D3,0.721,0.932,1.293,0.870
671,Wis.-Stevens Point,D3,0.720,0.809,1.123,0.852
672,Grinnell,D3,0.719,1.121,1.560,0.823
673,St. John Fisher,D3,0.718,0.890,1.240,0.847
674,Endicott,D3,0.718,0.891,1.241,0.825
675,Lock Haven,D2,0.717,0.819,1.142,0.900
676,TCNJ,D3,0.717,0.913,1.273,0.809
677,Tufts,D3,0.717,0.903,1.260,0.826
678,Va. Wesleyan,D3,0.716,0.832,1.161,0.846
679,WPI,D3,0.716,0.835,1.167,0.823
680,Monmouth (IL),D3,0.715,0.828,1.157,0.821
681,Erskine,D2,0.715,0.715,1.000,0.891
682,Concordia (NY),D2,0.715,0.923,1.292,0.889
683,Ithaca,D3,0.714,0.873,1.222,0.823
684,Thomas More,D3,0.714,0.807,1.130,0.822
685,Belmont Abbey,D2,0.714,0.874,1.225,0.871
686,Seton Hill,D2,0.713,0.862,1.209,0.915
687,Transylvania,D3,0.713,0.931,1.305,0.846
688,Concordia Portland,D2,0.713,0.868,1.216,0.896
689,Mt. St. Joseph,D3,0.713,0.845,1.185,0.841
690,Union (TN),D2,0.713,0.821,1.152,0.872
691,Adrian,D3,0.713,0.812,1.139,0.807
692,Capital,D3,0.712,0.846,1.188,0.861
693,Hawaii Hilo,D2,0.711,0.907,1.275,0.915
694,Notre Dame (OH),D2,0.711,0.949,1.335,0.904
695,Oswego St.,D3,0.711,0.809,1.138,0.823
696,Bethany Lutheran,D3,0.711,0.922,1.297,0.842
697,Mercy,D2,0.711,0.895,1.260,0.873
698,Heidelberg,D3,0.711,0.918,1.292,0.865
699,LeMoyne-Owen,D2,0.710,0.874,1.230,0.887
700,St. Norbert,D3,0.710,0.764,1.075,0.825
701,Wheaton (IL),D3,0.710,0.898,1.264,0.844
702,Chowan,D2,0.710,0.837,1.180,0.884
703,Emory,D3,0.710,0.936,1.319,0.834
704,Dickinson,D3,0.709,0.816,1.151,0.851
705,Elizabeth City St.,D2,0.709,0.826,1.165,0.885
706,Mississippi Col.,D2,0.709,0.882,1.245,0.907
707,Catholic,D3,0.708,0.887,1.252,0.854
708,UVa-Wise,D2,0.708,0.864,1.221,0.873
709,Simpson,D3,0.708,0.898,1.268,0.867
710,Roanoke,D3,0.707,0.751,1.062,0.825
711,Rowan,D3,0.707,0.951,1.346,0.845
712,Wis.-Eau Claire,D3,0.706,0.836,1.184,0.849
713,Harding,D2,0.706,0.812,1.150,0.905
714,UMES,D1,0.706,0.771,1.093,1.008
715,Catawba,D2,0.706,0.859,1.218,0.903
716,Stockton,D3,0.705,0.839,1.190,0.831
717,Wilmington (OH),D3,0.704,0.898,1.275,0.868
718,Loras,D3,0.704,0.965,1.371,0.832
719,Holy Names,D2,0.704,0.824,1.172,0.883
720,Elmhurst,D3,0.704,0.858,1.220,0.843
721,Sul Ross St.,D3,0.703,0.861,1.224,0.832
722,Brockport,D3,0.702,0.903,1.287,0.832
723,North Greenville,D2,0.702,0.840,1.197,0.882
724,Holy Family,D2,0.701,0.888,1.266,0.889
725,LIU Post,D2,0.701,0.823,1.174,0.884
726,Albertus Magnus,D3,0.701,0.893,1.274,0.837
727,Sewanee,D3,0.700,0.786,1.123,0.846
728,Shorter,D2,0.700,0.828,1.183,0.913
729,East Tex. Baptist,D3,0.699,0.899,1.286,0.836
730,Lehman,D3,0.699,0.902,1.290,0.785
731,Cabrini,D3,0.699,0.919,1.315,0.836
732,Stevenson,D3,0.699,0.889,1.273,0.806
733,Davis & Elkins,D2,0.698,0.849,1.215,0.910
734,Rosemont,D3,0.698,0.788,1.130,0.822
735,Fayetteville St.,D2,0.697,0.819,1.175,0.893
736,Bemidji St.,D2,0.697,0.821,1.178,0.909
737,La Roche,D3,0.697,0.856,1.229,0.831
738,Concordia (TX),D3,0.696,0.963,1.383,0.839
739,Methodist,D3,0.696,0.892,1.283,0.853
740,New Jersey City,D3,0.695,0.854,1.229,0.823
741,Olivet,D3,0.695,0.937,1.348,0.860
742,Concordia-M'head,D3,0.694,0.829,1.193,0.848
743,Alas. Fairbanks,D2,0.694,0.819,1.180,0.899
744,Widener,D3,0.694,0.836,1.204,0.842
745,St. Scholastica,D3,0.694,0.826,1.191,0.838
746,Kentucky St.,D2,0.693,0.960,1.386,0.898
747,Chadron St.,D2,0.693,0.812,1.172,0.897
748,Molloy,D2,0.693,0.856,1.235,0.922
749,Dist. Columbia,D2,0.693,0.864,1.248,0.903
750,Puget Sound,D3,0.691,1.027,1.486,0.861
751,Cal Lutheran,D3,0.691,0.871,1.261,0.881
752,Mary Washington,D3,0.689,0.838,1.215,0.838
753,UC Santa Cruz,D3,0.689,0.833,1.209,0.832
754,Husson,D3,0.689,0.869,1.262,0.795
755,Colby,D3,0.688,0.875,1.273,0.810
756,Hope,D3,0.687,0.925,1.347,0.885
757,Winston-Salem,D2,0.687,0.866,1.262,0.885
758,Union (NY),D3,0.686,0.816,1.189,0.807
759,Western N.M.,D2,0.686,0.794,1.157,0.932
760,Wheaton (MA),D3,0.685,0.811,1.184,0.810
761,Chapman,D3,0.684,0.795,1.162,0.832
762,Mary Hardin-Baylor,D3,0.684,0.915,1.337,0.825
763,Penn St. Harrisburg,D3,0.684,0.797,1.166,0.838
764,Eastern,D3,0.683,0.880,1.289,0.850
765,Eureka,D3,0.683,0.932,1.365,0.848
766,Messiah,D3,0.682,0.770,1.129,0.830
767,Guilford,D3,0.682,0.823,1.206,0.843
768,Montclair St.,D3,0.682,0.806,1.181,0.838
769,Miles,D2,0.682,0.887,1.300,0.918
770,Pacific (OR),D3,0.681,0.871,1.278,0.809
771,Salem St.,D3,0.680,0.849,1.248,0.858
772,Saint Vincent,D3,0.680,0.804,1.183,0.830
773,P.R.-Rio Piedras,D2,0.679,0.850,1.251,0.906
774,Wilkes,D3,0.679,0.804,1.184,0.824
775,Covenant,D3,0.677,0.897,1.324,0.816
776,Stevens,D3,0.677,0.861,1.271,0.822
777,UMass Dartmouth,D3,0.677,0.883,1.304,0.823
778,Utica,D3,0.677,0.822,1.214,0.848
779,Trinity (TX),D3,0.676,0.819,1.212,0.840
780,Nyack,D2,0.675,0.782,1.157,0.872
781,Dubuque,D3,0.675,0.846,1.254,0.818
782,Clarion,D2,0.674,0.944,1.401,0.890
783,Lancaster Bible,D3,0.674,0.819,1.216,0.795
784,N.C. Wesleyan,D3,0.673,0.912,1.354,0.868
785,SUNY Oneonta,D3,0.673,0.825,1.226,0.847
786,Ripon,D3,0.673,0.745,1.107,0.804
787,Spring Hill,D2,0.673,0.827,1.229,0.902
788,Hiram,D3,0.673,0.874,1.298,0.838
789,Plattsburgh St.,D3,0.671,0.878,1.308,0.838
790,Wooster,D3,0.671,0.829,1.234,0.833
791,Albany St. (GA),D2,0.671,0.799,1.191,0.898
792,Dominican (CA),D2,0.671,0.816,1.216,0.890
793,Westminster (MO),D3,0.671,0.819,1.221,0.816
794,East. Mennonite,D3,0.670,0.867,1.295,0.825
795,Urbana,D2,0.669,0.850,1.271,0.911
796,Wesley,D3,0.668,0.914,1.367,0.862
797,Minn.-Morris,D3,0.668,0.893,1.337,0.852
798,Ursinus,D3,0.668,0.891,1.334,0.827
799,Wabash,D3,0.668,0.815,1.221,0.834
800,West Va. Wesleyan,D2,0.667,0.789,1.183,0.913
801,Western Conn. St.,D3,0.667,0.830,1.244,0.827
802,Tex. A&M Int'l,D2,0.667,0.784,1.175,0.895
803,Central (IA),D3,0.667,0.912,1.368,0.876
804,Millikin,D3,0.667,0.822,1.233,0.826
805,Crown (MN),D3,0.666,0.906,1.359,0.812
806,Coe,D3,0.666,0.843,1.266,0.845
807,Gust. Adolphus,D3,0.666,0.731,1.098,0.845
808,Grove City,D3,0.666,0.732,1.100,0.788
809,Colo. Christian,D2,0.665,0.879,1.321,0.909
810,Queens (NY),D2,0.665,0.864,1.299,0.869
811,Texas-Tyler,D3,0.664,0.908,1.368,0.823
812,Brandeis,D3,0.664,0.834,1.257,0.842
813,Post,D2,0.664,0.825,1.244,0.883
814,Chicago,D3,0.663,0.813,1.226,0.833
815,Whittier,D3,0.663,0.938,1.415,0.845
816,Tuskegee,D2,0.663,0.759,1.145,0.902
817,Saginaw Valley,D2,0.663,0.786,1.186,0.926
818,Gordon,D3,0.663,0.873,1.317,0.809
819,Carroll (WI),D3,0.663,0.757,1.143,0.835
820,Springfield,D3,0.662,0.786,1.188,0.850
821,Southern Vt.,D3,0.661,0.856,1.296,0.829
822,Colorado Col.,D3,0.660,0.803,1.217,0.840
823,NYIT,D2,0.660,0.876,1.326,0.901
824,Alma,D3,0.659,0.862,1.307,0.865
825,Marywood,D3,0.659,0.816,1.238,0.827
826,Ohio Valley,D2,0.659,0.908,1.378,0.931
827,Redlands,D3,0.658,0.893,1.357,0.864
828,Clarkson,D3,0.658,0.794,1.207,0.812
829,Denison,D3,0.658,0.793,1.206,0.847
830,Bluefield St.,D2,0.658,0.855,1.300,0.907
831,Chestnut Hill,D2,0.657,0.821,1.250,0.894
832,Carnegie Mellon,D3,0.657,0.834,1.270,0.861
833,Merchant Marine,D3,0.656,0.764,1.165,0.804
834,Linfield,D3,0.656,0.821,1.252,0.847
835,Glenville St.,D2,0.655,0.844,1.287,0.904
836,Kenyon,D3,0.654,0.751,1.148,0.833
837,Rhodes,D3,0.654,1.145,1.752,0.826
838,Centenary (LA),D3,0.653,0.835,1.279,0.834
839,Caltech,D3,0.652,0.784,1.202,0.844
840,SUNY Poly,D3,0.651,0.896,1.376,0.839
841,Elizabethtown,D3,0.650,0.821,1.262,0.836
842,SUNY Geneseo,D3,0.649,0.818,1.259,0.836
843,Alfred,D3,0.648,0.841,1.297,0.789
844,Suffolk,D3,0.647,0.767,1.185,0.809
845,Oakland City,D2,0.647,0.866,1.338,0.886
846,North Park,D3,0.647,0.771,1.193,0.874
847,Concordia Wisconsin,D3,0.646,0.854,1.322,0.806
848,Bowdoin,D3,0.645,0.824,1.279,0.802
849,Frostburg St.,D3,0.644,0.874,1.357,0.853
850,IIT,D3,0.644,0.779,1.209,0.825
851,Staten Island,D3,0.643,0.815,1.267,0.831
852,Becker,D3,0.643,0.797,1.240,0.826
853,Muskingum,D3,0.643,0.907,1.411,0.842
854,George Fox,D3,0.643,0.896,1.395,0.840
855,Fresno Pacific,D2,0.643,0.858,1.335,0.885
856,Wis.-Stout,D3,0.642,0.796,1.240,0.814
857,Mt. St. Vincent,D3,0.642,0.775,1.208,0.800
858,Bridgewater (VA),D3,0.641,0.807,1.259,0.829
859,Salve Regina,D3,0.640,0.770,1.204,0.809
860,Trine,D3,0.639,0.785,1.227,0.848
861,Misericordia,D3,0.639,0.871,1.363,0.832
862,Wentworth,D3,0.639,0.713,1.117,0.801
863,Missouri S&T,D2,0.638,0.766,1.202,0.919
864,Greenville,D3,0.638,1.221,1.916,0.818
865,Wm. Paterson,D3,0.637,0.786,1.234,0.826
866,Western New Eng.,D3,0.636,0.854,1.344,0.820
867,Geneva,D3,0.636,0.723,1.136,0.796
868,Willamette,D3,0.636,0.746,1.174,0.838
869,Centre,D3,0.634,0.757,1.195,0.830
870,Immaculata,D3,0.634,0.823,1.299,0.811
871,Nazareth,D3,0.633,0.861,1.360,0.820
872,Shenandoah,D3,0.633,0.793,1.253,0.824
873,Penn St.-Altoona,D3,0.633,0.865,1.367,0.798
874,Thomas (ME),D3,0.632,0.759,1.202,0.791
875,Rose-Hulman,D3,0.631,0.816,1.294,0.828
876,LaGrange,D3,0.629,0.842,1.339,0.833
877,Chatham,D3,0.629,0.766,1.219,0.825
878,Wis.-Parkside,D2,0.628,0.727,1.157,0.901
879,Lawrence,D3,0.628,0.812,1.293,0.818
880,Dallas,D3,0.628,0.840,1.339,0.790
881,Huntingdon,D3,0.627,0.814,1.298,0.814
882,Oberlin,D3,0.625,0.764,1.222,0.822
883,Colby-Sawyer,D3,0.625,0.787,1.260,0.789
884,Johnson & Wales (RI),D3,0.625,0.803,1.285,0.808
885,Hartwick,D3,0.624,0.924,1.480,0.838
886,Hood,D3,0.624,0.879,1.409,0.830
887,Southern Va.,D3,0.622,0.757,1.217,0.832
888,Penn St.-Abington,D3,0.622,0.820,1.319,0.804
889,Mitchell,D3,0.622,0.892,1.434,0.845
890,Morrisville St.,D3,0.622,0.793,1.275,0.800
891,Otterbein,D3,0.621,0.784,1.262,0.870
892,York (NY),D3,0.621,0.810,1.305,0.813
893,Georgian Court,D2,0.620,0.722,1.164,0.892
894,Drew,D3,0.620,0.883,1.423,0.802
895,Susquehanna,D3,0.620,0.785,1.267,0.841
896,Birmingham-So.,D3,0.620,0.876,1.413,0.818
897,Greensboro,D3,0.620,0.939,1.515,0.856
898,Allegheny,D3,0.619,0.749,1.210,0.834
899,Paine,D2,0.619,0.764,1.234,0.899
900,CWRU,D3,0.618,0.784,1.268,0.837
901,Medaille,D3,0.618,0.864,1.399,0.815
902,Schreiner,D3,0.618,0.766,1.240,0.842
903,Haverford,D3,0.618,0.800,1.296,0.822
904,Gettysburg,D3,0.617,0.751,1.217,0.844
905,Piedmont,D3,0.617,0.755,1.224,0.843
906,Emerson,D3,0.616,0.776,1.259,0.816
907,NYU,D3,0.616,0.856,1.389,0.778
908,Farmingdale St.,D3,0.616,0.785,1.275,0.822
909,Scranton,D3,0.615,0.742,1.205,0.848
910,Thiel,D3,0.615,0.723,1.175,0.841
911,New England Col.,D3,0.615,0.868,1.411,0.766
912,Cornell College,D3,0.614,0.770,1.253,0.843
913,Northwestern-St.Paul,D3,0.614,0.765,1.246,0.840
914,Luther,D3,0.614,0.787,1.282,0.834
915,Mount Ida,D3,0.613,0.873,1.425,0.794
916,Claremont-M-S,D3,0.612,0.769,1.256,0.853
917,Hilbert,D3,0.612,0.803,1.313,0.798
918,Rutgers-Newark,D3,0.611,0.737,1.206,0.820
919,Illinois Col.,D3,0.611,0.841,1.377,0.832
920,Cairn,D3,0.610,0.819,1.341,0.825
921,Keystone,D3,0.610,0.867,1.421,0.827
922,William Peace,D3,0.610,0.825,1.353,0.844
923,Me.-Presque Isle,D3,0.609,0.768,1.261,0.845
924,Muhlenberg,D3,0.609,0.837,1.374,0.841
925,SUNY New Paltz,D3,0.609,0.795,1.307,0.837
926,Oglethorpe,D3,0.608,0.732,1.204,0.839
927,Purchase,D3,0.607,0.798,1.315,0.784
928,SUNY Potsdam,D3,0.607,0.828,1.365,0.801
929,Bates,D3,0.607,0.763,1.257,0.815
930,Southwestern (TX),D3,0.605,0.824,1.361,0.851
931,Bridgewater St.,D3,0.605,0.823,1.359,0.832
932,Marymount (VA),D3,0.605,0.734,1.213,0.859
933,Yeshiva,D3,0.605,0.823,1.362,0.815
934,Pomona-Pitzer,D3,0.604,0.763,1.264,0.836
935,Waynesburg,D3,0.604,0.758,1.255,0.840
936,Pine Manor,D3,0.604,0.824,1.365,0.808
937,St. Joseph's (ME),D3,0.601,0.749,1.246,0.794
938,Lasell,D3,0.601,0.778,1.294,0.866
939,Sage Colleges,D3,0.601,0.829,1.379,0.803
940,Buffalo St.,D3,0.601,0.833,1.387,0.832
941,Eastern Nazarene,D3,0.600,0.803,1.339,0.817
942,Howard Payne,D3,0.599,0.843,1.408,0.848
943,DePauw,D3,0.599,0.745,1.244,0.848
944,Mars Hill,D2,0.598,0.842,1.408,0.890
945,Notre Dame de Namur,D2,0.598,0.716,1.198,0.900
946,Westfield St.,D3,0.598,0.777,1.300,0.822
947,Hampden-Sydney,D3,0.598,0.807,1.350,0.833
948,Principia,D3,0.597,0.756,1.266,0.814
949,Manchester,D3,0.597,0.769,1.289,0.825
950,Connecticut Col.,D3,0.597,0.783,1.313,0.812
951,Castleton,D3,0.596,0.850,1.426,0.804
952,Texas Lutheran,D3,0.596,0.742,1.243,0.825
953,Albion,D3,0.594,0.760,1.279,0.865
954,SUNY Maritime,D3,0.594,0.734,1.235,0.808
955,Vassar,D3,0.593,0.799,1.346,0.870
956,Manhattanville,D3,0.593,0.737,1.243,0.841
957,Hendrix,D3,0.592,0.785,1.325,0.822
958,Mt. St. Mary (NY),D3,0.589,0.753,1.279,0.810
959,Washington Col.,D3,0.588,0.743,1.264,0.832
960,King's (PA),D3,0.588,0.856,1.456,0.823
961,St. Lawrence,D3,0.587,0.831,1.415,0.831
962,St. Mary's (MD),D3,0.587,0.802,1.365,0.844
963,MSOE,D3,0.587,0.751,1.279,0.798
964,Kean,D3,0.587,0.792,1.351,0.858
965,Berry,D3,0.586,0.821,1.400,0.830
966,Bryn Athyn,D3,0.586,0.750,1.280,0.803
967,Edgewood,D3,0.586,0.741,1.266,0.820
968,Cazenovia,D3,0.582,0.744,1.277,0.807
969,Webster,D3,0.582,0.772,1.326,0.831
970,Brevard,D3,0.580,0.753,1.298,0.828
971,Lakeland,D3,0.580,0.803,1.384,0.788
972,UMass Boston,D3,0.578,0.743,1.286,0.824
973,RIT,D3,0.577,0.733,1.269,0.814
974,Randolph,D3,0.577,0.752,1.304,0.829
975,Cobleskill St.,D3,0.576,0.753,1.306,0.794
976,McMurry,D3,0.576,0.781,1.357,0.816
977,Southern Wesleyan,D2,0.575,0.750,1.304,0.886
978,Rutgers-Camden,D3,0.575,0.776,1.349,0.824
979,Regis (MA),D3,0.575,0.736,1.281,0.810
980,Lesley ,D3,0.575,0.715,1.244,0.793
981,Ferrum,D3,0.572,0.721,1.260,0.868
982,McDaniel,D3,0.572,0.702,1.228,0.825
983,Wilson,D3,0.571,0.814,1.424,0.814
984,New Rochelle,D3,0.571,0.852,1.493,0.850
985,Pacific Lutheran,D3,0.569,0.725,1.274,0.883
986,Beloit,D3,0.569,0.749,1.318,0.840
987,Earlham,D3,0.567,0.846,1.492,0.813
988,Rockford,D3,0.567,0.779,1.373,0.830
989,Kalamazoo,D3,0.565,0.710,1.257,0.823
990,U New England,D3,0.563,1.028,1.824,0.820
991,Marian (WI),D3,0.563,0.719,1.278,0.801
992,Hardin-Simmons,D3,0.562,0.795,1.414,0.816
993,Johnson St.,D3,0.562,0.718,1.277,0.807
994,Defiance,D3,0.562,0.758,1.349,0.850
995,Elmira,D3,0.562,0.869,1.546,0.792
996,MacMurray,D3,0.562,0.742,1.322,0.844
997,Wis.-Superior,D3,0.561,0.715,1.274,0.830
998,Pitt.-Greensburg,D3,0.561,0.712,1.270,0.828
999,Rhode Island Col.,D3,0.561,0.762,1.360,0.825
1000,Northland,D3,0.561,0.713,1.271,0.839
1001,Fitchburg St.,D3,0.560,0.772,1.379,0.833
1002,Millsaps,D3,0.560,0.727,1.298,0.833
1003,Houghton,D3,0.560,0.686,1.225,0.806
1004,St. Joseph's (L.I.),D3,0.559,0.757,1.354,0.786
1005,Medgar Evers,D3,0.559,0.777,1.390,0.820
1006,D'Youville,D3,0.559,0.834,1.493,0.797
1007,Valley Forge,D3,0.559,0.806,1.442,0.831
1008,Franklin,D3,0.558,0.772,1.382,0.828
1009,Mount Aloysius,D3,0.557,0.715,1.283,0.828
1010,Emmanuel (MA),D3,0.557,0.781,1.403,0.827
1011,Alfred St.,D3,0.557,0.740,1.329,0.781
1012,Keuka,D3,0.556,0.695,1.250,0.789
1013,Delaware Valley,D3,0.555,0.700,1.260,0.833
1014,Newbury,D3,0.555,0.823,1.482,0.814
1015,Dominican (IL),D3,0.553,0.722,1.304,0.791
1016,Knox,D3,0.553,0.772,1.396,0.824
1017,Cheyney,D2,0.553,0.710,1.285,0.911
1018,John Jay,D3,0.551,0.728,1.320,0.808
1019,Clark (MA),D3,0.550,0.819,1.488,0.791
1020,Plymouth St.,D3,0.549,0.762,1.389,0.779
1021,Fredonia,D3,0.548,0.691,1.260,0.840
1022,Fontbonne,D3,0.548,0.804,1.468,0.833
1023,Me.-Farmington,D3,0.547,0.765,1.398,0.790
1024,Old Westbury,D3,0.547,0.786,1.437,0.805
1025,Gallaudet,D3,0.547,0.772,1.412,0.836
1026,St. Joseph's (Brkln),D3,0.545,0.709,1.302,0.786
1027,Wash. & Jeff.,D3,0.542,0.740,1.365,0.835
1028,Penn St.-Berks,D3,0.541,0.839,1.549,0.819
1029,Centenary (NJ),D3,0.541,0.697,1.289,0.816
1030,Macalester,D3,0.540,0.743,1.375,0.848
1031,Worcester St.,D3,0.540,0.808,1.497,0.821
1032,Spalding,D3,0.539,0.688,1.275,0.808
1033,Finlandia,D3,0.538,0.725,1.348,0.822
1034,Lewis & Clark,D3,0.536,0.721,1.345,0.840
1035,Louisiana Col.,D3,0.536,0.731,1.363,0.841
1036,North Central (MN),D3,0.534,0.781,1.463,0.835
1037,La Verne,D3,0.533,0.713,1.338,0.846
1038,Hunter,D3,0.531,0.678,1.275,0.802
1039,Berea,D3,0.531,0.713,1.343,0.843
1040,Clarks Summit,D3,0.530,0.722,1.362,0.819
1041,SUNY Canton,D3,0.530,0.742,1.401,0.830
1042,Ozarks (AR),D3,0.529,0.710,1.342,0.825
1043,Maranatha Baptist,D3,0.529,0.796,1.503,0.779
1044,Pitt.-Bradford,D3,0.529,0.807,1.526,0.829
1045,Norwich,D3,0.529,0.713,1.349,0.793
1046,Brooklyn,D3,0.527,0.717,1.362,0.820
1047,Belhaven,D3,0.524,0.826,1.577,0.803
1048,Framingham St.,D3,0.521,0.611,1.173,0.810
1049,Martin Luther,D3,0.521,0.763,1.465,0.795
1050,St. Elizabeth,D3,0.520,0.783,1.507,0.788
1051,Wis. Lutheran,D3,0.518,0.784,1.514,0.804
1052,Wells,D3,0.517,0.722,1.397,0.795
1053,Wheelock,D3,0.516,0.741,1.437,0.812
1054,FDU-Florham,D3,0.515,0.759,1.474,0.817
1055,Sarah Lawrence,D3,0.515,0.693,1.346,0.811
1056,Southern Me.,D3,0.514,0.644,1.253,0.819
1057,Maine Maritime,D3,0.509,0.672,1.320,0.793
1058,Concordia Chicago,D3,0.508,0.800,1.573,0.796
1059,Lyndon St.,D3,0.502,0.776,1.547,0.813
1060,Iowa Wesleyan,D3,0.498,0.754,1.515,0.844
1061,Saint Mary's (MN),D3,0.497,0.718,1.445,0.837
1062,MCLA,D3,0.490,0.726,1.482,0.804
1063,Franciscan,D3,0.485,0.630,1.299,0.830
1064,Green Mountain,D3,0.484,0.631,1.304,0.796
1065,Goucher,D3,0.483,0.646,1.338,0.835
1066,Penn College,D3,0.481,0.668,1.390,0.811
1067,Elms,D3,0.479,0.686,1.433,0.794
1068,Curry,D3,0.471,0.666,1.413,0.824
1069,CCNY,D3,0.467,0.684,1.463,0.836
1070,Rivier,D3,0.461,0.723,1.568,0.784
