year	year_id	team_id	team_name	jersey_number	summary_type	class_year	position	height	games_played	games_started	minutes_played	field_goals_made	field_goals_attempted	field_goal_percentage	three_point_field_goals	three_point_field_goals_attempted	three_point_field_goal_percentage	free_throws	free_throws_attempted	free_throw_percentage	points	point_per_game	offensive_rebounds	defensive_rebounds	total_rebounds	rebounds_per_game	assists	turnovers	steals	blocks	fouls	double_doubles	triple_doubles
2015	12020	26172	A&M-Corpus Chris	-	Totals	-	-	-	-	-	600:00	70	151	46.36	10	38	26.32	47	59	79.66	197	65.67	27	65	92	30.67	37	44	30	8	62	 	 
2015	12020	26172	A&M-Corpus Chris	-	Opponent Totals	-	-	-	-	-	600:00	68	160	42.50	13	45	28.89	43	68	63.24	192	64.00	42	60	102	34.00	37	45	19	10	57	 	 
2015	12020	2	Abilene Christian	-	Totals	-	-	-	-	-	800:00	111	258	43.02	33	91	36.26	57	80	71.25	312	78.00	54	86	140	35.00	72	52	42	6	104	 	 
2015	12020	2	Abilene Christian	-	Opponent Totals	-	-	-	-	-	800:00	93	193	48.19	24	64	37.50	83	127	65.35	293	73.25	39	108	147	36.75	34	81	23	16	81	 	 
2015	12020	721	Air Force	-	Totals	-	-	-	-	-	400:00	55	105	52.38	15	39	38.46	21	29	72.41	146	73.00	27	39	66	33.00	31	36	11	8	43	 	 
2015	12020	721	Air Force	-	Opponent Totals	-	-	-	-	-	400:00	51	112	45.54	17	43	39.53	20	36	55.56	139	69.50	30	29	59	29.50	25	26	12	4	38	 	 
2015	12020	5	Akron	-	Totals	-	-	-	-	-	1000:00	114	285	40.00	39	118	33.05	64	85	75.29	331	66.20	55	112	167	33.40	57	58	31	27	94	 	 
2015	12020	5	Akron	-	Opponent Totals	-	-	-	-	-	1000:00	118	276	42.75	22	70	31.43	65	108	60.19	323	64.60	71	127	198	39.60	62	72	31	19	84	 	 
2015	12020	8	Alabama	-	Totals	-	-	-	-	-	1000:00	128	281	45.55	36	111	32.43	101	124	81.45	393	78.60	51	119	170	34.00	61	55	38	20	102	 	 
2015	12020	8	Alabama	-	Opponent Totals	-	-	-	-	-	1000:00	119	270	44.07	40	122	32.79	72	105	68.57	350	70.00	50	108	158	31.60	64	69	22	13	102	 	 
2015	12020	6	Alabama A&M	-	Totals	-	-	-	-	-	800:00	83	212	39.15	23	86	26.74	51	83	61.45	240	60.00	51	93	144	36.00	51	69	22	12	86	 	 
2015	12020	6	Alabama A&M	-	Opponent Totals	-	-	-	-	-	800:00	91	222	40.99	20	74	27.03	68	104	65.38	270	67.50	58	94	152	38.00	39	50	37	10	80	 	 
2015	12020	7	Alabama St.	-	Totals	-	-	-	-	-	400:00	69	143	48.25	19	41	46.34	27	37	72.97	184	92.00	33	57	90	45.00	34	34	15	6	45	 	 
2015	12020	7	Alabama St.	-	Opponent Totals	-	-	-	-	-	400:00	55	116	47.41	15	35	42.86	36	53	67.92	161	80.50	13	43	56	28.00	31	29	21	9	39	 	 
2015	12020	14	Albany (NY)	-	Totals	-	-	-	-	-	625:00	73	174	41.95	20	54	37.04	32	48	66.67	198	66.00	33	90	123	41.00	35	44	20	6	66	 	 
2015	12020	14	Albany (NY)	-	Opponent Totals	-	-	-	-	-	625:00	63	175	36.00	19	65	29.23	43	66	65.15	188	62.67	39	78	117	39.00	39	41	14	9	54	 	 
2015	12020	17	Alcorn	-	Totals	-	-	-	-	-	1000:00	123	310	39.68	25	82	30.49	83	128	64.84	354	70.80	65	104	169	33.80	54	54	28	15	93	 	 
2015	12020	17	Alcorn	-	Opponent Totals	-	-	-	-	-	1000:00	150	314	47.77	40	111	36.04	74	108	68.52	414	82.80	70	133	203	40.60	91	71	25	28	99	 	 
2015	12020	23	American	-	Totals	-	-	-	-	-	1000:00	84	211	39.81	31	93	33.33	45	62	72.58	244	48.80	34	100	134	26.80	53	70	30	14	61	 	 
2015	12020	23	American	-	Opponent Totals	-	-	-	-	-	1000:00	85	211	40.28	25	77	32.47	38	57	66.67	233	46.60	34	97	131	26.20	48	77	23	18	73	 	 
2015	12020	27	Appalachian St.	-	Totals	-	-	-	-	-	800:00	87	221	39.37	19	65	29.23	66	97	68.04	259	64.75	44	98	142	35.50	40	51	18	10	83	 	 
2015	12020	27	Appalachian St.	-	Opponent Totals	-	-	-	-	-	800:00	101	217	46.54	26	81	32.10	66	101	65.35	294	73.50	33	108	141	35.25	58	51	16	13	87	 	 
2015	12020	29	Arizona	-	Totals	-	-	-	-	-	1000:00	126	252	50.00	25	74	33.78	102	147	69.39	379	75.80	45	127	172	34.40	71	57	47	17	89	 	 
2015	12020	29	Arizona	-	Opponent Totals	-	-	-	-	-	1000:00	100	251	39.84	24	71	33.80	74	103	71.84	298	59.60	35	106	141	28.20	51	75	23	5	109	 	 
2015	12020	28	Arizona St.	-	Totals	-	-	-	-	-	1000:00	115	239	48.12	46	110	41.82	71	114	62.28	347	69.40	43	125	168	33.60	78	70	27	18	99	 	 
2015	12020	28	Arizona St.	-	Opponent Totals	-	-	-	-	-	1000:00	96	263	36.50	22	82	26.83	73	101	72.28	287	57.40	56	101	157	31.40	36	62	33	14	105	 	 
2015	12020	2678	Ark.-Pine Bluff	-	Totals	-	-	-	-	-	800:00	76	195	38.97	26	66	39.39	43	66	65.15	221	55.25	44	56	100	25.00	33	60	32	12	74	 	 
2015	12020	2678	Ark.-Pine Bluff	-	Opponent Totals	-	-	-	-	-	800:00	91	200	45.50	26	81	32.10	59	79	74.68	267	66.75	56	85	141	35.25	50	64	25	11	66	 	 
2015	12020	31	Arkansas	-	Totals	-	-	-	-	-	800:00	125	246	50.81	31	63	49.21	76	107	71.03	357	89.25	46	92	138	34.50	85	53	46	16	77	 	 
2015	12020	31	Arkansas	-	Opponent Totals	-	-	-	-	-	800:00	97	236	41.10	21	67	31.34	60	80	75.00	275	68.75	53	88	141	35.25	53	86	22	11	88	 	 
2015	12020	30	Arkansas St.	-	Totals	-	-	-	-	-	400:00	45	91	49.45	11	28	39.29	30	45	66.67	131	65.50	16	43	59	29.50	14	31	9	4	35	 	 
2015	12020	30	Arkansas St.	-	Opponent Totals	-	-	-	-	-	400:00	50	108	46.30	13	37	35.14	25	41	60.98	138	69.00	25	37	62	31.00	21	27	19	1	43	 	 
2015	12020	725	Army	-	Totals	-	-	-	-	-	600:00	96	194	49.48	23	67	34.33	35	61	57.38	250	83.33	45	72	117	39.00	50	49	26	14	60	 	 
2015	12020	725	Army	-	Opponent Totals	-	-	-	-	-	600:00	90	196	45.92	21	59	35.59	34	51	66.67	235	78.33	44	67	111	37.00	40	54	29	14	66	 	 
2015	12020	37	Auburn	-	Totals	-	-	-	-	-	800:00	95	235	40.43	25	89	28.09	67	94	71.28	282	70.50	48	84	132	33.00	41	54	27	5	82	 	 
2015	12020	37	Auburn	-	Opponent Totals	-	-	-	-	-	800:00	108	207	52.17	24	67	35.82	56	84	66.67	296	74.00	32	106	138	34.50	53	64	28	15	87	 	 
2015	12020	43	Austin Peay	-	Totals	-	-	-	-	-	1000:00	117	291	40.21	21	69	30.43	73	101	72.28	328	65.60	57	120	177	35.40	65	75	26	36	97	 	 
2015	12020	43	Austin Peay	-	Opponent Totals	-	-	-	-	-	1000:00	127	279	45.52	41	101	40.59	81	117	69.23	376	75.20	49	131	180	36.00	70	73	37	11	96	 	 
2015	12020	77	BYU	-	Totals	-	-	-	-	-	850:00	132	269	49.07	36	95	37.89	74	108	68.52	374	93.50	57	112	169	42.25	78	56	40	12	82	 	 
2015	12020	77	BYU	-	Opponent Totals	-	-	-	-	-	850:00	104	250	41.60	31	88	35.23	53	81	65.43	292	73.00	48	95	143	35.75	50	74	28	17	87	 	 
2015	12020	94	Bakersfield	-	Totals	-	-	-	-	-	1099:00	112	295	37.97	28	103	27.18	58	78	74.36	310	62.00	68	134	202	40.40	62	83	23	15	118	 	 
2015	12020	94	Bakersfield	-	Opponent Totals	-	-	-	-	-	1101:00	101	268	37.69	37	105	35.24	92	147	62.59	331	66.20	57	117	174	34.80	53	57	34	28	89	 	 
2015	12020	47	Ball St.	-	Totals	-	-	-	-	-	826:00	112	216	51.85	38	81	46.91	68	92	73.91	330	82.50	44	99	143	35.75	69	66	32	11	80	 	 
2015	12020	47	Ball St.	-	Opponent Totals	-	-	-	-	-	825:00	102	230	181.24	18	53	139.17	47	76	240.00	269	269.00	44	74	118	29.50	57	63	33	8	82	 	 
2015	12020	51	Baylor	-	Totals	-	-	-	-	-	800:00	95	202	47.03	23	65	35.38	63	97	64.95	276	69.00	50	118	168	42.00	58	57	30	17	63	 	 
2015	12020	51	Baylor	-	Opponent Totals	-	-	-	-	-	800:00	72	224	32.14	19	89	21.35	37	57	64.91	200	50.00	45	74	119	29.75	46	49	25	12	82	 	 
2015	12020	14927	Belmont	-	Totals	-	-	-	-	-	1000:00	138	276	50.00	54	136	39.71	69	106	65.09	399	79.80	47	130	177	35.40	78	80	43	14	91	 	 
2015	12020	14927	Belmont	-	Opponent Totals	-	-	-	-	-	1000:00	126	296	42.57	37	114	32.46	62	98	63.27	351	70.20	57	114	171	34.20	60	74	27	12	102	 	 
2015	12020	61	Bethune-Cookman	-	Totals	-	-	-	-	-	1000:00	96	241	39.83	30	86	34.88	65	90	72.22	287	57.40	51	98	149	29.80	46	81	33	7	99	 	 
2015	12020	61	Bethune-Cookman	-	Opponent Totals	-	-	-	-	-	1000:00	97	219	44.29	25	74	33.78	95	133	71.43	314	62.80	44	104	148	29.60	57	71	43	14	88	 	 
2015	12020	62	Binghamton	-	Totals	-	-	-	-	-	1200:00	121	319	37.93	32	105	30.48	77	107	71.96	351	58.50	67	136	203	33.83	52	90	27	20	110	 	 
2015	12020	62	Binghamton	-	Opponent Totals	-	-	-	-	-	1200:00	156	337	46.29	38	123	30.89	77	110	70.00	427	71.17	66	147	213	35.50	72	74	46	19	113	 	 
2015	12020	66	Boise St.	-	Totals	-	-	-	-	-	1050:00	116	260	44.62	40	96	41.67	98	132	74.24	370	74.00	41	116	157	31.40	54	54	17	10	102	 	 
2015	12020	66	Boise St.	-	Opponent Totals	-	-	-	-	-	1050:00	125	272	45.96	38	103	36.89	76	107	71.03	364	72.80	42	121	163	32.60	63	59	20	15	111	 	 
2015	12020	67	Boston College	-	Totals	-	-	-	-	-	1000:00	107	261	41.00	20	101	19.80	74	102	72.55	308	61.60	56	117	173	34.60	55	84	34	14	122	 	 
2015	12020	67	Boston College	-	Opponent Totals	-	-	-	-	-	1000:00	101	243	41.56	20	75	26.67	99	147	67.35	321	64.20	52	117	169	33.80	59	77	40	16	105	 	 
2015	12020	68	Boston U.	-	Totals	-	-	-	-	-	800:00	81	198	40.91	34	91	37.36	73	100	73.00	269	67.25	40	90	130	32.50	50	62	19	6	80	 	 
2015	12020	68	Boston U.	-	Opponent Totals	-	-	-	-	-	800:00	101	221	45.70	30	91	32.97	66	96	68.75	298	74.50	38	88	126	31.50	63	41	25	18	82	 	 
2015	12020	71	Bowling Green	-	Totals	-	-	-	-	-	600:00	75	167	44.91	18	51	35.29	41	54	75.93	209	69.67	30	78	108	36.00	36	33	26	19	47	 	 
2015	12020	71	Bowling Green	-	Opponent Totals	-	-	-	-	-	600:00	55	149	36.91	20	55	36.36	37	51	72.55	167	55.67	26	68	94	31.33	30	49	10	12	53	 	 
2015	12020	72	Bradley	-	Totals	-	-	-	-	-	800:00	77	207	37.20	25	70	35.71	67	111	60.36	246	61.50	46	87	133	33.25	47	51	37	15	84	 	 
2015	12020	72	Bradley	-	Opponent Totals	-	-	-	-	-	800:00	75	190	39.47	27	65	41.54	65	95	68.42	242	60.50	45	108	153	38.25	45	73	26	11	89	 	 
2015	12020	80	Brown	-	Totals	-	-	-	-	-	1000:00	106	253	41.90	28	80	35.00	85	115	73.91	325	65.00	52	110	162	32.40	47	86	18	16	95	 	 
2015	12020	80	Brown	-	Opponent Totals	-	-	-	-	-	1000:00	131	289	45.33	35	98	35.71	77	102	75.49	374	74.80	61	105	166	33.20	63	64	45	15	115	 	 
2015	12020	81	Bryant	-	Totals	-	-	-	-	-	400:00	44	108	40.74	15	42	35.71	22	30	73.33	125	62.50	14	51	65	32.50	19	22	7	6	31	 	 
2015	12020	81	Bryant	-	Opponent Totals	-	-	-	-	-	400:00	48	113	42.48	16	42	38.10	17	20	85.00	129	64.50	17	55	72	36.00	25	23	11	9	31	 	 
2015	12020	83	Bucknell	-	Totals	-	-	-	-	-	1200:00	139	314	44.27	35	102	34.31	72	100	72.00	385	64.17	50	145	195	32.50	76	87	20	12	115	 	 
2015	12020	83	Bucknell	-	Opponent Totals	-	-	-	-	-	1200:00	153	339	45.13	39	109	35.78	96	135	71.11	441	73.50	59	137	196	32.67	75	52	45	20	101	 	 
2015	12020	86	Buffalo	-	Totals	-	-	-	-	-	800:00	87	222	39.19	20	61	32.79	81	108	75.00	275	68.75	48	108	156	39.00	36	58	29	19	90	 	 
2015	12020	86	Buffalo	-	Opponent Totals	-	-	-	-	-	800:00	94	247	38.06	26	89	29.21	56	96	58.33	270	67.50	64	105	169	42.25	48	60	27	14	92	 	 
2015	12020	87	Butler	-	Totals	-	-	-	-	-	600:00	93	166	56.02	22	45	48.89	41	67	61.19	249	83.00	25	79	104	34.67	57	33	26	10	45	 	 
2015	12020	87	Butler	-	Opponent Totals	-	-	-	-	-	600:00	52	152	34.21	15	57	26.32	25	41	60.98	144	48.00	22	63	85	28.33	25	57	13	8	62	 	 
2015	12020	101	CSUN	-	Totals	-	-	-	-	-	1050:00	131	279	46.95	13	49	26.53	90	121	74.38	365	73.00	44	121	165	33.00	77	74	33	23	102	 	 
2015	12020	101	CSUN	-	Opponent Totals	-	-	-	-	-	1051:00	134	305	43.93	39	119	32.77	89	128	69.53	396	79.20	70	119	189	37.80	66	72	37	12	100	 	 
2015	12020	90	Cal Poly	-	Totals	-	-	-	-	-	600:00	65	170	38.24	21	74	28.38	41	57	71.93	192	64.00	39	78	117	39.00	40	19	15	13	46	 	 
2015	12020	90	Cal Poly	-	Opponent Totals	-	-	-	-	-	600:00	54	157	34.39	21	54	38.89	40	59	67.80	169	56.33	36	73	109	36.33	28	26	9	6	43	 	 
2015	12020	97	Cal St. Fullerton	-	Totals	-	-	-	-	-	600:00	68	165	41.21	22	58	37.93	43	64	67.19	201	67.00	26	69	95	31.67	33	34	11	7	64	 	 
2015	12020	97	Cal St. Fullerton	-	Opponent Totals	-	-	-	-	-	600:00	72	156	46.15	25	48	52.08	53	76	69.74	222	74.00	26	85	111	37.00	36	36	10	7	64	 	 
2015	12020	107	California	-	Totals	-	-	-	-	-	800:00	118	247	47.77	28	66	42.42	48	78	61.54	312	78.00	46	113	159	39.75	71	42	22	21	82	 	 
2015	12020	107	California	-	Opponent Totals	-	-	-	-	-	800:00	81	228	142.45	15	62	97.27	69	99	268.28	246	246.00	45	98	143	143.00	29	49	20	26	69	 	 
2015	12020	115	Campbell	-	Totals	-	-	-	-	-	600:00	80	170	47.06	13	55	23.64	23	55	41.82	196	65.33	31	78	109	36.33	50	37	19	10	43	 	 
2015	12020	115	Campbell	-	Opponent Totals	-	-	-	-	-	600:00	77	176	43.75	19	46	41.30	25	36	69.44	198	66.00	24	82	106	35.33	40	34	17	8	55	 	 
2015	12020	116	Canisius	-	Totals	-	-	-	-	-	600:00	60	174	34.48	24	70	34.29	36	50	72.00	180	60.00	39	72	111	37.00	39	36	25	10	54	 	 
2015	12020	116	Canisius	-	Opponent Totals	-	-	-	-	-	600:00	55	150	36.67	15	54	27.78	45	60	75.00	170	56.67	31	83	114	38.00	40	50	12	16	56	 	 
2015	12020	1004	Central Ark.	-	Totals	-	-	-	-	-	800:00	95	227	41.85	36	92	39.13	50	78	64.10	276	69.00	32	87	119	29.75	54	74	23	16	100	 	 
2015	12020	1004	Central Ark.	-	Opponent Totals	-	-	-	-	-	800:00	124	261	47.51	28	77	36.36	84	123	68.29	360	90.00	72	108	180	45.00	60	58	36	12	74	 	 
2015	12020	127	Central Conn. St.	-	Totals	-	-	-	-	-	800:00	77	216	35.65	20	61	32.79	45	65	69.23	219	54.75	43	95	138	34.50	33	63	12	8	68	 	 
2015	12020	127	Central Conn. St.	-	Opponent Totals	-	-	-	-	-	800:00	102	229	44.54	27	72	37.50	56	83	67.47	287	71.75	44	104	148	37.00	50	36	23	17	66	 	 
2015	12020	129	Central Mich.	-	Totals	-	-	-	-	-	800:00	109	224	48.66	47	111	42.34	67	98	68.37	332	83.00	48	125	173	43.25	70	60	27	14	71	 	 
2015	12020	129	Central Mich.	-	Opponent Totals	-	-	-	-	-	800:00	81	223	36.32	23	91	25.27	33	59	55.93	218	54.50	33	85	118	29.50	36	61	30	7	85	 	 
2015	12020	48	Charleston So.	-	Totals	-	-	-	-	-	821:00	114	258	44.19	40	124	32.26	49	89	55.06	317	79.25	63	114	177	44.25	64	54	29	9	80	 	 
2015	12020	48	Charleston So.	-	Opponent Totals	-	-	-	-	-	821:00	84	214	39.25	26	82	31.71	74	106	69.81	268	67.00	34	103	137	34.25	44	63	25	20	78	 	 
2015	12020	458	Charlotte	-	Totals	-	-	-	-	-	850:00	104	223	46.64	28	66	42.42	66	105	62.86	302	75.50	43	114	157	39.25	42	72	22	14	75	 	 
2015	12020	458	Charlotte	-	Opponent Totals	-	-	-	-	-	850:00	110	272	40.44	23	94	24.47	54	72	75.00	297	74.25	56	98	154	38.50	50	52	29	13	93	 	 
2015	12020	693	Chattanooga	-	Totals	-	-	-	-	-	800:00	95	221	42.99	26	84	30.95	54	89	60.67	270	67.50	37	96	133	33.25	44	63	33	14	84	 	 
2015	12020	693	Chattanooga	-	Opponent Totals	-	-	-	-	-	800:00	100	228	43.86	19	61	31.15	62	94	65.96	281	70.25	47	105	152	38.00	50	62	26	11	75	 	 
2015	12020	136	Chicago St.	-	Totals	-	-	-	-	-	1200:00	141	344	40.99	39	133	29.32	75	123	60.98	396	66.00	78	144	222	37.00	64	98	60	17	125	 	 
2015	12020	136	Chicago St.	-	Opponent Totals	-	-	-	-	-	1200:00	139	309	44.98	45	118	38.14	89	138	64.49	412	68.67	48	156	204	34.00	80	104	43	22	115	 	 
2015	12020	140	Cincinnati	-	Totals	-	-	-	-	-	800:00	80	191	41.88	20	68	29.41	54	79	68.35	234	58.50	45	101	146	36.50	47	57	23	23	59	 	 
2015	12020	140	Cincinnati	-	Opponent Totals	-	-	-	-	-	800:00	71	203	34.98	20	66	30.30	35	52	67.31	197	49.25	32	74	106	26.50	35	49	24	10	76	 	 
2015	12020	141	Citadel	-	Totals	-	-	-	-	-	1000:00	120	258	46.51	27	84	32.14	60	86	69.77	327	65.40	54	90	144	28.80	65	64	36	10	74	 	 
2015	12020	141	Citadel	-	Opponent Totals	-	-	-	-	-	1000:00	113	238	47.48	37	98	37.76	45	62	72.58	308	61.60	43	98	141	28.20	59	77	29	11	88	 	 
2015	12020	147	Clemson	-	Totals	-	-	-	-	-	1000:00	127	272	46.69	25	83	30.12	74	120	61.67	353	70.60	57	128	185	37.00	55	58	21	26	75	 	 
2015	12020	147	Clemson	-	Opponent Totals	-	-	-	-	-	1000:00	109	290	37.59	25	83	30.12	58	87	66.67	301	60.20	66	106	172	34.40	54	65	30	8	107	 	 
2015	12020	148	Cleveland St.	-	Totals	-	-	-	-	-	825:00	104	226	46.02	28	76	36.84	65	86	75.58	301	75.25	53	84	137	34.25	54	55	39	10	91	 	 
2015	12020	148	Cleveland St.	-	Opponent Totals	-	-	-	-	-	825:00	82	183	44.81	25	63	39.68	78	114	68.42	267	66.75	33	77	110	27.50	49	68	28	12	73	 	 
2015	12020	149	Coastal Caro.	-	Totals	-	-	-	-	-	800:00	98	222	44.14	24	72	33.33	88	135	65.19	308	77.00	66	122	188	47.00	48	56	43	11	65	 	 
2015	12020	149	Coastal Caro.	-	Opponent Totals	-	-	-	-	-	800:00	69	211	32.70	23	89	25.84	43	63	68.25	204	51.00	32	80	112	28.00	38	66	20	9	95	 	 
2015	12020	1014	Col. of Charleston	-	Totals	-	-	-	-	-	800:00	92	213	43.19	31	78	39.74	34	52	65.38	249	62.25	29	105	134	33.50	44	48	23	11	98	 	 
2015	12020	1014	Col. of Charleston	-	Opponent Totals	-	-	-	-	-	800:00	76	200	38.00	18	62	29.03	74	118	62.71	244	61.00	48	105	153	38.25	36	53	14	4	68	 	 
2015	12020	153	Colgate	-	Totals	-	-	-	-	-	800:00	85	203	41.87	24	76	31.58	35	51	68.63	229	57.25	21	110	131	32.75	45	45	18	8	81	 	 
2015	12020	153	Colgate	-	Opponent Totals	-	-	-	-	-	800:00	79	196	40.31	19	57	33.33	63	105	60.00	240	60.00	30	107	137	34.25	44	33	24	13	58	 	 
2015	12020	157	Colorado	-	Totals	-	-	-	-	-	800:00	86	196	43.88	20	58	34.48	64	85	75.29	256	64.00	34	124	158	39.50	44	53	22	16	71	 	 
2015	12020	157	Colorado	-	Opponent Totals	-	-	-	-	-	800:00	76	221	34.39	25	98	25.51	39	60	65.00	216	54.00	34	86	120	30.00	47	39	30	15	79	 	 
2015	12020	156	Colorado St.	-	Totals	-	-	-	-	-	600:00	78	164	47.56	29	69	42.03	53	78	67.95	238	79.33	39	77	116	38.67	58	43	15	16	60	 	 
2015	12020	156	Colorado St.	-	Opponent Totals	-	-	-	-	-	600:00	70	160	43.75	16	52	30.77	42	62	67.74	198	66.00	25	63	88	29.33	36	37	21	5	63	 	 
2015	12020	158	Columbia	-	Totals	-	-	-	-	-	800:00	76	189	40.21	31	97	31.96	54	82	65.85	237	59.25	45	104	149	37.25	49	51	25	16	72	 	 
2015	12020	158	Columbia	-	Opponent Totals	-	-	-	-	-	800:00	80	217	36.87	11	54	20.37	33	54	61.11	204	51.00	49	84	133	33.25	32	42	20	6	67	 	 
2015	12020	165	Coppin St.	-	Totals	-	-	-	-	-	800:00	90	263	34.22	33	111	29.73	29	46	63.04	242	60.50	53	68	121	30.25	42	56	24	17	68	 	 
2015	12020	165	Coppin St.	-	Opponent Totals	-	-	-	-	-	798:00	150	257	58.37	47	90	52.22	58	76	76.32	405	101.25	48	127	175	43.75	92	44	30	17	55	 	 
2015	12020	167	Cornell	-	Totals	-	-	-	-	-	1200:00	120	306	39.22	36	114	31.58	96	141	68.09	372	62.00	44	167	211	35.17	51	80	30	32	113	 	 
2015	12020	167	Cornell	-	Opponent Totals	-	-	-	-	-	1200:00	135	355	38.03	38	120	31.67	82	122	67.21	390	65.00	73	166	239	39.83	63	61	41	19	117	 	 
2015	12020	169	Creighton	-	Totals	-	-	-	-	-	1000:00	127	289	43.94	40	122	32.79	99	128	77.34	393	78.60	60	131	191	38.20	73	56	35	12	80	 	 
2015	12020	169	Creighton	-	Opponent Totals	-	-	-	-	-	1000:00	114	275	41.45	42	108	38.89	34	61	55.74	304	60.80	44	117	161	32.20	58	78	25	16	112	 	 
2015	12020	172	Dartmouth	-	Totals	-	-	-	-	-	400:00	38	97	39.18	10	33	30.30	19	26	73.08	105	52.50	22	52	74	37.00	18	38	5	7	40	 	 
2015	12020	172	Dartmouth	-	Opponent Totals	-	-	-	-	-	400:00	43	116	37.07	15	39	38.46	29	41	70.73	130	65.00	26	44	70	35.00	25	17	21	5	31	 	 
2015	12020	173	Davidson	-	Totals	-	-	-	-	-	600:00	94	203	46.31	36	86	41.86	36	44	81.82	260	86.67	40	83	123	41.00	56	27	14	14	65	 	 
2015	12020	173	Davidson	-	Opponent Totals	-	-	-	-	-	600:00	77	170	45.29	13	42	30.95	40	72	55.56	207	69.00	34	72	106	35.33	39	40	12	18	50	 	 
2015	12020	175	Dayton	-	Totals	-	-	-	-	-	600:00	65	157	41.40	13	51	25.49	52	75	69.33	195	65.00	35	69	104	34.67	38	42	22	9	59	 	 
2015	12020	175	Dayton	-	Opponent Totals	-	-	-	-	-	600:00	59	157	37.58	16	45	35.56	46	65	70.77	180	60.00	39	68	107	35.67	29	42	17	13	62	 	 
2015	12020	176	DePaul	-	Totals	-	-	-	-	-	400:00	54	110	49.09	15	48	31.25	29	45	64.44	152	76.00	19	48	67	33.50	29	21	13	9	43	 	 
2015	12020	176	DePaul	-	Opponent Totals	-	-	-	-	-	400:00	44	111	39.64	9	31	29.03	36	46	78.26	133	66.50	25	47	72	36.00	18	23	13	3	39	 	 
2015	12020	180	Delaware	-	Totals	-	-	-	-	-	601:00	48	163	29.45	20	67	29.85	51	71	71.83	167	55.67	44	76	120	40.00	27	30	5	6	49	 	 
2015	12020	180	Delaware	-	Opponent Totals	-	-	-	-	-	599:00	76	186	40.86	25	74	33.78	32	43	74.42	209	69.67	40	83	123	41.00	48	23	11	13	57	 	 
2015	12020	178	Delaware St.	-	Totals	-	-	-	-	-	825:00	109	241	45.23	33	86	38.37	56	77	72.73	307	76.75	43	110	153	38.25	47	62	28	26	76	 	 
2015	12020	178	Delaware St.	-	Opponent Totals	-	-	-	-	-	825:00	106	253	41.90	32	98	32.65	55	84	65.48	299	74.75	59	95	154	38.50	59	61	32	9	70	 	 
2015	12020	183	Denver	-	Totals	-	-	-	-	-	598:00	70	150	46.67	25	69	36.23	31	39	79.49	196	65.33	19	60	79	26.33	52	39	16	4	46	 	 
2015	12020	183	Denver	-	Opponent Totals	-	-	-	-	-	600:00	66	140	47.14	12	40	30.00	26	40	65.00	170	56.67	21	66	87	29.00	31	48	17	4	46	 	 
2015	12020	184	Detroit	-	Totals	-	-	-	-	-	1200:00	148	344	43.02	36	104	34.62	90	113	79.65	422	70.33	58	144	202	33.67	69	74	53	15	121	 	 
2015	12020	184	Detroit	-	Opponent Totals	-	-	-	-	-	1200:00	139	326	42.64	45	145	31.03	72	115	62.61	395	65.83	66	150	216	36.00	82	101	27	22	109	 	 
2015	12020	189	Drake	-	Totals	-	-	-	-	-	800:00	95	195	48.72	26	57	45.61	52	71	73.24	268	67.00	32	79	111	27.75	49	60	18	9	66	 	 
2015	12020	189	Drake	-	Opponent Totals	-	-	-	-	-	800:00	109	215	50.70	34	87	39.08	56	70	80.00	308	77.00	30	83	113	28.25	60	41	29	19	76	 	 
2015	12020	191	Drexel	-	Totals	-	-	-	-	-	1000:00	94	265	35.47	28	93	30.11	58	78	74.36	274	54.80	51	127	178	35.60	48	67	22	18	81	 	 
2015	12020	191	Drexel	-	Opponent Totals	-	-	-	-	-	1000:00	118	272	43.38	25	73	34.25	53	83	63.86	314	62.80	45	130	175	35.00	56	59	37	20	79	 	 
2015	12020	193	Duke	-	Totals	-	-	-	-	-	1000:00	156	301	51.83	48	115	41.74	87	125	69.60	447	89.40	66	128	194	38.80	97	48	48	21	81	 	 
2015	12020	193	Duke	-	Opponent Totals	-	-	-	-	-	1000:00	114	285	40.00	12	72	16.67	47	65	72.31	287	57.40	55	101	156	31.20	42	77	23	9	112	 	 
2015	12020	194	Duquesne	-	Totals	-	-	-	-	-	400:00	69	121	57.02	26	48	54.17	29	50	58.00	193	96.50	26	62	88	44.00	37	26	14	7	43	 	 
2015	12020	194	Duquesne	-	Opponent Totals	-	-	-	-	-	400:00	41	121	33.88	14	37	37.84	36	48	75.00	132	66.00	25	35	60	30.00	21	25	11	5	40	 	 
2015	12020	196	East Carolina	-	Totals	-	-	-	-	-	1000:00	127	278	45.68	24	90	26.67	99	151	65.56	377	75.40	62	128	190	38.00	62	65	41	10	94	 	 
2015	12020	196	East Carolina	-	Opponent Totals	-	-	-	-	-	1000:00	112	284	39.44	29	107	27.10	80	105	76.19	333	66.60	55	117	172	34.40	55	75	33	11	118	 	 
2015	12020	198	East Tenn. St.	-	Totals	-	-	-	-	-	800:00	120	272	44.12	49	122	40.16	65	101	64.36	354	88.50	61	110	171	42.75	61	40	37	11	97	 	 
2015	12020	198	East Tenn. St.	-	Opponent Totals	-	-	-	-	-	802:00	92	220	41.82	43	114	37.72	80	115	69.57	307	76.75	38	111	149	37.25	53	66	17	16	80	 	 
2015	12020	201	Eastern Ill.	-	Totals	-	-	-	-	-	1000:00	110	273	40.29	30	86	34.88	47	78	60.26	297	59.40	63	101	164	32.80	64	55	20	18	87	 	 
2015	12020	201	Eastern Ill.	-	Opponent Totals	-	-	-	-	-	1000:00	106	251	42.23	30	78	38.46	65	96	67.71	307	61.40	56	113	169	33.80	53	58	26	17	87	 	 
2015	12020	202	Eastern Ky.	-	Totals	-	-	-	-	-	600:00	110	213	51.64	32	89	35.96	54	68	79.41	306	102.00	42	67	109	36.33	64	27	53	9	50	 	 
2015	12020	202	Eastern Ky.	-	Opponent Totals	-	-	-	-	-	600:00	50	136	36.76	14	43	32.56	24	44	54.55	138	46.00	27	68	95	31.67	32	101	15	8	67	 	 
2015	12020	204	Eastern Mich.	-	Totals	-	-	-	-	-	1000:00	124	273	45.42	34	103	33.01	91	137	66.42	373	74.60	68	136	204	40.80	63	55	47	19	80	 	 
2015	12020	204	Eastern Mich.	-	Opponent Totals	-	-	-	-	-	1000:00	110	288	38.19	40	122	32.79	41	66	62.12	301	60.20	62	109	171	34.20	76	76	22	7	120	 	 
2015	12020	207	Eastern Wash.	-	Totals	-	-	-	-	-	1000:00	156	292	53.42	53	130	40.77	47	75	62.67	412	82.40	60	123	183	36.60	76	58	35	35	88	 	 
2015	12020	207	Eastern Wash.	-	Opponent Totals	-	-	-	-	-	1000:00	103	273	37.73	30	100	30.00	73	98	74.49	309	61.80	57	90	147	29.40	61	61	25	10	73	 	 
2015	12020	1068	Elon	-	Totals	-	-	-	-	-	824:00	94	236	39.83	22	66	33.33	55	80	68.75	265	66.25	39	102	141	35.25	38	55	26	3	98	 	 
2015	12020	1068	Elon	-	Opponent Totals	-	-	-	-	-	825:00	88	209	42.11	22	66	33.33	74	116	63.79	272	68.00	40	115	155	38.75	52	66	18	18	85	 	 
2015	12020	219	Evansville	-	Totals	-	-	-	-	-	802:00	118	227	51.98	18	51	35.29	51	72	70.83	305	76.25	40	104	144	36.00	80	40	27	11	61	 	 
2015	12020	219	Evansville	-	Opponent Totals	-	-	-	-	-	801:00	82	211	38.86	17	64	26.56	30	50	60.00	211	52.75	38	83	121	30.25	31	61	23	13	74	 	 
2015	12020	28755	FGCU	-	Totals	-	-	-	-	-	823:00	105	227	46.26	20	58	34.48	51	79	64.56	281	70.25	44	123	167	41.75	68	50	28	16	70	 	 
2015	12020	28755	FGCU	-	Opponent Totals	-	-	-	-	-	823:00	82	230	35.65	19	98	19.39	48	71	67.61	231	57.75	41	100	141	35.25	29	49	25	8	75	 	 
2015	12020	231	FIU	-	Totals	-	-	-	-	-	801:00	95	207	45.89	20	73	27.40	53	90	58.89	263	65.75	37	103	140	35.00	65	50	36	20	80	 	 
2015	12020	231	FIU	-	Opponent Totals	-	-	-	-	-	800:00	71	200	35.50	14	65	21.54	64	106	60.38	220	55.00	48	100	148	37.00	37	62	29	7	72	 	 
2015	12020	220	Fairfield	-	Totals	-	-	-	-	-	1025:00	97	250	38.80	27	87	31.03	85	115	73.91	306	61.20	40	109	149	29.80	52	67	22	9	88	 	 
2015	12020	220	Fairfield	-	Opponent Totals	-	-	-	-	-	1025:00	135	280	48.21	32	79	40.51	70	97	72.16	372	74.40	54	128	182	36.40	74	59	33	12	100	 	 
2015	12020	222	Fairleigh Dickinson	-	Totals	-	-	-	-	-	600:00	78	184	42.39	25	66	37.88	23	34	67.65	204	68.00	34	65	99	33.00	46	35	33	14	50	 	 
2015	12020	222	Fairleigh Dickinson	-	Opponent Totals	-	-	-	-	-	600:00	63	162	38.89	18	57	31.58	35	51	68.63	179	59.67	41	76	117	39.00	45	53	22	14	41	 	 
2015	12020	229	Fla. Atlantic	-	Totals	-	-	-	-	-	800:00	87	212	41.04	22	73	30.14	46	71	64.79	242	60.50	31	97	128	32.00	34	60	17	16	81	 	 
2015	12020	229	Fla. Atlantic	-	Opponent Totals	-	-	-	-	-	799:00	96	220	43.64	9	46	19.57	57	82	69.51	258	64.50	39	99	138	34.50	43	52	33	18	76	 	 
2015	12020	235	Florida	-	Totals	-	-	-	-	-	627:00	68	155	43.87	17	49	34.69	43	56	76.79	196	65.33	26	86	112	37.33	37	37	21	10	42	 	 
2015	12020	235	Florida	-	Opponent Totals	-	-	-	-	-	625:00	63	170	37.06	20	65	30.77	24	34	70.59	170	56.67	25	69	94	31.33	26	35	13	10	50	 	 
2015	12020	228	Florida A&M	-	Totals	-	-	-	-	-	1000:00	93	257	36.19	18	63	28.57	37	65	56.92	241	48.20	46	100	146	29.20	36	74	27	8	85	 	 
2015	12020	228	Florida A&M	-	Opponent Totals	-	-	-	-	-	1000:00	139	289	48.10	35	117	29.91	53	82	64.63	366	73.20	64	136	200	40.00	88	54	34	22	72	 	 
2015	12020	234	Florida St.	-	Totals	-	-	-	-	-	800:00	99	215	46.05	7	38	18.42	72	110	65.45	277	69.25	41	94	135	33.75	41	59	30	12	89	 	 
2015	12020	234	Florida St.	-	Opponent Totals	-	-	-	-	-	800:00	97	219	44.29	31	78	39.74	72	98	73.47	297	74.25	42	95	137	34.25	55	59	25	9	91	 	 
2015	12020	236	Fordham	-	Totals	-	-	-	-	-	801:00	90	253	35.57	31	106	29.25	44	64	68.75	255	63.75	71	101	172	43.00	55	60	21	18	81	 	 
2015	12020	236	Fordham	-	Opponent Totals	-	-	-	-	-	801:00	98	212	46.23	34	90	37.78	50	95	52.63	280	70.00	37	103	140	35.00	46	51	23	11	68	 	 
2015	12020	96	Fresno St.	-	Totals	-	-	-	-	-	1001:00	109	258	42.25	23	92	25.00	82	116	70.69	323	64.60	61	108	169	33.80	41	63	37	18	108	 	 
2015	12020	96	Fresno St.	-	Opponent Totals	-	-	-	-	-	1000:00	106	247	42.91	29	94	30.85	92	123	74.80	333	66.60	51	109	160	32.00	60	67	24	12	104	 	 
2015	12020	244	Furman	-	Totals	-	-	-	-	-	600:00	57	137	41.61	15	57	26.32	50	79	63.29	179	59.67	32	66	98	32.67	31	41	10	5	47	 	 
2015	12020	244	Furman	-	Opponent Totals	-	-	-	-	-	600:00	77	161	47.83	22	55	40.00	22	36	61.11	198	66.00	23	67	90	30.00	45	28	21	8	63	 	 
2015	12020	253	Ga. Southern	-	Totals	-	-	-	-	-	800:00	114	270	42.22	40	124	32.26	64	88	72.73	332	83.00	75	126	201	50.25	68	57	38	15	70	 	 
2015	12020	253	Ga. Southern	-	Opponent Totals	-	-	-	-	-	800:00	83	234	35.47	20	72	27.78	56	82	68.29	242	60.50	39	95	134	33.50	41	57	25	12	78	 	 
2015	12020	1092	Gardner-Webb	-	Totals	-	-	-	-	-	1000:00	124	317	39.12	38	127	29.92	61	101	60.40	347	69.40	61	127	188	37.60	64	57	30	2	92	 	 
2015	12020	1092	Gardner-Webb	-	Opponent Totals	-	-	-	-	-	1001:00	139	307	45.28	32	93	34.41	63	89	70.79	373	74.60	58	147	205	41.00	61	58	28	24	87	 	 
2015	12020	248	George Mason	-	Totals	-	-	-	-	-	1000:00	108	276	39.13	20	72	27.78	70	118	59.32	306	61.20	62	128	190	38.00	42	77	29	21	109	 	 
2015	12020	248	George Mason	-	Opponent Totals	-	-	-	-	-	1000:00	118	278	42.45	38	110	34.55	75	117	64.10	349	69.80	53	135	188	37.60	72	67	39	22	109	 	 
2015	12020	249	George Washington	-	Totals	-	-	-	-	-	600:00	77	176	43.75	16	59	27.12	34	50	68.00	204	68.00	36	86	122	40.67	36	31	23	16	47	 	 
2015	12020	249	George Washington	-	Opponent Totals	-	-	-	-	-	600:00	58	164	35.37	7	37	18.92	29	50	58.00	152	50.67	32	70	102	34.00	25	41	13	21	51	 	 
2015	12020	251	Georgetown	-	Totals	-	-	-	-	-	600:00	87	171	50.88	12	44	27.27	55	82	67.07	241	80.33	42	84	126	42.00	49	41	23	20	52	 	 
2015	12020	251	Georgetown	-	Opponent Totals	-	-	-	-	-	600:00	63	182	34.62	17	58	29.31	47	63	74.60	190	63.33	44	55	99	33.00	33	44	28	15	70	 	 
2015	12020	257	Georgia	-	Totals	-	-	-	-	-	800:00	108	235	45.96	16	59	27.12	77	113	68.14	309	77.25	45	121	166	41.50	62	48	29	30	82	 	 
2015	12020	257	Georgia	-	Opponent Totals	-	-	-	-	-	800:00	93	243	38.27	26	83	31.33	59	86	68.60	271	67.75	44	104	148	37.00	40	52	20	18	90	 	 
2015	12020	254	Georgia St.	-	Totals	-	-	-	-	-	1000:00	143	287	49.83	34	84	40.48	77	120	64.17	397	79.40	46	121	167	33.40	81	53	50	13	97	 	 
2015	12020	254	Georgia St.	-	Opponent Totals	-	-	-	-	-	1000:00	110	272	40.44	35	118	29.66	77	105	73.33	332	66.40	50	120	170	34.00	69	84	20	8	103	 	 
2015	12020	255	Georgia Tech	-	Totals	-	-	-	-	-	600:00	83	178	46.63	15	48	31.25	43	79	54.43	224	74.67	48	81	129	43.00	37	38	22	10	56	 	 
2015	12020	255	Georgia Tech	-	Opponent Totals	-	-	-	-	-	600:00	67	164	40.85	19	64	29.69	35	61	57.38	188	62.67	28	60	88	29.33	38	41	16	11	64	 	 
2015	12020	260	Gonzaga	-	Totals	-	-	-	-	-	800:00	142	253	56.13	37	87	42.53	58	92	63.04	379	94.75	58	128	186	46.50	91	42	35	19	64	 	 
2015	12020	260	Gonzaga	-	Opponent Totals	-	-	-	-	-	800:00	70	227	30.84	20	69	28.99	51	78	65.38	211	52.75	44	71	115	28.75	26	60	24	12	82	 	 
2015	12020	261	Grambling	-	Totals	-	-	-	-	-	600:00	43	134	32.09	6	32	18.75	33	59	55.93	125	41.67	30	54	84	28.00	19	52	13	6	53	 	 
2015	12020	261	Grambling	-	Opponent Totals	-	-	-	-	-	600:00	79	161	49.07	24	64	37.50	41	57	71.93	223	74.33	37	77	114	38.00	51	37	24	11	56	 	 
2015	12020	1104	Grand Canyon	-	Totals	-	-	-	-	-	1000:00	98	265	36.98	31	101	30.69	71	103	68.93	298	59.60	54	109	163	32.60	56	77	29	16	112	 	 
2015	12020	1104	Grand Canyon	-	Opponent Totals	-	-	-	-	-	1000:00	116	273	42.49	18	71	25.35	75	115	65.22	325	65.00	71	133	204	40.80	43	79	34	19	106	 	 
2015	12020	794	Green Bay	-	Totals	-	-	-	-	-	800:00	111	242	45.87	24	76	31.58	56	73	76.71	302	75.50	42	109	151	37.75	62	43	21	32	83	 	 
2015	12020	794	Green Bay	-	Opponent Totals	-	-	-	-	-	800:00	84	227	37.00	20	79	25.32	59	88	67.05	247	61.75	47	99	146	36.50	40	46	23	12	60	 	 
2015	12020	270	Hampton	-	Totals	-	-	-	-	-	1000:00	113	276	40.94	31	93	33.33	68	92	73.91	325	65.00	51	116	167	33.40	58	73	32	11	119	 	 
2015	12020	270	Hampton	-	Opponent Totals	-	-	-	-	-	1000:00	117	270	43.33	36	89	40.45	110	145	75.86	380	76.00	57	125	182	36.40	68	57	25	22	87	 	 
2015	12020	272	Hartford	-	Totals	-	-	-	-	-	1000:00	90	238	37.82	37	101	36.63	59	87	67.82	276	55.20	35	106	141	28.20	58	69	31	11	87	 	 
2015	12020	272	Hartford	-	Opponent Totals	-	-	-	-	-	1000:00	105	241	43.57	14	77	18.18	57	87	65.52	281	56.20	48	131	179	35.80	51	81	29	26	90	 	 
2015	12020	275	Harvard	-	Totals	-	-	-	-	-	800:00	101	196	51.53	19	47	40.43	64	80	80.00	285	71.25	36	108	144	36.00	57	64	30	25	55	 	 
2015	12020	275	Harvard	-	Opponent Totals	-	-	-	-	-	800:00	83	224	37.05	23	73	31.51	33	54	61.11	222	55.50	40	68	108	27.00	42	50	27	11	75	 	 
2015	12020	277	Hawaii	-	Totals	-	-	-	-	-	1402:00	174	399	43.61	44	139	31.65	117	172	68.02	509	72.71	88	161	249	35.57	91	98	65	21	143	 	 
2015	12020	277	Hawaii	-	Opponent Totals	-	-	-	-	-	1401:00	157	395	39.75	41	144	28.47	113	154	73.38	468	66.86	89	158	247	35.29	88	107	41	16	147	 	 
2015	12020	19651	High Point	-	Totals	-	-	-	-	-	900:00	104	225	46.22	26	79	32.91	58	85	68.24	292	73.00	38	82	120	30.00	52	49	16	7	66	 	 
2015	12020	19651	High Point	-	Opponent Totals	-	-	-	-	-	900:00	103	226	45.58	27	74	36.49	62	80	77.50	295	73.75	42	91	133	33.25	46	54	25	13	83	 	 
2015	12020	283	Hofstra	-	Totals	-	-	-	-	-	1000:00	130	286	45.45	43	112	38.39	84	129	65.12	387	77.40	51	128	179	35.80	77	59	39	17	79	 	 
2015	12020	283	Hofstra	-	Opponent Totals	-	-	-	-	-	1000:00	132	304	43.42	29	101	28.71	51	83	61.45	344	68.80	57	128	185	37.00	72	67	30	20	102	 	 
2015	12020	285	Holy Cross	-	Totals	-	-	-	-	-	600:00	92	186	49.46	20	59	33.90	35	54	64.81	239	79.67	31	67	98	32.67	47	37	42	14	53	 	 
2015	12020	285	Holy Cross	-	Opponent Totals	-	-	-	-	-	600:00	68	160	42.50	19	61	31.15	37	47	78.72	192	64.00	29	69	98	32.67	35	65	15	13	50	 	 
2015	12020	288	Houston	-	Totals	-	-	-	-	-	600:00	74	200	37.00	28	84	33.33	36	56	64.29	212	70.67	57	77	134	44.67	35	50	20	10	56	 	 
2015	12020	288	Houston	-	Opponent Totals	-	-	-	-	-	600:00	74	183	40.44	20	58	34.48	47	61	77.05	215	71.67	38	81	119	39.67	42	42	26	14	55	 	 
2015	12020	287	Houston Baptist	-	Totals	-	-	-	-	-	600:00	81	183	44.26	10	59	16.95	44	58	75.86	216	72.00	43	84	127	42.33	40	44	21	16	54	 	 
2015	12020	287	Houston Baptist	-	Opponent Totals	-	-	-	-	-	600:00	69	176	39.20	23	63	36.51	44	63	69.84	205	68.33	34	67	101	33.67	38	38	16	12	54	 	 
2015	12020	290	Howard	-	Totals	-	-	-	-	-	1200:00	146	348	41.95	31	111	27.93	74	108	68.52	397	66.17	87	169	256	42.67	52	99	54	28	118	 	 
2015	12020	290	Howard	-	Opponent Totals	-	-	-	-	-	1200:00	117	329	35.56	37	133	27.82	89	125	71.20	360	60.00	64	133	197	32.83	67	86	43	21	101	 	 
2015	12020	308	IPFW	-	Totals	-	-	-	-	-	800:00	106	223	47.53	33	90	36.67	61	94	64.89	306	76.50	34	100	134	33.50	67	44	25	10	76	 	 
2015	12020	308	IPFW	-	Opponent Totals	-	-	-	-	-	800:00	101	238	42.44	16	65	24.62	52	75	69.33	270	67.50	46	97	143	35.75	37	50	21	9	80	 	 
2015	12020	2699	IUPUI	-	Totals	-	-	-	-	-	1050:00	113	278	40.65	26	79	32.91	72	96	75.00	324	64.80	57	105	162	32.40	56	77	42	10	131	 	 
2015	12020	2699	IUPUI	-	Opponent Totals	-	-	-	-	-	1050:00	117	250	46.80	25	75	33.33	107	152	70.39	366	73.20	55	122	177	35.40	60	78	37	28	97	 	 
2015	12020	295	Idaho	-	Totals	-	-	-	-	-	800:00	108	245	44.08	29	69	42.03	56	78	71.79	301	75.25	48	97	145	36.25	47	48	16	5	95	 	 
2015	12020	295	Idaho	-	Opponent Totals	-	-	-	-	-	800:00	102	216	47.22	32	88	36.36	70	102	68.63	306	76.50	35	97	132	33.00	45	47	24	11	73	 	 
2015	12020	294	Idaho St.	-	Totals	-	-	-	-	-	600:00	60	151	39.74	12	44	27.27	29	49	59.18	161	53.67	21	72	93	31.00	23	45	15	5	52	 	 
2015	12020	294	Idaho St.	-	Opponent Totals	-	-	-	-	-	600:00	70	170	41.18	27	87	31.03	46	60	76.67	213	71.00	33	79	112	37.33	48	30	15	10	51	 	 
2015	12020	302	Ill.-Chicago	-	Totals	-	-	-	-	-	1200:00	128	330	38.79	30	97	30.93	117	147	79.59	403	67.17	69	146	215	35.83	59	71	31	16	105	 	 
2015	12020	302	Ill.-Chicago	-	Opponent Totals	-	-	-	-	-	1200:00	153	350	43.71	47	130	36.15	74	105	70.48	427	71.17	68	152	220	36.67	93	67	40	18	131	 	 
2015	12020	301	Illinois	-	Totals	-	-	-	-	-	800:00	134	259	51.74	44	93	47.31	78	99	78.79	390	97.50	48	108	156	39.00	72	35	31	19	73	 	 
2015	12020	301	Illinois	-	Opponent Totals	-	-	-	-	-	800:00	92	249	36.95	25	92	27.17	52	68	76.47	261	65.25	51	84	135	33.75	44	65	17	17	78	 	 
2015	12020	299	Illinois St.	-	Totals	-	-	-	-	-	800:00	103	245	42.04	22	65	33.85	44	67	65.67	272	68.00	56	87	143	35.75	50	49	31	12	86	 	 
2015	12020	299	Illinois St.	-	Opponent Totals	-	-	-	-	-	800:00	78	184	42.39	24	67	35.82	73	104	70.19	253	63.25	33	90	123	30.75	45	67	15	12	71	 	 
2015	12020	2743	Incarnate Word	-	Totals	-	-	-	-	-	400:00	64	131	48.85	17	35	48.57	38	51	74.51	183	91.50	27	68	95	47.50	39	22	23	14	31	 	 
2015	12020	2743	Incarnate Word	-	Opponent Totals	-	-	-	-	-	400:00	45	133	33.83	15	41	36.59	7	19	36.84	112	56.00	28	46	74	37.00	25	33	11	11	37	 	 
2015	12020	306	Indiana	-	Totals	-	-	-	-	-	800:00	122	232	52.59	42	91	46.15	72	102	70.59	358	89.50	46	104	150	37.50	66	48	28	14	62	 	 
2015	12020	306	Indiana	-	Opponent Totals	-	-	-	-	-	800:00	110	244	45.08	20	72	27.78	29	55	52.73	269	67.25	44	85	129	32.25	48	58	30	12	87	 	 
2015	12020	305	Indiana St.	-	Totals	-	-	-	-	-	825:00	83	208	39.90	17	69	24.64	91	127	71.65	274	68.50	41	112	153	38.25	34	54	25	17	83	 	 
2015	12020	305	Indiana St.	-	Opponent Totals	-	-	-	-	-	825:00	86	237	36.29	23	63	36.51	63	87	72.41	258	64.50	52	107	159	39.75	44	61	21	9	100	 	 
2015	12020	310	Iona	-	Totals	-	-	-	-	-	800:00	100	216	46.30	41	105	39.05	73	111	65.77	314	78.50	28	92	120	30.00	58	44	27	16	71	 	 
2015	12020	310	Iona	-	Opponent Totals	-	-	-	-	-	800:00	108	242	44.63	28	72	38.89	54	74	72.97	298	74.50	51	110	161	40.25	50	49	17	17	86	 	 
2015	12020	312	Iowa	-	Totals	-	-	-	-	-	1000:00	122	287	42.51	33	90	36.67	92	127	72.44	369	73.80	67	142	209	41.80	82	77	47	23	85	 	 
2015	12020	312	Iowa	-	Opponent Totals	-	-	-	-	-	1000:00	109	296	36.82	30	104	28.85	62	92	67.39	310	62.00	59	122	181	36.20	62	80	38	17	98	 	 
2015	12020	311	Iowa St.	-	Totals	-	-	-	-	-	800:00	107	232	46.12	30	91	32.97	77	99	77.78	321	80.25	35	110	145	36.25	67	41	18	11	63	 	 
2015	12020	311	Iowa St.	-	Opponent Totals	-	-	-	-	-	800:00	107	249	42.97	32	92	34.78	40	53	75.47	286	71.50	33	99	132	33.00	63	48	19	4	86	 	 
2015	12020	314	Jackson St.	-	Totals	-	-	-	-	-	1000:00	108	281	38.43	23	80	28.75	70	88	79.55	309	61.80	54	107	161	32.20	44	76	41	19	125	 	 
2015	12020	314	Jackson St.	-	Opponent Totals	-	-	-	-	-	1000:00	111	241	46.06	35	98	35.71	103	151	68.21	360	72.00	51	129	180	36.00	63	81	35	23	88	 	 
2015	12020	316	Jacksonville	-	Totals	-	-	-	-	-	1000:00	100	292	34.25	27	92	29.35	77	123	62.60	304	60.80	61	120	181	36.20	42	71	34	13	99	 	 
2015	12020	316	Jacksonville	-	Opponent Totals	-	-	-	-	-	1000:00	142	312	45.51	32	106	30.19	73	101	72.28	389	77.80	61	152	213	42.60	79	67	31	31	107	 	 
2015	12020	315	Jacksonville St.	-	Totals	-	-	-	-	-	800:00	79	214	36.92	24	85	28.24	46	73	63.01	228	57.00	48	88	136	34.00	44	68	23	14	78	 	 
2015	12020	315	Jacksonville St.	-	Opponent Totals	-	-	-	-	-	801:00	108	244	44.26	22	78	28.21	55	84	65.48	293	73.25	63	101	164	41.00	56	49	37	13	75	 	 
2015	12020	317	James Madison	-	Totals	-	-	-	-	-	600:00	69	155	44.52	22	55	40.00	47	59	79.66	207	69.00	29	57	86	28.67	39	44	21	5	42	 	 
2015	12020	317	James Madison	-	Opponent Totals	-	-	-	-	-	600:00	76	165	46.06	19	61	31.15	39	52	75.00	210	70.00	37	61	98	32.67	39	46	26	15	57	 	 
2015	12020	328	Kansas	-	Totals	-	-	-	-	-	600:00	64	161	39.75	11	42	26.19	57	84	67.86	196	65.33	42	75	117	39.00	37	36	19	14	49	 	 
2015	12020	328	Kansas	-	Opponent Totals	-	-	-	-	-	600:00	72	174	41.38	16	58	27.59	31	53	58.49	191	63.67	37	72	109	36.33	35	31	19	19	63	 	 
2015	12020	327	Kansas St.	-	Totals	-	-	-	-	-	800:00	107	215	49.77	28	70	40.00	87	128	67.97	329	82.25	48	81	129	32.25	66	53	30	9	89	 	 
2015	12020	327	Kansas St.	-	Opponent Totals	-	-	-	-	-	800:00	93	199	46.73	29	73	39.73	74	109	67.89	289	72.25	43	78	121	30.25	54	71	30	13	97	 	 
2015	12020	1157	Kennesaw St.	-	Totals	-	-	-	-	-	800:00	82	218	37.61	30	96	31.25	28	48	58.33	222	55.50	39	77	116	29.00	45	75	21	16	85	 	 
2015	12020	1157	Kennesaw St.	-	Opponent Totals	-	-	-	-	-	800:00	124	237	52.32	22	55	40.00	54	89	60.67	324	81.00	56	109	165	41.25	58	53	34	16	56	 	 
2015	12020	331	Kent St.	-	Totals	-	-	-	-	-	1000:00	114	255	44.71	35	86	40.70	79	124	63.71	342	68.40	56	121	177	35.40	55	57	26	17	99	 	 
2015	12020	331	Kent St.	-	Opponent Totals	-	-	-	-	-	1000:00	97	252	38.49	15	66	22.73	81	112	72.32	290	58.00	47	110	157	31.40	45	61	19	12	103	 	 
2015	12020	334	Kentucky	-	Totals	-	-	-	-	-	1200:00	177	368	48.10	38	117	32.48	103	153	67.32	495	82.50	99	176	275	45.83	107	72	49	60	103	 	 
2015	12020	334	Kentucky	-	Opponent Totals	-	-	-	-	-	1200:00	91	326	27.91	29	110	26.36	63	95	66.32	274	45.67	73	104	177	29.50	34	108	31	13	134	 	 
2015	12020	361	LIU Brooklyn	-	Totals	-	-	-	-	-	425:00	48	134	35.82	13	40	32.50	14	22	63.64	123	61.50	34	48	82	41.00	23	22	12	4	39	 	 
2015	12020	361	LIU Brooklyn	-	Opponent Totals	-	-	-	-	-	425:00	54	119	45.38	8	34	23.53	24	38	63.16	140	70.00	24	56	80	40.00	24	20	9	20	29	 	 
2015	12020	365	LSU	-	Totals	-	-	-	-	-	1025:00	137	317	43.22	19	79	24.05	63	88	71.59	356	71.20	70	136	206	41.20	73	73	35	17	78	 	 
2015	12020	365	LSU	-	Opponent Totals	-	-	-	-	-	1025:00	126	299	42.14	30	88	34.09	56	89	62.92	338	67.60	54	122	176	35.20	56	69	34	13	84	 	 
2015	12020	340	La Salle	-	Totals	-	-	-	-	-	801:00	85	232	36.64	16	67	23.88	63	91	69.23	249	62.25	49	109	158	39.50	47	48	27	16	74	 	 
2015	12020	340	La Salle	-	Opponent Totals	-	-	-	-	-	799:00	77	233	33.05	13	54	24.07	53	69	76.81	220	55.00	57	110	167	41.75	40	61	26	13	77	 	 
2015	12020	671	La.-Lafayette	-	Totals	-	-	-	-	-	800:00	97	213	45.54	15	56	26.79	61	92	66.30	270	67.50	40	95	135	33.75	51	82	30	11	92	 	 
2015	12020	671	La.-Lafayette	-	Opponent Totals	-	-	-	-	-	800:00	95	215	44.19	20	63	31.75	72	103	69.90	282	70.50	40	95	135	33.75	44	71	32	11	83	 	 
2015	12020	498	La.-Monroe	-	Totals	-	-	-	-	-	400:00	69	136	50.74	15	40	37.50	27	39	69.23	180	90.00	31	57	88	44.00	39	22	22	15	30	 	 
2015	12020	498	La.-Monroe	-	Opponent Totals	-	-	-	-	-	400:00	37	108	34.26	9	29	31.03	21	27	77.78	104	52.00	15	41	56	28.00	21	40	8	7	31	 	 
2015	12020	342	Lafayette	-	Totals	-	-	-	-	-	800:00	100	195	51.28	28	59	47.46	71	94	75.53	299	74.75	27	98	125	31.25	63	53	27	8	75	 	 
2015	12020	342	Lafayette	-	Opponent Totals	-	-	-	-	-	800:00	97	239	40.59	29	92	31.52	53	80	66.25	276	69.00	61	78	139	34.75	58	48	30	10	83	 	 
2015	12020	346	Lamar	-	Totals	-	-	-	-	-	800:00	90	220	40.91	19	70	27.14	60	97	61.86	259	64.75	56	74	130	32.50	41	64	35	13	79	 	 
2015	12020	346	Lamar	-	Opponent Totals	-	-	-	-	-	800:00	112	216	51.85	22	59	37.29	72	94	76.60	318	79.50	47	101	148	37.00	59	63	30	16	78	 	 
2015	12020	352	Lehigh	-	Totals	-	-	-	-	-	800:00	91	222	40.99	18	65	27.69	35	52	67.31	235	58.75	42	108	150	37.50	49	67	18	10	75	 	 
2015	12020	352	Lehigh	-	Opponent Totals	-	-	-	-	-	800:00	92	235	39.15	28	109	25.69	60	88	68.18	272	68.00	50	98	148	37.00	54	44	37	11	56	 	 
2015	12020	355	Liberty	-	Totals	-	-	-	-	-	800:00	85	202	42.08	24	70	34.29	51	71	71.83	245	61.25	38	103	141	35.25	55	66	20	11	78	 	 
2015	12020	355	Liberty	-	Opponent Totals	-	-	-	-	-	800:00	82	206	39.81	19	68	27.94	51	87	58.62	236	59.00	43	89	132	33.00	37	56	25	10	77	 	 
2015	12020	28600	Lipscomb	-	Totals	-	-	-	-	-	1000:00	125	317	39.43	45	149	30.20	71	115	61.74	366	73.20	72	125	197	39.40	68	72	35	15	101	 	 
2015	12020	28600	Lipscomb	-	Opponent Totals	-	-	-	-	-	1000:00	124	281	44.13	53	123	43.09	73	111	65.77	374	74.80	55	143	198	39.60	78	92	39	21	109	 	 
2015	12020	99	Long Beach St.	-	Totals	-	-	-	-	-	1000:00	124	248	50.00	41	93	44.09	81	120	67.50	370	74.00	50	117	167	33.40	60	82	30	13	106	 	 
2015	12020	99	Long Beach St.	-	Opponent Totals	-	-	-	-	-	1000:00	132	302	43.71	46	130	35.38	83	115	72.17	393	78.60	68	105	173	34.60	79	55	35	14	104	 	 
2015	12020	363	Longwood	-	Totals	-	-	-	-	-	1225:00	125	285	43.86	39	125	31.20	51	76	67.11	340	68.00	54	106	160	32.00	65	91	40	12	102	 	 
2015	12020	363	Longwood	-	Opponent Totals	-	-	-	-	-	1225:00	132	269	244.53	31	88	163.16	80	124	64.52	375	75.00	61	124	185	37.00	73	89	56	9	82	 	 
2015	12020	366	Louisiana Tech	-	Totals	-	-	-	-	-	1004:00	124	272	45.59	36	96	37.50	88	135	65.19	372	74.40	46	120	166	33.20	67	52	27	26	86	 	 
2015	12020	366	Louisiana Tech	-	Opponent Totals	-	-	-	-	-	998:00	111	281	39.50	22	76	28.95	70	102	68.63	314	62.80	64	128	192	38.40	54	69	30	19	106	 	 
2015	12020	367	Louisville	-	Totals	-	-	-	-	-	800:00	116	253	45.85	22	84	26.19	87	143	60.84	341	85.25	74	124	198	49.50	53	51	52	19	84	 	 
2015	12020	367	Louisville	-	Opponent Totals	-	-	-	-	-	800:00	69	219	31.51	16	84	19.05	46	84	54.76	200	50.00	46	93	139	34.75	43	85	23	6	108	 	 
2015	12020	371	Loyola Chicago	-	Totals	-	-	-	-	-	800:00	97	205	47.32	26	67	38.81	52	76	68.42	272	68.00	24	84	108	27.00	58	50	34	15	55	 	 
2015	12020	371	Loyola Chicago	-	Opponent Totals	-	-	-	-	-	798:00	105	227	46.26	32	81	39.51	28	46	60.87	270	67.50	43	99	142	35.50	64	63	27	13	75	 	 
2015	12020	369	Loyola Maryland	-	Totals	-	-	-	-	-	1000:00	79	263	30.04	29	95	30.53	69	112	61.61	256	51.20	73	123	196	39.20	36	83	34	15	103	 	 
2015	12020	369	Loyola Maryland	-	Opponent Totals	-	-	-	-	-	1000:00	115	272	42.28	23	86	26.74	77	118	65.25	330	66.00	54	130	184	36.80	68	58	45	41	88	 	 
2015	12020	370	Loyola Marymount	-	Totals	-	-	-	-	-	800:00	100	223	44.84	18	55	32.73	53	73	72.60	271	67.75	47	101	148	37.00	58	52	22	15	74	 	 
2015	12020	370	Loyola Marymount	-	Opponent Totals	-	-	-	-	-	800:00	98	228	42.98	30	90	33.33	45	61	73.77	271	67.75	39	90	129	32.25	58	42	23	11	76	 	 
2015	12020	380	Maine	-	Totals	-	-	-	-	-	800:00	95	223	42.60	23	78	29.49	48	71	67.61	261	65.25	38	76	114	28.50	51	72	28	5	80	 	 
2015	12020	380	Maine	-	Opponent Totals	-	-	-	-	-	800:00	132	217	60.83	39	81	48.15	55	93	59.14	358	89.50	32	101	133	33.25	86	60	34	18	75	 	 
2015	12020	381	Manhattan	-	Totals	-	-	-	-	-	825:00	91	225	40.44	27	90	30.00	54	89	60.67	263	65.75	44	65	109	27.25	43	61	30	8	104	 	 
2015	12020	381	Manhattan	-	Opponent Totals	-	-	-	-	-	825:00	87	183	47.54	14	38	36.84	98	120	81.67	286	71.50	41	104	145	36.25	53	81	28	15	87	 	 
2015	12020	386	Marist	-	Totals	-	-	-	-	-	799:00	79	211	37.44	28	96	29.17	46	62	74.19	232	58.00	25	106	131	32.75	36	59	27	11	77	 	 
2015	12020	386	Marist	-	Opponent Totals	-	-	-	-	-	800:00	95	231	41.13	20	69	28.99	61	86	70.93	271	67.75	48	116	164	41.00	53	51	34	14	67	 	 
2015	12020	387	Marquette	-	Totals	-	-	-	-	-	800:00	101	228	44.30	27	83	32.53	64	93	68.82	293	73.25	43	65	108	27.00	68	46	37	11	71	 	 
2015	12020	387	Marquette	-	Opponent Totals	-	-	-	-	-	800:00	105	204	51.47	23	60	38.33	58	79	73.42	291	72.75	41	96	137	34.25	55	73	21	11	82	 	 
2015	12020	388	Marshall	-	Totals	-	-	-	-	-	800:00	102	233	43.78	34	96	35.42	56	88	63.64	294	73.50	49	131	180	45.00	72	69	23	17	84	 	 
2015	12020	388	Marshall	-	Opponent Totals	-	-	-	-	-	800:00	94	253	37.15	21	86	24.42	43	86	50.00	252	63.00	52	99	151	37.75	36	56	45	15	81	 	 
2015	12020	392	Maryland	-	Totals	-	-	-	-	-	1000:00	134	272	49.26	39	92	42.39	84	119	70.59	391	78.20	56	139	195	39.00	59	60	27	25	82	 	 
2015	12020	392	Maryland	-	Opponent Totals	-	-	-	-	-	1000:00	104	308	33.77	35	121	28.93	48	72	66.67	291	58.20	68	98	166	33.20	48	64	21	10	104	 	 
2015	12020	400	Massachusetts	-	Totals	-	-	-	-	-	1025:00	114	262	43.51	18	61	29.51	140	186	75.27	386	77.20	52	134	186	37.20	66	74	36	22	99	 	 
2015	12020	400	Massachusetts	-	Opponent Totals	-	-	-	-	-	1025:00	137	310	44.19	25	80	31.25	68	112	60.71	367	73.40	66	125	191	38.20	66	77	39	12	135	 	 
2015	12020	402	McNeese St.	-	Totals	-	-	-	-	-	600:00	80	198	40.40	17	63	26.98	37	51	72.55	214	71.33	43	63	106	35.33	47	33	25	27	50	 	 
2015	12020	402	McNeese St.	-	Opponent Totals	-	-	-	-	-	600:00	78	185	42.16	23	55	41.82	34	55	61.82	213	71.00	53	83	136	45.33	42	47	19	9	44	 	 
2015	12020	404	Memphis	-	Totals	-	-	-	-	-	400:00	44	97	45.36	7	24	29.17	38	55	69.09	133	66.50	24	54	78	39.00	19	40	6	20	31	 	 
2015	12020	404	Memphis	-	Opponent Totals	-	-	-	-	-	400:00	45	120	37.50	7	34	20.59	23	33	69.70	120	60.00	24	37	61	30.50	19	24	17	5	46	 	 
2015	12020	406	Mercer	-	Totals	-	-	-	-	-	800:00	101	224	45.09	17	55	30.91	52	77	67.53	271	67.75	50	97	147	36.75	47	53	25	10	64	 	 
2015	12020	406	Mercer	-	Opponent Totals	-	-	-	-	-	800:00	88	221	39.82	33	92	35.87	43	73	58.90	252	63.00	49	90	139	34.75	49	58	30	18	75	 	 
2015	12020	415	Miami (FL)	-	Totals	-	-	-	-	-	1200:00	167	336	49.70	57	124	45.97	61	84	72.62	452	75.33	62	152	214	35.67	92	66	40	26	83	 	 
2015	12020	415	Miami (FL)	-	Opponent Totals	-	-	-	-	-	1200:00	133	338	39.35	35	110	31.82	44	76	57.89	345	57.50	70	120	190	31.67	65	77	34	23	89	 	 
2015	12020	414	Miami (OH)	-	Totals	-	-	-	-	-	800:00	79	196	40.31	20	54	37.04	55	94	58.51	235	58.75	36	84	120	30.00	34	52	31	10	73	 	 
2015	12020	414	Miami (OH)	-	Opponent Totals	-	-	-	-	-	800:00	88	189	46.56	18	58	31.03	45	69	65.22	239	59.75	27	100	127	31.75	42	59	16	19	82	 	 
2015	12020	418	Michigan	-	Totals	-	-	-	-	-	800:00	103	220	46.82	33	74	44.59	71	92	77.17	310	77.50	35	103	138	34.50	59	31	24	14	49	 	 
2015	12020	418	Michigan	-	Opponent Totals	-	-	-	-	-	800:00	92	218	42.20	30	81	37.04	32	43	74.42	246	61.50	29	94	123	30.75	52	56	10	9	86	 	 
2015	12020	416	Michigan St.	-	Totals	-	-	-	-	-	800:00	120	236	50.85	34	87	39.08	27	50	54.00	301	75.25	50	115	165	41.25	82	55	18	19	63	 	 
2015	12020	416	Michigan St.	-	Opponent Totals	-	-	-	-	-	800:00	89	229	38.86	24	73	32.88	42	56	75.00	244	61.00	34	78	112	28.00	52	47	25	11	69	 	 
2015	12020	419	Middle Tenn.	-	Totals	-	-	-	-	-	602:00	59	174	33.91	12	57	21.05	62	86	72.09	192	64.00	47	85	132	44.00	28	46	16	9	50	 	 
2015	12020	419	Middle Tenn.	-	Opponent Totals	-	-	-	-	-	600:00	66	161	40.99	11	38	28.95	33	51	64.71	176	58.67	20	83	103	34.33	28	52	29	7	72	 	 
2015	12020	797	Milwaukee	-	Totals	-	-	-	-	-	1000:00	120	269	44.61	39	110	35.45	61	96	63.54	340	68.00	50	127	177	35.40	67	66	27	20	103	 	 
2015	12020	797	Milwaukee	-	Opponent Totals	-	-	-	-	-	1000:00	111	263	42.21	31	72	43.06	88	115	76.52	341	68.20	41	117	158	31.60	52	60	40	13	93	 	 
2015	12020	428	Minnesota	-	Totals	-	-	-	-	-	800:00	121	264	45.83	29	78	37.18	51	90	56.67	322	80.50	55	110	165	41.25	81	48	51	14	85	 	 
2015	12020	428	Minnesota	-	Opponent Totals	-	-	-	-	-	800:00	79	217	36.41	27	86	31.40	58	88	65.91	243	60.75	47	109	156	39.00	53	87	24	12	86	 	 
2015	12020	430	Mississippi St.	-	Totals	-	-	-	-	-	800:00	91	191	47.64	12	46	26.09	91	123	73.98	285	71.25	51	116	167	41.75	40	65	29	17	66	 	 
2015	12020	430	Mississippi St.	-	Opponent Totals	-	-	-	-	-	800:00	83	225	36.89	31	100	31.00	36	60	60.00	233	58.25	40	63	103	25.75	41	52	39	11	82	 	 
2015	12020	432	Mississippi Val.	-	Totals	-	-	-	-	-	800:00	84	257	32.68	20	70	28.57	59	94	62.77	247	61.75	47	57	104	26.00	37	57	45	4	87	 	 
2015	12020	432	Mississippi Val.	-	Opponent Totals	-	-	-	-	-	800:00	147	239	61.51	37	83	44.58	80	116	68.97	411	102.75	56	139	195	48.75	85	76	27	24	80	 	 
2015	12020	434	Missouri	-	Totals	-	-	-	-	-	800:00	85	206	41.26	24	74	32.43	54	85	63.53	248	62.00	44	97	141	35.25	42	55	23	16	85	 	 
2015	12020	434	Missouri	-	Opponent Totals	-	-	-	-	-	800:00	77	197	39.09	19	64	29.69	73	101	72.28	246	61.50	38	96	134	33.50	38	46	24	7	86	 	 
2015	12020	669	Missouri St.	-	Totals	-	-	-	-	-	600:00	73	158	46.20	23	52	44.23	50	73	68.49	219	73.00	33	67	100	33.33	33	37	19	10	59	 	 
2015	12020	669	Missouri St.	-	Opponent Totals	-	-	-	-	-	600:00	58	147	39.46	14	49	28.57	42	66	63.64	172	57.33	28	59	87	29.00	31	46	19	9	63	 	 
2015	12020	439	Monmouth	-	Totals	-	-	-	-	-	825:00	93	201	46.27	25	66	37.88	56	78	71.79	267	66.75	30	89	119	29.75	42	51	29	15	81	 	 
2015	12020	439	Monmouth	-	Opponent Totals	-	-	-	-	-	825:00	79	211	37.44	26	80	32.50	59	87	67.82	243	60.75	61	92	153	38.25	41	71	21	12	69	 	 
2015	12020	441	Montana	-	Totals	-	-	-	-	-	650:00	70	162	43.21	22	69	31.88	37	53	69.81	199	66.33	22	70	92	30.67	35	43	21	9	63	 	 
2015	12020	441	Montana	-	Opponent Totals	-	-	-	-	-	650:00	70	160	43.75	27	68	39.71	50	74	67.57	217	72.33	30	73	103	34.33	47	42	16	10	55	 	 
2015	12020	440	Montana St.	-	Totals	-	-	-	-	-	800:00	77	227	33.92	25	91	27.47	37	53	69.81	216	54.00	49	92	141	35.25	38	82	20	10	96	 	 
2015	12020	440	Montana St.	-	Opponent Totals	-	-	-	-	-	800:00	113	231	48.92	23	74	31.08	83	115	72.17	332	83.00	44	110	154	38.50	78	44	42	33	62	 	 
2015	12020	444	Morehead St.	-	Totals	-	-	-	-	-	1000:00	116	321	36.14	35	102	34.31	73	99	73.74	340	68.00	77	122	199	39.80	69	56	32	21	125	 	 
2015	12020	444	Morehead St.	-	Opponent Totals	-	-	-	-	-	1000:00	99	238	41.60	30	85	35.29	102	146	69.86	330	66.00	38	139	177	35.40	62	77	23	36	96	 	 
2015	12020	446	Morgan St.	-	Totals	-	-	-	-	-	1000:00	104	299	34.78	27	102	26.47	42	67	62.69	277	55.40	79	103	182	36.40	48	68	33	19	103	 	 
2015	12020	446	Morgan St.	-	Opponent Totals	-	-	-	-	-	1000:00	108	252	42.86	31	97	31.96	84	127	66.14	331	66.20	66	136	202	40.40	54	76	26	13	80	 	 
2015	12020	450	Mt. St. Mary's	-	Totals	-	-	-	-	-	400:00	34	99	34.34	13	44	29.55	15	24	62.50	96	48.00	11	43	54	27.00	15	29	7	1	32	 	 
2015	12020	450	Mt. St. Mary's	-	Opponent Totals	-	-	-	-	-	400:00	49	98	50.00	11	33	33.33	22	44	50.00	131	65.50	18	55	73	36.50	30	23	19	7	23	 	 
2015	12020	454	Murray St.	-	Totals	-	-	-	-	-	800:00	107	243	44.03	19	72	26.39	60	90	66.67	293	73.25	46	96	142	35.50	57	48	41	18	68	 	 
2015	12020	454	Murray St.	-	Opponent Totals	-	-	-	-	-	802:00	98	258	37.98	20	81	24.69	55	73	75.34	271	67.75	72	102	174	43.50	48	66	21	10	70	 	 
2015	12020	488	N.C. A&T	-	Totals	-	-	-	-	-	800:00	89	213	41.78	15	59	25.42	49	76	64.47	242	60.50	56	97	153	38.25	34	58	23	20	70	 	 
2015	12020	488	N.C. A&T	-	Opponent Totals	-	-	-	-	-	800:00	88	232	37.93	25	74	33.78	49	82	59.76	250	62.50	64	83	147	36.75	54	42	35	8	71	 	 
2015	12020	489	N.C. Central	-	Totals	-	-	-	-	-	400:00	62	126	49.21	14	33	42.42	45	67	67.16	183	91.50	28	50	78	39.00	35	35	29	10	50	 	 
2015	12020	489	N.C. Central	-	Opponent Totals	-	-	-	-	-	400:00	46	115	40.00	8	31	25.81	41	64	64.06	141	70.50	24	47	71	35.50	25	43	18	10	53	 	 
2015	12020	471	NJIT	-	Totals	-	-	-	-	-	1000:00	101	259	39.00	32	107	29.91	80	117	68.38	314	62.80	50	125	175	35.00	59	83	25	20	108	 	 
2015	12020	471	NJIT	-	Opponent Totals	-	-	-	-	-	1000:00	115	279	41.22	26	86	30.23	97	134	72.39	353	70.60	56	135	191	38.20	66	66	48	11	106	 	 
2015	12020	726	Navy	-	Totals	-	-	-	-	-	1000:00	104	254	40.94	26	85	30.59	43	63	68.25	277	55.40	29	99	128	25.60	60	68	27	5	83	 	 
2015	12020	726	Navy	-	Opponent Totals	-	-	-	-	-	1000:00	135	269	50.19	47	104	45.19	63	86	73.26	380	76.00	43	134	177	35.40	87	60	34	24	72	 	 
2015	12020	463	Nebraska	-	Totals	-	-	-	-	-	625:00	71	156	45.51	16	58	27.59	66	86	76.74	224	74.67	23	86	109	36.33	32	41	20	18	60	 	 
2015	12020	463	Nebraska	-	Opponent Totals	-	-	-	-	-	625:00	61	177	34.46	18	68	26.47	43	73	58.90	183	61.00	43	77	120	40.00	31	47	16	8	73	 	 
2015	12020	466	Nevada	-	Totals	-	-	-	-	-	1000:00	103	263	39.16	20	61	32.79	74	109	67.89	300	60.00	74	119	193	38.60	37	65	26	24	101	 	 
2015	12020	466	Nevada	-	Opponent Totals	-	-	-	-	-	1000:00	102	272	37.50	28	95	29.47	67	108	62.04	299	59.80	71	99	170	34.00	47	54	24	17	94	 	 
2015	12020	469	New Hampshire	-	Totals	-	-	-	-	-	601:00	66	166	39.76	20	61	32.79	45	62	72.58	197	65.67	36	87	123	41.00	32	45	19	6	53	 	 
2015	12020	469	New Hampshire	-	Opponent Totals	-	-	-	-	-	600:00	59	159	37.11	13	58	22.41	35	48	72.92	166	55.33	21	72	93	31.00	24	45	15	9	55	 	 
2015	12020	473	New Mexico	-	Totals	-	-	-	-	-	1000:00	107	246	43.50	25	82	30.49	92	134	68.66	331	66.20	50	123	173	34.60	62	71	28	24	91	 	 
2015	12020	473	New Mexico	-	Opponent Totals	-	-	-	-	-	1000:00	111	273	40.66	30	105	28.57	53	85	62.35	305	61.00	53	110	163	32.60	63	72	28	15	115	 	 
2015	12020	472	New Mexico St.	-	Totals	-	-	-	-	-	1000:00	131	290	45.17	26	79	32.91	87	135	64.44	375	75.00	87	107	194	38.80	63	80	40	19	105	 	 
2015	12020	472	New Mexico St.	-	Opponent Totals	-	-	-	-	-	1000:00	137	280	48.93	16	60	26.67	74	109	67.89	364	72.80	56	100	156	31.20	59	78	28	10	110	 	 
2015	12020	474	New Orleans	-	Totals	-	-	-	-	-	400:00	48	96	50.00	10	25	40.00	53	85	62.35	159	79.50	23	40	63	31.50	27	31	15	8	46	 	 
2015	12020	474	New Orleans	-	Opponent Totals	-	-	-	-	-	400:00	51	102	50.00	7	17	41.18	38	56	67.86	147	73.50	18	37	55	27.50	27	35	14	5	55	 	 
2015	12020	482	Niagara	-	Totals	-	-	-	-	-	600:00	54	144	37.50	11	46	23.91	49	74	66.22	168	56.00	31	61	92	30.67	20	39	11	9	62	 	 
2015	12020	482	Niagara	-	Opponent Totals	-	-	-	-	-	600:00	73	152	48.03	21	47	44.68	35	53	66.04	202	67.33	28	73	101	33.67	43	38	10	9	65	 	 
2015	12020	483	Nicholls St.	-	Totals	-	-	-	-	-	600:00	69	178	38.76	16	63	25.40	25	49	51.02	179	59.67	27	61	88	29.33	31	49	32	9	73	 	 
2015	12020	483	Nicholls St.	-	Opponent Totals	-	-	-	-	-	600:00	77	170	45.29	17	49	34.69	82	109	75.23	253	84.33	49	98	147	49.00	51	51	23	15	53	 	 
2015	12020	485	Norfolk St.	-	Totals	-	-	-	-	-	800:00	88	222	39.64	28	79	35.44	55	82	67.07	259	64.75	51	80	131	32.75	47	46	26	17	89	 	 
2015	12020	485	Norfolk St.	-	Opponent Totals	-	-	-	-	-	800:00	79	180	43.89	26	69	37.68	63	106	59.43	247	61.75	38	93	131	32.75	49	65	25	24	70	 	 
2015	12020	457	North Carolina	-	Totals	-	-	-	-	-	400:00	63	132	47.73	6	27	22.22	47	66	71.21	179	89.50	36	62	98	49.00	44	22	17	15	44	 	 
2015	12020	457	North Carolina	-	Opponent Totals	-	-	-	-	-	400:00	40	117	34.19	11	37	29.73	28	43	65.12	119	59.50	24	37	61	30.50	17	32	13	9	51	 	 
2015	12020	490	North Carolina St.	-	Totals	-	-	-	-	-	800:00	107	253	42.29	23	76	30.26	79	121	65.29	316	79.00	64	132	196	49.00	48	43	19	33	75	 	 
2015	12020	490	North Carolina St.	-	Opponent Totals	-	-	-	-	-	800:00	78	243	32.10	20	78	25.64	54	74	72.97	230	57.50	43	98	141	35.25	31	48	22	11	98	 	 
2015	12020	494	North Dakota	-	Totals	-	-	-	-	-	600:00	69	150	46.00	16	42	38.10	46	77	59.74	200	66.67	28	70	98	32.67	26	40	28	14	70	 	 
2015	12020	494	North Dakota	-	Opponent Totals	-	-	-	-	-	600:00	57	142	40.14	15	46	32.61	48	69	69.57	177	59.00	27	70	97	32.33	30	56	16	7	68	 	 
2015	12020	493	North Dakota St.	-	Totals	-	-	-	-	-	600:00	58	179	32.40	24	73	32.88	34	54	62.96	174	58.00	35	65	100	33.33	28	41	19	9	46	 	 
2015	12020	493	North Dakota St.	-	Opponent Totals	-	-	-	-	-	600:00	80	165	48.48	27	69	39.13	40	48	83.33	227	75.67	25	97	122	40.67	45	46	21	12	57	 	 
2015	12020	2711	North Florida	-	Totals	-	-	-	-	-	800:00	87	193	45.08	31	85	36.47	46	69	66.67	251	62.75	27	89	116	29.00	51	47	22	13	67	 	 
2015	12020	2711	North Florida	-	Opponent Totals	-	-	-	-	-	800:00	95	204	46.57	33	75	44.00	48	61	78.69	271	67.75	31	90	121	30.25	67	45	22	14	68	 	 
2015	12020	497	North Texas	-	Totals	-	-	-	-	-	800:00	97	215	45.12	13	54	24.07	68	98	69.39	275	68.75	46	125	171	42.75	41	69	30	12	65	 	 
2015	12020	497	North Texas	-	Opponent Totals	-	-	-	-	-	800:00	92	244	37.70	30	98	30.61	38	60	63.33	252	63.00	42	90	132	33.00	46	59	35	12	81	 	 
2015	12020	500	Northeastern	-	Totals	-	-	-	-	-	800:00	95	192	49.48	31	63	49.21	59	73	80.82	280	70.00	37	101	138	34.50	67	63	22	13	55	 	 
2015	12020	500	Northeastern	-	Opponent Totals	-	-	-	-	-	800:00	93	209	44.50	19	59	32.20	28	53	52.83	233	58.25	28	67	95	23.75	48	45	33	9	71	 	 
2015	12020	501	Northern Ariz.	-	Totals	-	-	-	-	-	800:00	91	244	37.30	35	92	38.04	48	65	73.85	265	66.25	59	73	132	33.00	53	59	27	11	92	 	 
2015	12020	501	Northern Ariz.	-	Opponent Totals	-	-	-	-	-	800:00	99	201	49.25	12	52	23.08	86	111	77.48	296	74.00	42	105	147	36.75	55	67	27	22	71	 	 
2015	12020	502	Northern Colo.	-	Totals	-	-	-	-	-	600:00	83	173	47.98	13	46	28.26	39	52	75.00	218	72.67	37	49	86	28.67	31	27	17	4	65	 	 
2015	12020	502	Northern Colo.	-	Opponent Totals	-	-	-	-	-	600:00	78	147	53.06	22	55	40.00	48	66	72.73	226	75.33	31	60	91	30.33	47	39	13	11	53	 	 
2015	12020	503	Northern Ill.	-	Totals	-	-	-	-	-	400:00	54	109	49.54	10	33	30.30	46	61	75.41	164	82.00	27	63	90	45.00	22	34	17	5	33	 	 
2015	12020	503	Northern Ill.	-	Opponent Totals	-	-	-	-	-	400:00	46	118	38.98	11	48	22.92	20	30	66.67	123	61.50	15	41	56	28.00	19	31	16	2	50	 	 
2015	12020	505	Northern Ky.	-	Totals	-	-	-	-	-	800:00	99	225	44.00	33	89	37.08	27	53	50.94	258	64.50	45	97	142	35.50	52	44	22	5	76	 	 
2015	12020	505	Northern Ky.	-	Opponent Totals	-	-	-	-	-	802:00	80	198	40.40	23	75	30.67	62	85	72.94	245	61.25	35	96	131	32.75	37	42	20	15	56	 	 
2015	12020	509	Northwestern	-	Totals	-	-	-	-	-	825:00	89	213	41.78	27	73	36.99	66	89	74.16	271	67.75	41	106	147	36.75	59	50	16	15	75	 	 
2015	12020	509	Northwestern	-	Opponent Totals	-	-	-	-	-	825:00	87	209	41.63	25	64	39.06	49	77	63.64	248	62.00	35	97	132	33.00	49	52	23	7	79	 	 
2015	12020	508	Northwestern St.	-	Totals	-	-	-	-	-	800:00	104	264	39.39	25	113	22.12	67	95	70.53	300	75.00	53	96	149	37.25	62	66	47	17	77	 	 
2015	12020	508	Northwestern St.	-	Opponent Totals	-	-	-	-	-	800:00	125	260	48.08	31	79	39.24	61	86	70.93	342	85.50	53	122	175	43.75	73	78	34	16	80	 	 
2015	12020	513	Notre Dame	-	Totals	-	-	-	-	-	1000:00	161	281	57.30	42	106	39.62	69	97	71.13	433	86.60	43	133	176	35.20	82	53	50	15	81	 	 
2015	12020	513	Notre Dame	-	Opponent Totals	-	-	-	-	-	1000:00	105	270	38.89	30	107	28.04	62	76	81.58	302	60.40	41	95	136	27.20	50	74	19	7	85	 	 
2015	12020	514	Oakland	-	Totals	-	-	-	-	-	850:00	103	229	44.98	35	99	35.35	68	103	66.02	309	77.25	44	87	131	32.75	69	58	24	4	90	 	 
2015	12020	514	Oakland	-	Opponent Totals	-	-	-	-	-	850:00	120	239	50.21	33	83	39.76	79	109	72.48	352	88.00	47	105	152	38.00	63	46	33	7	86	 	 
2015	12020	519	Ohio	-	Totals	-	-	-	-	-	399:00	46	115	40.00	10	39	25.64	33	48	68.75	135	67.50	18	56	74	37.00	17	22	9	10	39	 	 
2015	12020	519	Ohio	-	Opponent Totals	-	-	-	-	-	399:00	49	116	42.24	10	29	34.48	18	32	56.25	126	63.00	21	58	79	39.50	28	26	8	10	41	 	 
2015	12020	518	Ohio St.	-	Totals	-	-	-	-	-	600:00	110	181	60.77	27	60	45.00	25	37	67.57	272	90.67	26	82	108	36.00	67	34	24	12	43	 	 
2015	12020	518	Ohio St.	-	Opponent Totals	-	-	-	-	-	600:00	60	164	36.59	21	64	32.81	25	37	67.57	166	55.33	31	55	86	28.67	38	56	10	4	47	 	 
2015	12020	522	Oklahoma	-	Totals	-	-	-	-	-	600:00	85	205	41.46	27	66	40.91	34	49	69.39	231	77.00	42	100	142	47.33	46	42	22	12	50	 	 
2015	12020	522	Oklahoma	-	Opponent Totals	-	-	-	-	-	600:00	68	193	35.23	18	77	23.38	32	51	62.75	186	62.00	37	86	123	41.00	36	46	26	15	48	 	 
2015	12020	521	Oklahoma St.	-	Totals	-	-	-	-	-	1000:00	131	276	47.46	42	120	35.00	92	133	69.17	396	79.20	56	148	204	40.80	61	65	61	30	84	 	 
2015	12020	521	Oklahoma St.	-	Opponent Totals	-	-	-	-	-	1001:00	94	279	33.69	29	103	28.16	56	84	66.67	273	54.60	52	115	167	33.40	48	85	34	3	105	 	 
2015	12020	523	Old Dominion	-	Totals	-	-	-	-	-	1000:00	113	274	41.24	27	74	36.49	59	93	63.44	312	62.40	51	129	180	36.00	53	54	23	18	83	 	 
2015	12020	523	Old Dominion	-	Opponent Totals	-	-	-	-	-	1000:00	100	260	38.46	27	89	30.34	57	90	63.33	284	56.80	42	128	170	34.00	47	66	24	15	91	 	 
2015	12020	433	Ole Miss	-	Totals	-	-	-	-	-	820:00	97	235	41.28	18	77	23.38	76	99	76.77	288	72.00	57	122	179	44.75	52	67	36	21	83	 	 
2015	12020	433	Ole Miss	-	Opponent Totals	-	-	-	-	-	821:00	77	234	32.91	29	106	27.36	59	89	66.29	242	60.50	52	95	147	36.75	47	68	30	10	90	 	 
2015	12020	464	Omaha	-	Totals	-	-	-	-	-	600:00	92	204	45.10	26	68	38.24	61	83	73.49	271	90.33	48	80	128	42.67	48	45	22	5	60	 	 
2015	12020	464	Omaha	-	Opponent Totals	-	-	-	-	-	600:00	94	195	48.21	26	67	38.81	48	69	69.57	262	87.33	30	68	98	32.67	58	45	20	16	65	 	 
2015	12020	527	Oral Roberts	-	Totals	-	-	-	-	-	600:00	46	135	34.07	15	54	27.78	76	107	71.03	183	61.00	33	66	99	33.00	22	39	22	8	70	 	 
2015	12020	527	Oral Roberts	-	Opponent Totals	-	-	-	-	-	600:00	67	154	43.51	17	51	33.33	50	81	61.73	201	67.00	38	71	109	36.33	35	40	16	12	74	 	 
2015	12020	529	Oregon	-	Totals	-	-	-	-	-	800:00	120	262	45.80	34	93	36.56	57	81	70.37	331	82.75	65	118	183	45.75	67	48	22	20	73	 	 
2015	12020	529	Oregon	-	Opponent Totals	-	-	-	-	-	800:00	91	246	36.99	35	87	40.23	52	76	68.42	269	67.25	49	88	137	34.25	40	48	23	13	75	 	 
2015	12020	528	Oregon St.	-	Totals	-	-	-	-	-	800:00	95	202	47.03	19	52	36.54	52	81	64.20	261	65.25	46	97	143	35.75	58	58	32	16	79	 	 
2015	12020	528	Oregon St.	-	Opponent Totals	-	-	-	-	-	800:00	63	181	34.81	25	86	29.07	73	100	73.00	224	56.00	34	79	113	28.25	29	57	33	6	75	 	 
2015	12020	534	Pacific	-	Totals	-	-	-	-	-	824:00	100	228	43.86	25	79	31.65	48	87	55.17	273	68.25	53	96	149	37.25	48	54	19	9	92	 	 
2015	12020	534	Pacific	-	Opponent Totals	-	-	-	-	-	825:00	89	216	41.20	24	79	30.38	69	103	66.99	271	67.75	45	93	138	34.50	44	47	22	17	81	 	 
2015	12020	540	Penn	-	Totals	-	-	-	-	-	425:00	48	114	42.11	13	47	27.66	23	39	58.97	132	66.00	31	41	72	36.00	27	29	14	6	40	 	 
2015	12020	540	Penn	-	Opponent Totals	-	-	-	-	-	425:00	50	106	47.17	16	34	47.06	34	49	69.39	150	75.00	20	48	68	34.00	23	22	18	11	36	 	 
2015	12020	539	Penn St.	-	Totals	-	-	-	-	-	1050:00	129	299	43.14	37	108	34.26	71	103	68.93	366	73.20	65	135	200	40.00	53	71	32	17	105	 	 
2015	12020	539	Penn St.	-	Opponent Totals	-	-	-	-	-	1050:00	106	299	35.45	35	107	32.71	93	126	73.81	340	68.00	77	122	199	39.80	52	72	32	21	92	 	 
2015	12020	541	Pepperdine	-	Totals	-	-	-	-	-	800:00	97	228	42.54	17	65	26.15	78	108	72.22	289	72.25	48	117	165	41.25	62	61	33	9	80	 	 
2015	12020	541	Pepperdine	-	Opponent Totals	-	-	-	-	-	800:00	90	232	38.79	15	68	22.06	56	85	65.88	251	62.75	42	94	136	34.00	54	61	38	10	88	 	 
2015	12020	545	Pittsburgh	-	Totals	-	-	-	-	-	600:00	79	162	48.77	18	48	37.50	35	46	76.09	211	70.33	33	68	101	33.67	56	28	9	11	55	 	 
2015	12020	545	Pittsburgh	-	Opponent Totals	-	-	-	-	-	600:00	58	158	36.71	15	57	26.32	44	59	74.58	175	58.33	34	51	85	28.33	25	25	11	10	48	 	 
2015	12020	551	Portland	-	Totals	-	-	-	-	-	625:00	87	192	45.31	20	52	38.46	41	65	63.08	235	78.33	48	92	140	46.67	57	39	27	13	57	 	 
2015	12020	551	Portland	-	Opponent Totals	-	-	-	-	-	625:00	64	173	36.99	15	57	26.32	37	61	60.66	180	60.00	27	67	94	31.33	21	48	22	16	60	 	 
2015	12020	550	Portland St.	-	Totals	-	-	-	-	-	625:00	86	181	47.51	23	46	50.00	55	75	73.33	250	83.33	32	62	94	31.33	50	33	31	6	54	 	 
2015	12020	550	Portland St.	-	Opponent Totals	-	-	-	-	-	625:00	80	164	48.78	23	53	43.40	35	56	62.50	218	72.67	31	71	102	34.00	49	60	16	12	62	 	 
2015	12020	553	Prairie View	-	Totals	-	-	-	-	-	1000:00	101	288	35.07	22	91	24.18	40	72	55.56	264	52.80	47	100	147	29.40	50	63	45	8	123	 	 
2015	12020	553	Prairie View	-	Opponent Totals	-	-	-	-	-	1000:00	109	239	45.61	27	88	30.68	105	164	64.02	350	70.00	62	152	214	42.80	59	83	28	33	78	 	 
2015	12020	1320	Presbyterian	-	Totals	-	-	-	-	-	1000:00	104	244	42.62	15	59	25.42	38	64	59.38	261	52.20	40	103	143	28.60	46	94	30	19	89	 	 
2015	12020	1320	Presbyterian	-	Opponent Totals	-	-	-	-	-	1000:00	138	283	48.76	51	117	43.59	66	89	74.16	393	78.60	56	119	175	35.00	81	58	45	12	84	 	 
2015	12020	554	Princeton	-	Totals	-	-	-	-	-	800:00	80	200	40.00	32	91	35.16	66	87	75.86	258	64.50	30	100	130	32.50	49	55	19	13	80	 	 
2015	12020	554	Princeton	-	Opponent Totals	-	-	-	-	-	800:00	97	216	44.91	26	60	43.33	63	84	75.00	283	70.75	33	102	135	33.75	36	42	27	17	83	 	 
2015	12020	556	Providence	-	Totals	-	-	-	-	-	1000:00	136	277	49.10	30	80	37.50	71	103	68.93	373	74.60	58	120	178	35.60	84	63	40	23	88	 	 
2015	12020	556	Providence	-	Opponent Totals	-	-	-	-	-	1000:00	106	254	41.73	23	85	27.06	49	78	62.82	284	56.80	43	100	143	28.60	52	78	26	6	95	 	 
2015	12020	559	Purdue	-	Totals	-	-	-	-	-	800:00	110	211	52.13	35	85	41.18	63	99	63.64	318	79.50	40	103	143	35.75	78	57	29	25	70	 	 
2015	12020	559	Purdue	-	Opponent Totals	-	-	-	-	-	800:00	77	213	36.15	20	69	28.99	41	68	60.29	215	53.75	41	80	121	30.25	41	69	25	4	93	 	 
2015	12020	562	Quinnipiac	-	Totals	-	-	-	-	-	674:00	74	195	37.95	15	50	30.00	59	76	77.63	222	74.00	57	99	156	52.00	47	43	12	22	64	 	 
2015	12020	562	Quinnipiac	-	Opponent Totals	-	-	-	-	-	676:00	78	205	38.05	20	65	30.77	42	64	65.62	218	72.67	42	73	115	38.33	34	29	17	8	74	 	 
2015	12020	563	Radford	-	Totals	-	-	-	-	-	800:00	92	241	38.17	20	77	25.97	62	83	74.70	266	66.50	58	98	156	39.00	54	43	30	16	70	 	 
2015	12020	563	Radford	-	Opponent Totals	-	-	-	-	-	800:00	85	203	41.87	17	62	27.42	55	77	71.43	242	60.50	32	105	137	34.25	38	56	24	15	70	 	 
2015	12020	572	Rhode Island	-	Totals	-	-	-	-	-	625:00	87	180	48.33	12	52	23.08	46	77	59.74	232	77.33	45	90	135	45.00	46	45	23	15	67	 	 
2015	12020	572	Rhode Island	-	Opponent Totals	-	-	-	-	-	624:00	57	156	36.54	8	48	58.86	50	70	212.59	172	172.00	21	67	88	88.00	26	44	17	7	67	 	 
2015	12020	574	Rice	-	Totals	-	-	-	-	-	600:00	57	142	40.14	26	71	36.62	47	62	75.81	187	62.33	22	67	89	29.67	34	46	19	5	62	 	 
2015	12020	574	Rice	-	Opponent Totals	-	-	-	-	-	600:00	70	158	44.30	15	47	31.91	45	63	71.43	200	66.67	34	71	105	35.00	48	41	18	16	54	 	 
2015	12020	575	Richmond	-	Totals	-	-	-	-	-	600:00	74	144	51.39	16	49	32.65	37	52	71.15	201	67.00	15	70	85	28.33	39	24	13	12	48	 	 
2015	12020	575	Richmond	-	Opponent Totals	-	-	-	-	-	600:00	61	160	38.12	14	46	30.43	29	42	69.05	165	55.00	35	65	100	33.33	31	33	4	5	50	 	 
2015	12020	576	Rider	-	Totals	-	-	-	-	-	800:00	101	219	46.12	30	78	38.46	37	61	60.66	269	67.25	36	77	113	28.25	42	41	24	12	65	 	 
2015	12020	576	Rider	-	Opponent Totals	-	-	-	-	-	800:00	99	202	49.01	29	81	35.80	55	70	78.57	282	70.50	35	95	130	32.50	63	55	20	14	69	 	 
2015	12020	579	Robert Morris	-	Totals	-	-	-	-	-	600:00	53	157	33.76	20	60	33.33	51	74	68.92	177	59.00	36	63	99	33.00	26	51	23	13	75	 	 
2015	12020	579	Robert Morris	-	Opponent Totals	-	-	-	-	-	600:00	80	173	46.24	18	51	35.29	63	91	69.23	241	80.33	41	83	124	41.33	59	40	25	11	66	 	 
2015	12020	587	Rutgers	-	Totals	-	-	-	-	-	600:00	63	158	39.87	16	46	34.78	48	70	68.57	190	63.33	32	84	116	38.67	35	46	18	20	49	 	 
2015	12020	587	Rutgers	-	Opponent Totals	-	-	-	-	-	600:00	70	180	38.89	16	60	26.67	31	45	68.89	187	62.33	35	81	116	38.67	29	41	27	15	61	 	 
2015	12020	660	SIUE	-	Totals	-	-	-	-	-	825:00	119	257	46.30	29	83	34.94	48	68	70.59	315	78.75	53	97	150	37.50	60	48	24	24	84	 	 
2015	12020	660	SIUE	-	Opponent Totals	-	-	-	-	-	825:00	104	242	42.98	26	66	39.39	61	99	61.62	295	73.75	56	96	152	38.00	61	50	22	14	71	 	 
2015	12020	663	SMU	-	Totals	-	-	-	-	-	800:00	109	223	48.88	22	62	35.48	54	69	78.26	294	73.50	50	104	154	38.50	68	52	20	19	79	 	 
2015	12020	663	SMU	-	Opponent Totals	-	-	-	-	-	800:00	89	229	38.86	38	113	33.63	52	90	57.78	268	67.00	60	76	136	34.00	58	44	24	12	73	 	 
2015	12020	102	Sacramento St.	-	Totals	-	-	-	-	-	800:00	114	219	52.05	24	59	40.68	47	69	68.12	299	74.75	37	99	136	34.00	56	62	31	7	83	 	 
2015	12020	102	Sacramento St.	-	Opponent Totals	-	-	-	-	-	800:00	94	223	42.15	29	93	31.18	61	80	76.25	278	69.50	37	79	116	29.00	59	51	31	13	70	 	 
2015	12020	590	Sacred Heart	-	Totals	-	-	-	-	-	600:00	65	169	38.46	11	48	22.92	32	51	62.75	173	57.67	41	75	116	38.67	35	51	12	11	46	 	 
2015	12020	590	Sacred Heart	-	Opponent Totals	-	-	-	-	-	600:00	85	186	45.70	23	71	32.39	23	31	74.19	216	72.00	31	76	107	35.67	43	32	21	13	47	 	 
2015	12020	600	Saint Francis (PA)	-	Totals	-	-	-	-	-	1000:00	102	244	41.80	33	102	32.35	51	80	63.75	288	57.60	33	119	152	30.40	53	74	27	14	73	 	 
2015	12020	600	Saint Francis (PA)	-	Opponent Totals	-	-	-	-	-	1000:00	114	263	43.35	27	96	28.12	46	62	74.19	301	60.20	39	124	163	32.60	52	69	40	17	74	 	 
2015	12020	606	Saint Joseph's	-	Totals	-	-	-	-	-	800:00	76	218	34.86	14	64	21.88	53	82	64.63	219	54.75	54	91	145	36.25	40	53	35	19	60	 	 
2015	12020	606	Saint Joseph's	-	Opponent Totals	-	-	-	-	-	800:00	100	227	44.05	25	71	35.21	36	53	67.92	261	65.25	44	106	150	37.50	56	50	22	9	72	 	 
2015	12020	609	Saint Louis	-	Totals	-	-	-	-	-	600:00	58	148	39.19	16	40	40.00	55	82	67.07	187	62.33	35	78	113	37.67	38	42	14	5	57	 	 
2015	12020	609	Saint Louis	-	Opponent Totals	-	-	-	-	-	600:00	65	162	40.12	14	51	27.45	33	58	56.90	177	59.00	35	70	105	35.00	30	36	19	11	66	 	 
2015	12020	617	Saint Peter's	-	Totals	-	-	-	-	-	800:00	75	199	37.69	17	71	23.94	50	76	65.79	217	54.25	45	85	130	32.50	31	53	26	16	85	 	 
2015	12020	617	Saint Peter's	-	Opponent Totals	-	-	-	-	-	800:00	73	187	39.04	22	64	34.38	73	100	73.00	241	60.25	40	95	135	33.75	37	53	26	11	84	 	 
2015	12020	624	Sam Houston St.	-	Totals	-	-	-	-	-	1075:00	128	302	42.38	32	125	25.60	89	123	72.36	377	75.40	70	146	216	43.20	74	82	35	26	106	 	 
2015	12020	624	Sam Houston St.	-	Opponent Totals	-	-	-	-	-	1075:00	112	287	39.02	35	91	38.46	61	103	59.22	320	64.00	54	124	178	35.60	59	85	29	16	106	 	 
2015	12020	625	Samford	-	Totals	-	-	-	-	-	1000:00	107	279	38.35	37	108	34.26	49	71	69.01	300	60.00	52	111	163	32.60	58	74	28	19	110	 	 
2015	12020	625	Samford	-	Opponent Totals	-	-	-	-	-	1000:00	120	252	47.62	22	68	32.35	82	125	65.60	344	68.80	52	123	175	35.00	88	72	27	24	83	 	 
2015	12020	627	San Diego	-	Totals	-	-	-	-	-	800:00	97	199	48.74	23	71	32.39	74	106	69.81	291	72.75	37	105	142	35.50	59	62	22	17	86	 	 
2015	12020	627	San Diego	-	Opponent Totals	-	-	-	-	-	800:00	86	207	41.55	15	61	24.59	61	102	59.80	248	62.00	41	83	124	31.00	45	59	24	10	88	 	 
2015	12020	626	San Diego St.	-	Totals	-	-	-	-	-	850:00	90	228	39.47	21	80	26.25	74	113	65.49	275	68.75	63	103	166	41.50	44	52	41	28	62	 	 
2015	12020	626	San Diego St.	-	Opponent Totals	-	-	-	-	-	850:00	82	242	33.88	22	81	27.16	35	58	60.34	221	55.25	63	92	155	38.75	42	69	25	19	89	 	 
2015	12020	629	San Francisco	-	Totals	-	-	-	-	-	601:00	98	186	52.69	29	63	46.03	40	72	55.56	265	88.33	42	103	145	48.33	54	41	21	10	63	 	 
2015	12020	629	San Francisco	-	Opponent Totals	-	-	-	-	-	601:00	57	169	33.73	19	61	31.15	38	62	61.29	171	57.00	23	64	87	29.00	22	47	15	10	71	 	 
2015	12020	630	San Jose St.	-	Totals	-	-	-	-	-	625:00	63	162	38.89	17	56	30.36	36	55	65.45	179	59.67	26	97	123	41.00	43	55	18	15	57	 	 
2015	12020	630	San Jose St.	-	Opponent Totals	-	-	-	-	-	625:00	66	189	34.92	13	41	31.71	35	55	63.64	180	60.00	37	80	117	39.00	46	31	33	3	53	 	 
2015	12020	631	Santa Clara	-	Totals	-	-	-	-	-	800:00	93	223	41.70	28	78	35.90	51	74	68.92	265	66.25	44	101	145	36.25	42	41	19	9	80	 	 
2015	12020	631	Santa Clara	-	Opponent Totals	-	-	-	-	-	800:00	90	230	39.13	37	91	40.66	52	82	63.41	269	67.25	58	99	157	39.25	59	43	13	19	72	 	 
2015	12020	632	Savannah St.	-	Totals	-	-	-	-	-	1025:00	101	255	39.61	16	63	25.40	54	101	53.47	272	54.40	50	117	167	33.40	51	114	45	24	100	 	 
2015	12020	632	Savannah St.	-	Opponent Totals	-	-	-	-	-	1025:00	127	285	44.56	32	105	30.48	84	127	66.14	370	74.00	64	129	193	38.60	69	84	68	28	100	 	 
2015	12020	1356	Seattle	-	Totals	-	-	-	-	-	800:00	97	226	42.92	28	72	38.89	39	61	63.93	261	65.25	47	102	149	37.25	62	58	27	13	67	 	 
2015	12020	1356	Seattle	-	Opponent Totals	-	-	-	-	-	800:00	94	234	40.17	29	88	32.95	48	71	67.61	265	66.25	44	87	131	32.75	54	45	37	17	64	 	 
2015	12020	635	Seton Hall	-	Totals	-	-	-	-	-	801:00	99	226	43.81	35	75	46.67	67	106	63.21	300	75.00	57	95	152	38.00	55	54	28	17	75	 	 
2015	12020	635	Seton Hall	-	Opponent Totals	-	-	-	-	-	800:00	87	224	38.84	22	67	32.84	58	86	67.44	254	63.50	44	90	134	33.50	39	60	23	12	96	 	 
2015	12020	639	Siena	-	Totals	-	-	-	-	-	600:00	76	181	41.99	17	46	36.96	67	92	72.83	236	78.67	40	58	98	32.67	56	38	25	6	81	 	 
2015	12020	639	Siena	-	Opponent Totals	-	-	-	-	-	600:00	75	155	48.39	19	49	38.78	80	114	70.18	249	83.00	37	75	112	37.33	39	53	20	18	70	 	 
2015	12020	646	South Ala.	-	Totals	-	-	-	-	-	400:00	52	126	41.27	16	52	30.77	22	34	64.71	142	71.00	26	41	67	33.50	26	24	12	7	42	 	 
2015	12020	646	South Ala.	-	Opponent Totals	-	-	-	-	-	400:00	44	96	45.83	4	18	22.22	40	58	68.97	132	66.00	18	53	71	35.50	17	30	13	9	32	 	 
2015	12020	648	South Carolina	-	Totals	-	-	-	-	-	1000:00	124	294	42.18	22	82	26.83	71	95	74.74	341	68.20	69	132	201	40.20	70	64	35	20	92	 	 
2015	12020	648	South Carolina	-	Opponent Totals	-	-	-	-	-	1000:00	97	255	38.04	31	107	28.97	78	104	75.00	303	60.60	40	113	153	30.60	37	75	26	23	93	 	 
2015	12020	647	South Carolina St.	-	Totals	-	-	-	-	-	600:00	61	191	31.94	20	67	29.85	24	45	53.33	166	55.33	33	60	93	31.00	25	29	21	7	56	 	 
2015	12020	647	South Carolina St.	-	Opponent Totals	-	-	-	-	-	600:00	95	187	50.80	21	62	33.87	32	50	64.00	243	81.00	39	107	146	48.67	51	42	14	16	43	 	 
2015	12020	650	South Dakota	-	Totals	-	-	-	-	-	875:00	97	246	39.43	23	79	29.11	61	93	65.59	278	69.50	60	85	145	36.25	43	62	27	9	107	 	 
2015	12020	650	South Dakota	-	Opponent Totals	-	-	-	-	-	875:00	97	220	44.09	23	63	36.51	92	125	73.60	309	77.25	51	109	160	40.00	51	64	27	15	77	 	 
2015	12020	649	South Dakota St.	-	Totals	-	-	-	-	-	800:00	105	229	45.85	21	67	31.34	74	109	67.89	305	76.25	39	111	150	37.50	46	49	23	17	83	 	 
2015	12020	649	South Dakota St.	-	Opponent Totals	-	-	-	-	-	800:00	93	244	38.11	16	55	29.09	63	95	66.32	265	66.25	54	104	158	39.50	35	53	27	13	104	 	 
2015	12020	651	South Fla.	-	Totals	-	-	-	-	-	625:00	78	158	49.37	11	37	29.73	54	81	66.67	221	73.67	33	93	126	42.00	41	60	18	21	70	 	 
2015	12020	651	South Fla.	-	Opponent Totals	-	-	-	-	-	625:00	65	180	36.11	13	47	27.66	53	84	63.10	196	65.33	42	62	104	34.67	30	47	26	10	67	 	 
2015	12020	654	Southeast Mo. St.	-	Totals	-	-	-	-	-	1000:00	126	275	45.82	22	80	27.50	62	97	63.92	336	67.20	54	120	174	34.80	68	76	41	19	88	 	 
2015	12020	654	Southeast Mo. St.	-	Opponent Totals	-	-	-	-	-	1000:00	119	269	44.24	32	85	37.65	52	80	65.00	322	64.40	45	119	164	32.80	70	80	33	12	95	 	 
2015	12020	655	Southeastern La.	-	Totals	-	-	-	-	-	801:00	82	235	34.89	17	87	19.54	46	65	70.77	227	56.75	43	109	152	38.00	36	68	24	18	74	 	 
2015	12020	655	Southeastern La.	-	Opponent Totals	-	-	-	-	-	800:00	104	250	41.60	35	91	38.46	59	82	71.95	302	75.50	46	119	165	41.25	65	48	30	19	61	 	 
2015	12020	657	Southern California	-	Totals	-	-	-	-	-	1000:00	108	272	39.71	21	68	30.88	80	123	65.04	317	63.40	71	117	188	37.60	53	78	33	21	86	 	 
2015	12020	657	Southern California	-	Opponent Totals	-	-	-	-	-	1000:00	120	295	40.68	33	101	32.67	60	85	70.59	333	66.60	68	110	178	35.60	62	68	35	18	93	 	 
2015	12020	659	Southern Ill.	-	Totals	-	-	-	-	-	1000:00	105	254	41.34	19	54	35.19	78	110	70.91	307	61.40	59	111	170	34.00	41	73	30	7	101	 	 
2015	12020	659	Southern Ill.	-	Opponent Totals	-	-	-	-	-	1000:00	105	259	40.54	35	94	37.23	71	103	68.93	316	63.20	59	107	166	33.20	57	72	32	13	98	 	 
2015	12020	664	Southern Miss.	-	Totals	-	-	-	-	-	600:00	71	154	46.10	18	60	30.00	61	90	67.78	221	73.67	28	76	104	34.67	39	40	19	12	46	 	 
2015	12020	664	Southern Miss.	-	Opponent Totals	-	-	-	-	-	600:00	75	174	43.10	19	63	30.16	34	56	60.71	203	67.67	34	67	101	33.67	36	45	23	9	70	 	 
2015	12020	665	Southern U.	-	Totals	-	-	-	-	-	598:00	62	162	38.27	6	32	18.75	60	88	68.18	190	63.33	37	82	119	39.67	20	48	24	19	69	 	 
2015	12020	665	Southern U.	-	Opponent Totals	-	-	-	-	-	604:00	71	182	39.01	20	62	32.26	57	82	69.51	219	73.00	45	80	125	41.67	33	44	23	15	71	 	 
2015	12020	667	Southern Utah	-	Totals	-	-	-	-	-	600:00	70	148	47.30	20	51	39.22	46	72	63.89	206	68.67	26	61	87	29.00	25	55	21	12	75	 	 
2015	12020	667	Southern Utah	-	Opponent Totals	-	-	-	-	-	599:00	81	146	55.48	26	49	53.06	71	104	68.27	259	86.33	21	64	85	28.33	48	41	27	5	60	 	 
2015	12020	596	St. Bonaventure	-	Totals	-	-	-	-	-	600:00	68	174	39.08	24	65	36.92	46	67	68.66	206	68.67	47	83	130	43.33	43	36	20	15	51	 	 
2015	12020	596	St. Bonaventure	-	Opponent Totals	-	-	-	-	-	600:00	62	174	35.63	22	58	37.93	37	60	61.67	183	61.00	43	68	111	37.00	40	35	14	10	59	 	 
2015	12020	599	St. Francis Brooklyn	-	Totals	-	-	-	-	-	600:00	75	186	40.32	18	54	33.33	38	58	65.52	206	68.67	47	79	126	42.00	33	58	26	16	63	 	 
2015	12020	599	St. Francis Brooklyn	-	Opponent Totals	-	-	-	-	-	600:00	87	185	47.03	15	49	30.61	44	67	65.67	233	77.67	29	76	105	35.00	47	38	29	13	52	 	 
2015	12020	603	St. John's (NY)	-	Totals	-	-	-	-	-	600:00	81	177	45.76	10	40	25.00	65	89	73.03	237	79.00	35	99	134	44.67	39	30	19	22	59	 	 
2015	12020	603	St. John's (NY)	-	Opponent Totals	-	-	-	-	-	600:00	65	191	34.03	24	72	33.33	38	53	71.70	192	64.00	36	74	110	36.67	34	37	13	9	66	 	 
2015	12020	610	St. Mary's (CA)	-	Totals	-	-	-	-	-	800:00	104	206	50.49	27	71	38.03	75	106	70.75	310	77.50	48	103	151	37.75	63	66	24	7	78	 	 
2015	12020	610	St. Mary's (CA)	-	Opponent Totals	-	-	-	-	-	800:00	93	218	42.66	18	57	31.58	65	95	68.42	269	67.25	38	69	107	26.75	53	54	25	9	91	 	 
2015	12020	674	Stanford	-	Totals	-	-	-	-	-	800:00	102	227	44.93	22	55	40.00	80	107	74.77	306	76.50	57	105	162	40.50	48	43	16	10	79	 	 
2015	12020	674	Stanford	-	Opponent Totals	-	-	-	-	-	800:00	89	222	40.09	27	79	34.18	57	88	64.77	262	65.50	49	75	124	31.00	52	43	23	9	84	 	 
2015	12020	676	Stephen F. Austin	-	Totals	-	-	-	-	-	625:00	81	187	43.32	27	76	35.53	26	44	59.09	215	71.67	43	67	110	36.67	48	41	27	14	68	 	 
2015	12020	676	Stephen F. Austin	-	Opponent Totals	-	-	-	-	-	625:00	77	152	50.66	10	30	33.33	45	71	63.38	209	69.67	25	78	103	34.33	42	48	22	8	55	 	 
2015	12020	678	Stetson	-	Totals	-	-	-	-	-	1000:00	129	284	45.42	33	100	33.00	55	88	62.50	346	69.20	47	130	177	35.40	74	65	27	18	92	 	 
2015	12020	678	Stetson	-	Opponent Totals	-	-	-	-	-	1000:00	122	316	38.61	33	109	30.28	74	102	72.55	351	70.20	78	117	195	39.00	65	61	32	18	84	 	 
2015	12020	683	Stony Brook	-	Totals	-	-	-	-	-	600:00	70	171	40.94	15	52	28.85	37	55	67.27	192	64.00	41	74	115	38.33	35	38	16	7	59	 	 
2015	12020	683	Stony Brook	-	Opponent Totals	-	-	-	-	-	600:00	69	151	45.70	19	56	33.93	45	77	58.44	202	67.33	23	71	94	31.33	37	33	23	11	64	 	 
2015	12020	688	Syracuse	-	Totals	-	-	-	-	-	800:00	106	250	42.40	16	64	25.00	51	78	65.38	279	69.75	63	104	167	41.75	60	46	38	23	58	 	 
2015	12020	688	Syracuse	-	Opponent Totals	-	-	-	-	-	800:00	85	214	39.72	23	79	29.11	32	51	62.75	225	56.25	37	96	133	33.25	56	70	22	13	72	 	 
2015	12020	698	TCU	-	Totals	-	-	-	-	-	800:00	124	241	51.45	29	65	44.62	67	112	59.82	344	86.00	62	113	175	43.75	78	46	24	28	83	 	 
2015	12020	698	TCU	-	Opponent Totals	-	-	-	-	-	800:00	74	215	34.42	20	49	40.82	64	107	59.81	232	58.00	43	74	117	29.25	41	50	24	10	90	 	 
2015	12020	690	Temple	-	Totals	-	-	-	-	-	800:00	69	216	31.94	14	64	21.88	74	104	71.15	226	56.50	49	114	163	40.75	31	53	19	18	75	 	 
2015	12020	690	Temple	-	Opponent Totals	-	-	-	-	-	800:00	85	224	37.95	25	85	29.41	48	78	61.54	243	60.75	36	112	148	37.00	50	47	25	22	81	 	 
2015	12020	694	Tennessee	-	Totals	-	-	-	-	-	400:00	49	115	42.61	11	33	33.33	30	50	60.00	139	69.50	36	46	82	41.00	19	27	17	10	56	 	 
2015	12020	694	Tennessee	-	Opponent Totals	-	-	-	-	-	400:00	43	110	39.09	19	53	35.85	38	61	62.30	143	71.50	35	41	76	38.00	28	31	14	7	44	 	 
2015	12020	691	Tennessee St.	-	Totals	-	-	-	-	-	1000:00	117	275	42.55	21	74	28.38	66	118	55.93	321	64.20	62	113	175	35.00	50	70	27	15	108	 	 
2015	12020	691	Tennessee St.	-	Opponent Totals	-	-	-	-	-	1000:00	128	289	44.29	39	107	36.45	72	108	66.67	367	73.40	65	126	191	38.20	72	61	22	18	90	 	 
2015	12020	692	Tennessee Tech	-	Totals	-	-	-	-	-	800:00	110	250	44.00	16	67	23.88	55	85	64.71	291	72.75	71	107	178	44.50	54	62	31	21	72	 	 
2015	12020	692	Tennessee Tech	-	Opponent Totals	-	-	-	-	-	800:00	76	208	36.54	15	69	21.74	61	85	71.76	228	57.00	33	81	114	28.50	36	67	37	13	79	 	 
2015	12020	536	Tex.-Pan American	-	Totals	-	-	-	-	-	400:00	56	121	46.28	12	29	41.38	27	47	57.45	151	75.50	26	61	87	43.50	29	30	7	16	31	 	 
2015	12020	536	Tex.-Pan American	-	Opponent Totals	-	-	-	-	-	400:00	54	149	36.24	17	56	30.36	17	28	60.71	142	71.00	32	52	84	42.00	27	25	14	2	42	 	 
2015	12020	703	Texas	-	Totals	-	-	-	-	-	1000:00	140	282	49.65	35	89	39.33	75	101	74.26	390	78.00	58	169	227	45.40	69	63	24	37	71	 	 
2015	12020	703	Texas	-	Opponent Totals	-	-	-	-	-	1000:00	90	302	29.80	26	95	27.37	55	83	66.27	261	52.20	61	95	156	31.20	37	51	29	15	98	 	 
2015	12020	697	Texas A&M	-	Totals	-	-	-	-	-	800:00	102	229	44.54	20	64	31.25	61	90	67.78	285	71.25	62	109	171	42.75	62	59	29	11	74	 	 
2015	12020	697	Texas A&M	-	Opponent Totals	-	-	-	-	-	800:00	75	208	144.17	19	87	89.30	55	78	289.88	224	224.00	36	82	118	118.00	39	68	27	16	78	 	 
2015	12020	699	Texas Southern	-	Totals	-	-	-	-	-	800:00	83	214	38.79	23	84	27.38	61	97	62.89	250	62.50	49	84	133	33.25	41	57	26	14	73	 	 
2015	12020	699	Texas Southern	-	Opponent Totals	-	-	-	-	-	800:00	117	238	49.16	39	78	50.00	42	74	56.76	315	78.75	56	96	152	38.00	54	45	31	26	85	 	 
2015	12020	670	Texas St.	-	Totals	-	-	-	-	-	600:00	68	154	44.16	16	39	41.03	42	55	76.36	194	64.67	28	59	87	29.00	38	44	26	9	53	 	 
2015	12020	670	Texas St.	-	Opponent Totals	-	-	-	-	-	600:00	64	143	44.76	19	48	39.58	41	59	69.49	188	62.67	30	63	93	31.00	33	51	23	11	56	 	 
2015	12020	700	Texas Tech	-	Totals	-	-	-	-	-	625:00	67	168	39.88	16	48	33.33	65	96	67.71	215	71.67	41	82	123	41.00	34	37	18	21	59	 	 
2015	12020	700	Texas Tech	-	Opponent Totals	-	-	-	-	-	625:00	65	172	37.79	22	59	37.29	44	65	67.69	196	65.33	34	75	109	36.33	33	41	20	13	72	 	 
2015	12020	702	Texas-Arlington	-	Totals	-	-	-	-	-	600:00	72	175	41.14	24	66	36.36	52	79	65.82	220	73.33	37	88	125	41.67	35	51	20	7	71	 	 
2015	12020	702	Texas-Arlington	-	Opponent Totals	-	-	-	-	-	600:00	67	176	38.07	23	68	33.82	56	82	68.29	213	71.00	38	79	117	39.00	31	46	24	17	68	 	 
2015	12020	709	Toledo	-	Totals	-	-	-	-	-	800:00	103	226	45.58	28	69	40.58	75	101	74.26	309	77.25	43	106	149	37.25	51	56	23	20	70	 	 
2015	12020	709	Toledo	-	Opponent Totals	-	-	-	-	-	800:00	100	250	40.00	28	85	32.94	60	81	74.07	288	72.00	55	96	151	37.75	57	48	30	16	84	 	 
2015	12020	711	Towson	-	Totals	-	-	-	-	-	1025:00	95	241	39.42	23	72	31.94	92	137	67.15	305	61.00	69	125	194	38.80	42	67	19	19	96	 	 
2015	12020	711	Towson	-	Opponent Totals	-	-	-	-	-	1025:00	104	269	38.66	29	98	29.59	57	84	67.86	294	58.80	54	103	157	31.40	48	55	28	30	102	 	 
2015	12020	716	Troy	-	Totals	-	-	-	-	-	601:00	65	170	38.24	20	76	26.32	59	82	71.95	209	69.67	36	74	110	36.67	26	45	20	10	50	 	 
2015	12020	716	Troy	-	Opponent Totals	-	-	-	-	-	600:00	91	196	46.43	10	52	19.23	35	50	70.00	227	75.67	41	83	124	41.33	46	40	27	12	61	 	 
2015	12020	718	Tulane	-	Totals	-	-	-	-	-	600:00	88	180	48.89	21	61	34.43	41	64	64.06	238	79.33	41	79	120	40.00	51	44	27	8	62	 	 
2015	12020	718	Tulane	-	Opponent Totals	-	-	-	-	-	600:00	64	162	39.51	11	45	24.44	38	63	60.32	177	59.00	31	65	96	32.00	34	55	23	6	57	 	 
2015	12020	719	Tulsa	-	Totals	-	-	-	-	-	800:00	85	204	41.67	19	60	31.67	61	93	65.59	250	62.50	46	107	153	38.25	42	65	28	17	74	 	 
2015	12020	719	Tulsa	-	Opponent Totals	-	-	-	-	-	800:00	69	200	34.50	19	76	25.00	47	70	67.14	204	51.00	36	91	127	31.75	41	69	27	14	94	 	 
2015	12020	9	UAB	-	Totals	-	-	-	-	-	825:00	98	240	40.83	22	72	30.56	70	98	71.43	288	72.00	47	97	144	36.00	58	55	37	20	54	 	 
2015	12020	9	UAB	-	Opponent Totals	-	-	-	-	-	825:00	109	246	44.31	24	61	39.34	36	54	66.67	278	69.50	51	112	163	40.75	56	74	24	26	82	 	 
2015	12020	32	UALR	-	Totals	-	-	-	-	-	851:00	104	248	41.94	27	78	34.62	71	102	69.61	306	76.50	49	110	159	39.75	54	55	18	18	79	 	 
2015	12020	32	UALR	-	Opponent Totals	-	-	-	-	-	850:00	118	260	45.38	30	78	38.46	45	76	59.21	311	77.75	50	110	160	40.00	58	60	22	11	91	 	 
2015	12020	108	UC Davis	-	Totals	-	-	-	-	-	600:00	72	142	50.70	24	54	44.44	10	21	47.62	178	59.33	18	60	78	26.00	46	39	26	10	50	 	 
2015	12020	108	UC Davis	-	Opponent Totals	-	-	-	-	-	600:00	56	152	36.84	16	46	34.78	30	45	66.67	158	52.67	44	55	99	33.00	35	44	14	6	34	 	 
2015	12020	109	UC Irvine	-	Totals	-	-	-	-	-	800:00	103	211	48.82	23	59	38.98	49	63	77.78	278	69.50	36	93	129	32.25	59	49	23	19	83	 	 
2015	12020	109	UC Irvine	-	Opponent Totals	-	-	-	-	-	800:00	71	203	34.98	19	64	29.69	68	97	70.10	229	57.25	55	80	135	33.75	37	60	24	11	66	 	 
2015	12020	111	UC Riverside	-	Totals	-	-	-	-	-	800:00	100	212	47.17	27	71	38.03	61	80	76.25	288	72.00	39	96	135	33.75	55	51	26	18	77	 	 
2015	12020	111	UC Riverside	-	Opponent Totals	-	-	-	-	-	800:00	95	221	42.99	21	62	33.87	48	70	68.57	259	64.75	40	82	122	30.50	44	48	18	8	72	 	 
2015	12020	104	UC Santa Barbara	-	Totals	-	-	-	-	-	625:00	83	186	44.62	19	64	29.69	40	54	74.07	225	75.00	39	75	114	38.00	38	38	23	9	66	 	 
2015	12020	104	UC Santa Barbara	-	Opponent Totals	-	-	-	-	-	626:00	67	162	41.36	11	48	22.92	50	75	66.67	195	65.00	36	74	110	36.67	37	53	20	8	46	 	 
2015	12020	128	UCF	-	Totals	-	-	-	-	-	600:00	74	151	49.01	24	60	40.00	44	70	62.86	216	72.00	31	82	113	37.67	50	38	13	20	43	 	 
2015	12020	128	UCF	-	Opponent Totals	-	-	-	-	-	600:00	70	179	39.11	16	51	31.37	25	37	67.57	183	61.00	33	59	92	30.67	41	26	19	7	54	 	 
2015	12020	110	UCLA	-	Totals	-	-	-	-	-	800:00	130	263	49.43	36	85	42.35	85	125	68.00	381	95.25	61	108	169	42.25	81	40	43	20	69	 	 
2015	12020	110	UCLA	-	Opponent Totals	-	-	-	-	-	800:00	102	236	43.22	29	93	31.18	53	73	72.60	286	71.50	39	97	136	34.00	50	65	23	9	90	 	 
2015	12020	164	UConn	-	Totals	-	-	-	-	-	800:00	99	218	45.41	21	67	31.34	55	80	68.75	274	68.50	41	107	148	37.00	42	50	19	20	74	 	 
2015	12020	164	UConn	-	Opponent Totals	-	-	-	-	-	800:00	89	217	41.01	23	67	34.33	51	76	67.11	252	63.00	39	91	130	32.50	41	49	24	12	78	 	 
2015	12020	391	UMBC	-	Totals	-	-	-	-	-	800:00	71	201	35.32	14	66	21.21	44	78	56.41	200	50.00	43	98	141	35.25	51	72	26	13	77	 	 
2015	12020	391	UMBC	-	Opponent Totals	-	-	-	-	-	800:00	91	221	41.18	23	77	29.87	51	87	58.62	256	64.00	52	107	159	39.75	50	56	39	20	78	 	 
2015	12020	393	UMES	-	Totals	-	-	-	-	-	1000:00	82	224	36.61	28	91	30.77	70	108	64.81	262	52.40	46	104	150	30.00	47	83	37	9	87	 	 
2015	12020	393	UMES	-	Opponent Totals	-	-	-	-	-	1000:00	126	256	49.22	41	109	37.61	63	99	63.64	356	71.20	47	114	161	32.20	66	55	41	24	88	 	 
2015	12020	2707	UMKC	-	Totals	-	-	-	-	-	1000:00	120	283	42.40	32	89	35.96	83	130	63.85	355	71.00	69	101	170	34.00	66	87	41	17	107	 	 
2015	12020	2707	UMKC	-	Opponent Totals	-	-	-	-	-	1000:00	122	259	47.10	38	87	43.68	76	115	66.09	358	71.60	57	120	177	35.40	76	108	40	25	125	 	 
2015	12020	368	UMass Lowell	-	Totals	-	-	-	-	-	1201:00	141	329	42.86	45	121	37.19	70	114	61.40	397	66.17	53	142	195	32.50	70	67	48	5	113	 	 
2015	12020	368	UMass Lowell	-	Opponent Totals	-	-	-	-	-	1201:00	147	325	45.23	41	133	30.83	58	96	60.42	393	65.50	65	159	224	37.33	86	91	28	26	111	 	 
2015	12020	456	UNC Asheville	-	Totals	-	-	-	-	-	600:00	79	184	42.93	19	62	30.65	62	81	76.54	239	79.67	38	77	115	38.33	40	40	28	11	66	 	 
2015	12020	456	UNC Asheville	-	Opponent Totals	-	-	-	-	-	600:00	67	156	42.95	16	57	28.07	57	85	67.06	207	69.00	28	80	108	36.00	35	55	21	10	68	 	 
2015	12020	459	UNC Greensboro	-	Totals	-	-	-	-	-	1025:00	120	283	42.40	39	110	35.45	77	116	66.38	356	71.20	60	106	166	33.20	61	74	41	8	118	 	 
2015	12020	459	UNC Greensboro	-	Opponent Totals	-	-	-	-	-	1025:00	123	256	48.05	40	98	40.82	87	121	71.90	373	74.60	49	127	176	35.20	66	80	28	16	100	 	 
2015	12020	460	UNCW	-	Totals	-	-	-	-	-	600:00	97	184	52.72	19	41	46.34	37	56	66.07	250	83.33	28	69	97	32.33	45	49	29	15	63	 	 
2015	12020	460	UNCW	-	Opponent Totals	-	-	-	-	-	600:00	81	176	46.02	25	66	37.88	54	78	69.23	241	80.33	38	69	107	35.67	44	54	22	19	48	 	 
2015	12020	504	UNI	-	Totals	-	-	-	-	-	825:00	90	183	49.18	29	74	39.19	73	101	72.28	282	70.50	33	101	134	33.50	56	51	23	13	71	 	 
2015	12020	504	UNI	-	Opponent Totals	-	-	-	-	-	825:00	81	210	38.57	28	89	31.46	41	64	64.06	231	57.75	44	78	122	30.50	35	48	25	10	92	 	 
2015	12020	465	UNLV	-	Totals	-	-	-	-	-	800:00	84	217	38.71	20	62	32.26	48	87	55.17	236	59.00	40	113	153	38.25	47	43	15	34	63	 	 
2015	12020	465	UNLV	-	Opponent Totals	-	-	-	-	-	800:00	87	257	33.85	34	99	34.34	47	67	70.15	255	63.75	66	111	177	44.25	54	37	16	12	83	 	 
2015	12020	10411	USC Upstate	-	Totals	-	-	-	-	-	600:00	91	191	47.64	34	81	41.98	32	56	57.14	248	82.67	52	84	136	45.33	63	35	43	6	43	 	 
2015	12020	10411	USC Upstate	-	Opponent Totals	-	-	-	-	-	600:00	55	163	33.74	21	70	30.00	21	40	52.50	152	50.67	36	61	97	32.33	29	57	20	12	54	 	 
2015	12020	695	UT Martin	-	Totals	-	-	-	-	-	600:00	91	174	52.30	26	62	41.94	45	72	62.50	253	84.33	39	78	117	39.00	50	37	27	5	46	 	 
2015	12020	695	UT Martin	-	Opponent Totals	-	-	-	-	-	600:00	65	153	42.48	18	46	39.13	33	47	70.21	181	60.33	15	59	74	24.67	32	44	22	7	58	 	 
2015	12020	704	UTEP	-	Totals	-	-	-	-	-	200:00	22	63	34.92	4	14	28.57	17	26	65.38	65	65.00	17	29	46	46.00	13	14	11	7	14	 	 
2015	12020	704	UTEP	-	Opponent Totals	-	-	-	-	-	200:00	19	54	35.19	6	21	28.57	8	10	80.00	52	52.00	7	30	37	37.00	10	22	5	5	21	 	 
2015	12020	706	UTSA	-	Totals	-	-	-	-	-	600:00	80	189	42.33	15	51	29.41	59	82	71.95	234	78.00	42	83	125	41.67	36	42	25	6	60	 	 
2015	12020	706	UTSA	-	Opponent Totals	-	-	-	-	-	600:00	73	183	39.89	16	50	32.00	42	63	66.67	204	68.00	39	71	110	36.67	40	48	21	19	72	 	 
2015	12020	732	Utah	-	Totals	-	-	-	-	-	400:00	45	99	45.45	12	34	35.29	37	56	66.07	139	69.50	27	46	73	36.50	23	32	16	15	40	 	 
2015	12020	732	Utah	-	Opponent Totals	-	-	-	-	-	400:00	41	104	39.42	13	31	41.94	30	40	75.00	125	62.50	24	32	56	28.00	14	26	18	7	45	 	 
2015	12020	731	Utah St.	-	Totals	-	-	-	-	-	600:00	64	153	41.83	18	52	34.62	46	72	63.89	192	64.00	23	79	102	34.00	40	28	19	14	51	 	 
2015	12020	731	Utah St.	-	Opponent Totals	-	-	-	-	-	600:00	61	171	35.67	14	57	24.56	34	57	59.65	170	56.67	45	81	126	42.00	31	39	15	7	60	 	 
2015	12020	30024	Utah Valley	-	Totals	-	-	-	-	-	599:00	67	152	44.08	15	35	42.86	46	67	68.66	195	65.00	26	64	90	30.00	35	39	14	7	44	 	 
2015	12020	30024	Utah Valley	-	Opponent Totals	-	-	-	-	-	600:00	71	158	44.94	24	69	34.78	36	53	67.92	202	67.33	29	69	98	32.67	29	43	17	17	64	 	 
2015	12020	740	VCU	-	Totals	-	-	-	-	-	800:00	113	250	45.20	37	104	35.58	68	107	63.55	331	82.75	64	91	155	38.75	57	49	44	15	91	 	 
2015	12020	740	VCU	-	Opponent Totals	-	-	-	-	-	800:00	95	210	45.24	27	74	36.49	73	104	70.19	290	72.50	42	101	143	35.75	52	69	23	16	90	 	 
2015	12020	741	VMI	-	Totals	-	-	-	-	-	800:00	133	281	47.33	54	128	42.19	49	66	74.24	369	92.25	57	97	154	38.50	69	65	34	21	80	 	 
2015	12020	741	VMI	-	Opponent Totals	-	-	-	-	-	800:00	120	249	48.19	12	43	27.91	57	87	65.52	309	77.25	53	98	151	37.75	51	76	32	19	73	 	 
2015	12020	735	Valparaiso	-	Totals	-	-	-	-	-	1000:00	131	271	48.34	41	100	41.00	71	115	61.74	374	74.80	63	130	193	38.60	68	81	36	29	86	 	 
2015	12020	735	Valparaiso	-	Opponent Totals	-	-	-	-	-	1000:00	107	270	39.63	32	110	29.09	57	80	71.25	303	60.60	46	98	144	28.80	51	82	37	13	95	 	 
2015	12020	736	Vanderbilt	-	Totals	-	-	-	-	-	600:00	83	161	51.55	22	56	39.29	45	71	63.38	233	77.67	35	101	136	45.33	58	44	9	23	54	 	 
2015	12020	736	Vanderbilt	-	Opponent Totals	-	-	-	-	-	600:00	55	174	31.61	15	59	25.42	39	65	60.00	164	54.67	34	55	89	29.67	22	34	23	7	61	 	 
2015	12020	738	Vermont	-	Totals	-	-	-	-	-	600:00	79	142	55.63	18	44	40.91	54	76	71.05	230	76.67	21	80	101	33.67	44	53	17	16	65	 	 
2015	12020	738	Vermont	-	Opponent Totals	-	-	-	-	-	600:00	57	156	36.54	17	47	36.17	50	68	73.53	181	60.33	27	53	80	26.67	34	43	28	10	67	 	 
2015	12020	739	Villanova	-	Totals	-	-	-	-	-	800:00	106	234	45.30	27	94	28.72	68	95	71.58	307	76.75	53	88	141	35.25	62	37	42	16	63	 	 
2015	12020	739	Villanova	-	Opponent Totals	-	-	-	-	-	800:00	87	199	43.72	17	62	27.42	37	65	56.92	228	57.00	36	89	125	31.25	35	76	23	6	80	 	 
2015	12020	746	Virginia	-	Totals	-	-	-	-	-	1000:00	134	277	48.38	29	74	39.19	62	87	71.26	359	71.80	68	147	215	43.00	69	53	32	37	59	 	 
2015	12020	746	Virginia	-	Opponent Totals	-	-	-	-	-	1000:00	76	259	29.34	31	102	30.39	40	58	68.97	223	44.60	46	88	134	26.80	40	57	27	17	84	 	 
2015	12020	742	Virginia Tech	-	Totals	-	-	-	-	-	600:00	74	143	51.75	16	44	36.36	43	75	57.33	207	69.00	21	65	86	28.67	39	39	18	12	56	 	 
2015	12020	742	Virginia Tech	-	Opponent Totals	-	-	-	-	-	600:00	61	161	37.89	19	62	30.65	33	54	61.11	174	58.00	45	63	108	36.00	35	54	13	7	65	 	 
2015	12020	748	Wagner	-	Totals	-	-	-	-	-	800:00	97	248	39.11	26	93	27.96	38	66	57.58	258	64.50	60	77	137	34.25	52	58	34	10	104	 	 
2015	12020	748	Wagner	-	Opponent Totals	-	-	-	-	-	800:00	86	174	49.43	31	69	44.93	91	128	71.09	294	73.50	31	104	135	33.75	54	70	29	17	72	 	 
2015	12020	749	Wake Forest	-	Totals	-	-	-	-	-	1000:00	119	285	41.75	21	79	26.58	101	141	71.63	360	72.00	76	153	229	45.80	65	93	30	22	102	 	 
2015	12020	749	Wake Forest	-	Opponent Totals	-	-	-	-	-	1000:00	115	281	40.93	29	106	27.36	75	117	64.10	334	66.80	37	108	145	29.00	60	70	55	17	111	 	 
2015	12020	756	Washington	-	Totals	-	-	-	-	-	600:00	80	187	42.78	18	68	26.47	38	57	66.67	216	72.00	41	90	131	43.67	46	33	14	24	47	 	 
2015	12020	756	Washington	-	Opponent Totals	-	-	-	-	-	600:00	67	200	33.50	15	59	25.42	27	48	56.25	176	58.67	45	69	114	38.00	23	30	19	3	53	 	 
2015	12020	754	Washington St.	-	Totals	-	-	-	-	-	400:00	38	108	35.19	11	35	31.43	19	38	50.00	106	53.00	22	52	74	37.00	21	39	8	10	41	 	 
2015	12020	754	Washington St.	-	Opponent Totals	-	-	-	-	-	400:00	53	134	39.55	12	30	40.00	28	45	62.22	146	73.00	35	56	91	45.50	31	23	21	9	35	 	 
2015	12020	758	Weber St.	-	Totals	-	-	-	-	-	800:00	82	193	42.49	18	61	29.51	75	96	78.12	257	64.25	42	99	141	35.25	42	71	27	14	65	 	 
2015	12020	758	Weber St.	-	Opponent Totals	-	-	-	-	-	800:00	107	251	42.63	17	54	31.48	35	53	66.04	266	66.50	54	79	133	33.25	48	48	36	9	73	 	 
2015	12020	768	West Virginia	-	Totals	-	-	-	-	-	1000:00	134	342	39.18	35	120	29.17	83	125	66.40	386	77.20	108	103	211	42.20	75	58	59	17	100	 	 
2015	12020	768	West Virginia	-	Opponent Totals	-	-	-	-	-	1000:00	112	237	47.26	18	63	28.57	67	103	65.05	309	61.80	43	124	167	33.40	54	108	22	19	120	 	 
2015	12020	769	Western Caro.	-	Totals	-	-	-	-	-	1050:00	126	292	43.15	41	122	33.61	67	97	69.07	360	72.00	60	104	164	32.80	70	67	45	13	111	 	 
2015	12020	769	Western Caro.	-	Opponent Totals	-	-	-	-	-	1050:00	112	256	43.75	28	89	31.46	111	159	69.81	363	72.60	65	117	182	36.40	56	75	35	13	93	 	 
2015	12020	771	Western Ill.	-	Totals	-	-	-	-	-	425:00	47	120	39.17	17	54	31.48	24	41	58.54	135	67.50	21	54	75	37.50	32	20	9	7	45	 	 
2015	12020	771	Western Ill.	-	Opponent Totals	-	-	-	-	-	425:00	46	116	39.66	7	29	24.14	41	53	77.36	140	70.00	24	60	84	42.00	26	22	13	7	41	 	 
2015	12020	772	Western Ky.	-	Totals	-	-	-	-	-	600:00	67	166	40.36	24	65	36.92	36	59	61.02	194	64.67	29	88	117	39.00	42	54	13	5	60	 	 
2015	12020	772	Western Ky.	-	Opponent Totals	-	-	-	-	-	600:00	74	178	41.57	23	67	34.33	39	64	60.94	210	70.00	27	79	106	35.33	42	33	30	11	54	 	 
2015	12020	774	Western Mich.	-	Totals	-	-	-	-	-	800:00	121	222	54.50	35	75	46.67	53	79	67.09	330	82.50	41	82	123	30.75	68	54	32	9	78	 	 
2015	12020	774	Western Mich.	-	Opponent Totals	-	-	-	-	-	800:00	92	197	46.70	33	81	40.74	63	84	75.00	280	70.00	36	70	106	26.50	58	69	26	9	77	 	 
2015	12020	782	Wichita St.	-	Totals	-	-	-	-	-	600:00	91	192	47.40	14	50	28.00	51	78	65.38	247	82.33	51	81	132	44.00	46	36	25	12	64	 	 
2015	12020	782	Wichita St.	-	Opponent Totals	-	-	-	-	-	600:00	53	142	37.32	14	50	28.00	47	78	60.26	167	55.67	26	69	95	31.67	23	58	10	12	62	 	 
2015	12020	786	William & Mary	-	Totals	-	-	-	-	-	600:00	70	167	41.92	24	67	35.82	37	50	74.00	201	67.00	30	82	112	37.33	44	38	14	10	26	 	 
2015	12020	786	William & Mary	-	Opponent Totals	-	-	-	-	-	600:00	66	167	39.52	19	60	31.67	23	30	76.67	174	58.00	23	75	98	32.67	30	36	26	14	45	 	 
2015	12020	792	Winthrop	-	Totals	-	-	-	-	-	400:00	51	123	41.46	20	51	39.22	37	50	74.00	159	79.50	27	45	72	36.00	28	20	16	7	56	 	 
2015	12020	792	Winthrop	-	Opponent Totals	-	-	-	-	-	400:00	42	97	43.30	5	19	26.32	44	70	62.86	133	66.50	25	52	77	38.50	13	35	9	14	40	 	 
2015	12020	796	Wisconsin	-	Totals	-	-	-	-	-	600:00	82	159	51.57	18	52	34.62	53	80	66.25	235	78.33	30	106	136	45.33	46	25	12	15	35	 	 
2015	12020	796	Wisconsin	-	Opponent Totals	-	-	-	-	-	600:00	55	174	31.61	10	50	20.00	16	33	48.48	136	45.33	21	59	80	26.67	24	27	16	8	64	 	 
2015	12020	2915	Wofford	-	Totals	-	-	-	-	-	1000:00	125	258	48.45	35	78	44.87	50	75	66.67	335	67.00	49	111	160	32.00	77	69	32	4	93	 	 
2015	12020	2915	Wofford	-	Opponent Totals	-	-	-	-	-	1000:00	99	242	40.91	20	83	24.10	86	115	74.78	304	60.80	44	101	145	29.00	43	70	25	14	93	 	 
2015	12020	810	Wright St.	-	Totals	-	-	-	-	-	600:00	70	164	42.68	16	63	25.40	48	67	71.64	204	68.00	32	62	94	31.33	32	43	18	9	64	 	 
2015	12020	810	Wright St.	-	Opponent Totals	-	-	-	-	-	600:00	68	153	44.44	13	41	31.71	55	73	75.34	204	68.00	32	71	103	34.33	28	51	16	12	55	 	 
2015	12020	811	Wyoming	-	Totals	-	-	-	-	-	800:00	97	177	54.80	30	80	37.50	37	51	72.55	261	65.25	20	102	122	30.50	85	47	23	12	44	 	 
2015	12020	811	Wyoming	-	Opponent Totals	-	-	-	-	-	800:00	72	193	37.31	25	73	34.25	25	37	67.57	194	48.50	26	68	94	23.50	34	42	21	2	67	 	 
2015	12020	812	Xavier	-	Totals	-	-	-	-	-	600:00	104	178	58.43	24	61	39.34	39	55	70.91	271	90.33	24	80	104	34.67	68	32	17	15	48	 	 
2015	12020	812	Xavier	-	Opponent Totals	-	-	-	-	-	600:00	78	182	42.86	24	61	39.34	17	34	50.00	197	65.67	38	58	96	32.00	41	44	18	8	62	 	 
2015	12020	813	Yale	-	Totals	-	-	-	-	-	1050:00	129	293	44.03	37	104	35.58	76	100	76.00	371	74.20	69	125	194	38.80	79	63	40	24	88	 	 
2015	12020	813	Yale	-	Opponent Totals	-	-	-	-	-	1050:00	113	285	39.65	21	77	27.27	55	82	67.07	302	60.40	60	105	165	33.00	49	68	25	20	95	 	 
2015	12020	817	Youngstown St.	-	Totals	-	-	-	-	-	1200:00	143	345	41.45	34	125	27.20	95	148	64.19	415	69.17	67	149	216	36.00	83	62	29	10	116	 	 
2015	12020	817	Youngstown St.	-	Opponent Totals	-	-	-	-	-	1200:00	141	326	43.25	44	131	33.59	81	123	65.85	407	67.83	58	164	222	37.00	72	82	26	18	129	 	 
