id,pred
2017_1112_1116,0.673238068127432
2017_1112_1124,0.41915263257589
2017_1112_1137,0.797443798995205
2017_1112_1139,0.516049435178988
2017_1112_1153,0.460931649069165
2017_1112_1166,0.546783016744736
2017_1112_1173,0.665026728082657
2017_1112_1181,0.379463592074856
2017_1112_1190,0.790463338633254
2017_1112_1195,0.858172705981692
2017_1112_1196,0.365736307578261
2017_1112_1199,0.469634017172688
2017_1112_1211,0.233924524055885
2017_1112_1233,0.872533292158564
2017_1112_1235,0.45451372308946
2017_1112_1240,0.917531029436138
2017_1112_1242,0.388683482405081
2017_1112_1243,0.603485744893371
2017_1112_1245,0.892471635509169
2017_1112_1246,0.363647589694827
2017_1112_1257,0.335616065583097
2017_1112_1266,0.60032326661503
2017_1112_1268,0.671857556516298
2017_1112_1274,0.586555974686451
2017_1112_1276,0.476106628126779
2017_1112_1277,0.664138237138992
2017_1112_1278,0.624247267889564
2017_1112_1291,0.937666734601077
2017_1112_1292,0.70524680801786
2017_1112_1297,0.903316428963824
2017_1112_1300,0.911629878793414
2017_1112_1305,0.722987075165256
2017_1112_1308,0.828180386132887
2017_1112_1309,0.934047345128153
2017_1112_1314,0.308126801860232
2017_1112_1315,0.914233620378774
2017_1112_1321,0.654753855167703
2017_1112_1323,0.502521598015305
2017_1112_1329,0.524978788623521
2017_1112_1332,0.440622607913719
2017_1112_1343,0.726253710312484
2017_1112_1344,0.711526215466494
2017_1112_1345,0.401751565755257
2017_1112_1348,0.662898130252997
2017_1112_1355,0.927039803089803
2017_1112_1371,0.705691339633316
2017_1112_1374,0.426261354039014
2017_1112_1376,0.60175840337425
2017_1112_1388,0.423684868133113
2017_1112_1407,0.903808949981421
2017_1112_1411,0.934612124375147
2017_1112_1413,0.941364593150357
2017_1112_1417,0.498591352995228
2017_1112_1423,0.769732682742528
2017_1112_1425,0.735694346644421
2017_1112_1433,0.685872262448603
2017_1112_1435,0.65168038484929
2017_1112_1436,0.696022616753133
2017_1112_1437,0.279915374741808
2017_1112_1438,0.294753326127087
2017_1112_1439,0.684704055882013
2017_1112_1448,0.630080715222949
2017_1112_1452,0.306779123338075
2017_1112_1455,0.349926610736934
2017_1112_1457,0.882167637613179
2017_1112_1458,0.431906144422121
2017_1112_1462,0.64041579687203
2017_1116_1124,0.259394116176181
2017_1116_1137,0.656452924773349
2017_1116_1139,0.341043533893242
2017_1116_1153,0.293289744853515
2017_1116_1166,0.369308127509857
2017_1116_1173,0.490728400164237
2017_1116_1181,0.228871774120951
2017_1116_1190,0.646765905511779
2017_1116_1195,0.745988027631122
2017_1116_1196,0.218672482116923
2017_1116_1199,0.300591928933417
2017_1116_1211,0.129076451672275
2017_1116_1233,0.768645454872597
2017_1116_1235,0.28795914434301
2017_1116_1240,0.843749762305627
2017_1116_1242,0.235823226958261
2017_1116_1243,0.424859284827738
2017_1116_1245,0.801130165300214
2017_1116_1246,0.217136117106613
2017_1116_1257,0.196903757408737
2017_1116_1266,0.421637497193872
2017_1116_1268,0.498432859002441
2017_1116_1274,0.407787051421322
2017_1116_1276,0.306079298525793
2017_1116_1277,0.489732323896789
2017_1116_1278,0.446393848025177
2017_1116_1291,0.879534799690262
2017_1116_1292,0.537316063348222
2017_1116_1297,0.819322229788049
2017_1116_1300,0.833527007601324
2017_1116_1305,0.5588410982651
2017_1116_1308,0.700550083120302
2017_1116_1309,0.872997159903736
2017_1116_1314,0.177736549725992
2017_1116_1315,0.838023097804362
2017_1116_1321,0.479295497576418
2017_1116_1323,0.328984706815536
2017_1116_1329,0.349129282908435
2017_1116_1332,0.2765774180445
2017_1116_1343,0.56287307254696
2017_1116_1344,0.544864238470344
2017_1116_1345,0.245818546123733
2017_1116_1348,0.488344366926461
2017_1116_1355,0.860471944715036
2017_1116_1371,0.53784789385237
2017_1116_1374,0.265029650963799
2017_1116_1376,0.423097665828801
2017_1116_1388,0.262981014359267
2017_1116_1407,0.820157443086007
2017_1116_1411,0.874014220827898
2017_1116_1413,0.886262966742458
2017_1116_1417,0.32552359567294
2017_1116_1423,0.618676699000683
2017_1116_1425,0.574648188992006
2017_1116_1433,0.514502069695822
2017_1116_1435,0.475910315848759
2017_1116_1436,0.526365949370006
2017_1116_1437,0.15872458569338
2017_1116_1438,0.16864290201775
2017_1116_1439,0.513148934250927
2017_1116_1448,0.452567054309578
2017_1116_1452,0.176813425344291
2017_1116_1455,0.207143746813998
2017_1116_1457,0.784189840847252
2017_1116_1458,0.269542400635436
2017_1116_1462,0.463639831820722
2017_1124_1137,0.845096288066258
2017_1124_1139,0.596396483805761
2017_1124_1153,0.542313619167981
2017_1124_1166,0.625728224884293
2017_1124_1173,0.733417112945534
2017_1124_1181,0.45870112071666
2017_1124_1190,0.839427349772186
2017_1124_1195,0.893447349612856
2017_1124_1196,0.44415909272283
2017_1124_1199,0.550982030125174
2017_1124_1211,0.2973332247008
2017_1124_1233,0.90463315088507
2017_1124_1235,0.535889010062546
2017_1124_1240,0.939090184076884
2017_1124_1242,0.468393043991544
2017_1124_1243,0.678363948708288
2017_1124_1245,0.920010738479759
2017_1124_1246,0.441934565643001
2017_1124_1257,0.411773298616876
2017_1124_1266,0.675477530873919
2017_1124_1268,0.739399818411354
2017_1124_1274,0.662845097634974
2017_1124_1276,0.557397498263233
2017_1124_1277,0.732637093310342
2017_1124_1278,0.697172205222795
2017_1124_1291,0.954224599703232
2017_1124_1292,0.768286735552516
2017_1124_1297,0.928301204374331
2017_1124_1300,0.934621797181297
2017_1124_1305,0.783398129624217
2017_1124_1308,0.869782687017964
2017_1124_1309,0.951516932889514
2017_1124_1314,0.381629293989107
2017_1124_1315,0.936595220045705
2017_1124_1321,0.724372336864793
2017_1124_1323,0.583301036922043
2017_1124_1329,0.604978155398941
2017_1124_1332,0.521890313651457
2017_1124_1343,0.786163078335069
2017_1124_1344,0.773654173215866
2017_1124_1345,0.482027914944306
2017_1124_1348,0.731547672796081
2017_1124_1355,0.946258757765693
2017_1124_1371,0.768667379295923
2017_1124_1374,0.507282379275798
2017_1124_1376,0.67678809942638
2017_1124_1388,0.50464691924737
2017_1124_1407,0.92867649849727
2017_1124_1411,0.95193981042294
2017_1124_1413,0.956985240789114
2017_1124_1417,0.579474924554254
2017_1124_1423,0.82245289991865
2017_1124_1425,0.794123319975191
2017_1124_1433,0.751596389206433
2017_1124_1435,0.721655159049474
2017_1124_1436,0.760365016178503
2017_1124_1437,0.350093434657934
2017_1124_1438,0.366756722574464
2017_1124_1439,0.750583720239514
2017_1124_1448,0.70241321967533
2017_1124_1452,0.38013676498323
2017_1124_1455,0.427242920385379
2017_1124_1457,0.912085744250855
2017_1124_1458,0.513040678486488
2017_1124_1462,0.711652249401099
2017_1137_1139,0.213127747442153
2017_1137_1153,0.178435012265544
2017_1137_1166,0.234564754085126
2017_1137_1173,0.335231507601647
2017_1137_1181,0.13444454929908
2017_1137_1190,0.489333264311485
2017_1137_1195,0.605826222896716
2017_1137_1196,0.127756094247389
2017_1137_1199,0.183620592708665
2017_1137_1211,0.0719792534529802
2017_1137_1233,0.63486648093449
2017_1137_1235,0.174675955202818
2017_1137_1240,0.738631973574237
2017_1137_1242,0.139045134683725
2017_1137_1243,0.278807693501286
2017_1137_1245,0.678272909432711
2017_1137_1246,0.126754868948829
2017_1137_1257,0.113720736959045
2017_1137_1266,0.276161643695923
2017_1137_1268,0.342134758223886
2017_1137_1274,0.264901194865621
2017_1137_1276,0.18754521295535
2017_1137_1277,0.33434384458814
2017_1137_1278,0.296759117697431
2017_1137_1291,0.792573038236859
2017_1137_1292,0.378014430427267
2017_1137_1297,0.703544799550758
2017_1137_1300,0.723783268711104
2017_1137_1305,0.398656350932427
2017_1137_1308,0.550425946903085
2017_1137_1309,0.782483140946067
2017_1137_1314,0.10162616172355
2017_1137_1315,0.730284223424898
2017_1137_1321,0.325108660843598
2017_1137_1323,0.20419033014342
2017_1137_1329,0.21918954347858
2017_1137_1332,0.166723384792812
2017_1137_1343,0.402587278208591
2017_1137_1344,0.3851877809304
2017_1137_1345,0.145720728531772
2017_1137_1348,0.333108785314645
2017_1137_1355,0.763450080933293
2017_1137_1371,0.37851757838129
2017_1137_1374,0.158755737276502
2017_1137_1376,0.277359616830904
2017_1137_1388,0.157352706985425
2017_1137_1407,0.704722331106818
2017_1137_1411,0.784045746499529
2017_1137_1413,0.803070674725697
2017_1137_1417,0.20164758467201
2017_1137_1423,0.45919307373999
2017_1137_1425,0.414186421995629
2017_1137_1433,0.356749061738632
2017_1137_1435,0.322138757125766
2017_1137_1436,0.367730563071421
2017_1137_1437,0.0898657363811549
2017_1137_1438,0.0959720923633791
2017_1137_1439,0.355507011806166
2017_1137_1448,0.301991822558589
2017_1137_1452,0.101049758535495
2017_1137_1455,0.120282700989733
2017_1137_1457,0.655369228895161
2017_1137_1458,0.161857432308682
2017_1137_1462,0.311476683223042
2017_1139_1153,0.445020108947408
2017_1139_1166,0.530826163755578
2017_1139_1173,0.65057250973331
2017_1139_1181,0.364462964846013
2017_1139_1190,0.779628154852598
2017_1139_1195,0.850175155792262
2017_1139_1196,0.35097141323213
2017_1139_1199,0.453674889437806
2017_1139_1211,0.222613255140815
2017_1139_1233,0.86521834428672
2017_1139_1235,0.438643456148837
2017_1139_1240,0.912539530213742
2017_1139_1242,0.373537780258353
2017_1139_1243,0.588021082265112
2017_1139_1245,0.886151595730506
2017_1139_1246,0.348920630298939
2017_1139_1257,0.321450873123947
2017_1139_1266,0.58482011769914
2017_1139_1268,0.65754630878537
2017_1139_1274,0.570900512243487
2017_1139_1276,0.460118367403666
2017_1139_1277,0.649665876800696
2017_1139_1278,0.609067800447513
2017_1139_1291,0.933806041269631
2017_1139_1292,0.691723596056979
2017_1139_1297,0.897560635154889
2017_1139_1300,0.906317675968137
2017_1139_1305,0.70994303040254
2017_1139_1308,0.818848593197372
2017_1139_1309,0.929979220260684
2017_1139_1314,0.294607357477474
2017_1139_1315,0.909062323341619
2017_1139_1321,0.640096254968826
2017_1139_1323,0.486469972583362
2017_1139_1329,0.508943695391647
2017_1139_1332,0.4248596000063
2017_1139_1343,0.713302488885136
2017_1139_1344,0.698167800958239
2017_1139_1345,0.386418526130734
2017_1139_1348,0.648400623072183
2017_1139_1355,0.922575264803829
2017_1139_1371,0.692179620836522
2017_1139_1374,0.410634959954677
2017_1139_1376,0.586272557445486
2017_1139_1388,0.408085744701065
2017_1139_1407,0.898079168808045
2017_1139_1411,0.930576247220204
2017_1139_1413,0.937717718694728
2017_1139_1417,0.482543496441987
2017_1139_1423,0.758153492512984
2017_1139_1425,0.723019428372566
2017_1139_1433,0.671873724114077
2017_1139_1435,0.636964648138709
2017_1139_1436,0.682266865931546
2017_1139_1437,0.267155780569114
2017_1139_1438,0.281581849909516
2017_1139_1439,0.670678454660614
2017_1139_1448,0.614991561699885
2017_1139_1452,0.293293743616651
2017_1139_1455,0.335462392167375
2017_1139_1457,0.87532657685955
2017_1139_1458,0.416222938296202
2017_1139_1462,0.625497644765532
2017_1153_1166,0.585228268808353
2017_1153_1173,0.698963940549019
2017_1153_1181,0.416967897621573
2017_1153_1190,0.815223175457585
2017_1153_1195,0.876184908716759
2017_1153_1196,0.402764477933296
2017_1153_1199,0.508743861182979
2017_1153_1211,0.263144291393196
2017_1153_1233,0.888957676323666
2017_1153_1235,0.493536126901428
2017_1153_1240,0.928631599235829
2017_1153_1242,0.426472767488799
2017_1153_1243,0.64028539072279
2017_1153_1245,0.906601920325478
2017_1153_1246,0.400597854331951
2017_1153_1257,0.371380326698076
2017_1153_1266,0.637239988447499
2017_1153_1268,0.705409278657251
2017_1153_1274,0.623947759048791
2017_1153_1276,0.515231853252372
2017_1153_1277,0.698124604589384
2017_1153_1278,0.660204991638317
2017_1153_1291,0.94621585315151
2017_1153_1292,0.736722379230358
2017_1153_1297,0.916155485463429
2017_1153_1300,0.923458498628946
2017_1153_1305,0.753231094987531
2017_1153_1308,0.84933289693065
2017_1153_1309,0.943062726508304
2017_1153_1314,0.342471718018297
2017_1153_1315,0.925742110209457
2017_1153_1321,0.68924550941188
2017_1153_1323,0.541573566520369
2017_1153_1329,0.563798102365454
2017_1153_1332,0.479500744051797
2017_1153_1343,0.756261317739321
2017_1153_1344,0.742575993362289
2017_1153_1345,0.439897120073281
2017_1153_1348,0.696952725514503
2017_1153_1355,0.936948417315995
2017_1153_1371,0.737137134185787
2017_1153_1374,0.464925528180429
2017_1153_1376,0.638622363180328
2017_1153_1388,0.462303651453223
2017_1153_1407,0.916588641701585
2017_1153_1411,0.943554968783617
2017_1153_1413,0.949433894145537
2017_1153_1417,0.537667995935018
2017_1153_1423,0.796310922503607
2017_1153_1425,0.765001945117277
2017_1153_1433,0.718591218070413
2017_1153_1435,0.686331994840464
2017_1153_1436,0.728103447069222
2017_1153_1437,0.312536213651742
2017_1153_1438,0.328314948329877
2017_1153_1439,0.71749457140561
2017_1153_1448,0.665779083070591
2017_1153_1452,0.341047869536614
2017_1153_1455,0.386329097166549
2017_1153_1457,0.897496452023262
2017_1153_1458,0.470662305358018
2017_1153_1462,0.675630248558439
2017_1166_1173,0.622011649818617
2017_1166_1181,0.336371418778231
2017_1166_1190,0.757686894301248
2017_1166_1195,0.833760164092796
2017_1166_1196,0.323390609243866
2017_1166_1199,0.42328691861073
2017_1166_1211,0.201980282688964
2017_1166_1233,0.850161024656675
2017_1166_1235,0.408509468353752
2017_1166_1240,0.902171019770809
2017_1166_1242,0.345126616088625
2017_1166_1243,0.557822489649704
2017_1166_1245,0.873089839528323
2017_1166_1246,0.321421173914728
2017_1166_1257,0.295135004508676
2017_1166_1266,0.55456462987571
2017_1166_1268,0.629230603711937
2017_1166_1274,0.540427782849071
2017_1166_1276,0.429638214129441
2017_1166_1277,0.621074074468556
2017_1166_1278,0.579308218624057
2017_1166_1291,0.925753565261971
2017_1166_1292,0.664793211699597
2017_1166_1297,0.885638905886726
2017_1166_1300,0.895296191713973
2017_1166_1305,0.683876878753667
2017_1166_1308,0.799809598442937
2017_1166_1309,0.921500347125091
2017_1166_1314,0.269615871952463
2017_1166_1315,0.898327516155532
2017_1166_1321,0.61119085999122
2017_1166_1323,0.455717685693053
2017_1166_1329,0.478093373023724
2017_1166_1332,0.395006220531934
2017_1166_1343,0.68740530769824
2017_1166_1344,0.671533049379893
2017_1166_1345,0.357586875901803
2017_1166_1348,0.61976599591165
2017_1166_1355,0.913283440204294
2017_1166_1371,0.665269796251261
2017_1166_1374,0.381118763456304
2017_1166_1376,0.556042563718861
2017_1166_1388,0.378635065040124
2017_1166_1407,0.886210135168725
2017_1166_1411,0.922163617740242
2017_1166_1413,0.930105479853865
2017_1166_1417,0.451821036371077
2017_1166_1423,0.734801416464386
2017_1166_1425,0.697627900188503
2017_1166_1433,0.644101478533164
2017_1166_1435,0.60796178387312
2017_1166_1436,0.654922484790772
2017_1166_1437,0.243688518387022
2017_1166_1438,0.257292284202552
2017_1166_1439,0.642858818742168
2017_1166_1448,0.585375943000067
2017_1166_1452,0.268371296048601
2017_1166_1455,0.308521002746892
2017_1166_1457,0.861217377827201
2017_1166_1458,0.386568533128498
2017_1166_1462,0.596159495721753
2017_1173_1181,0.235483616846755
2017_1173_1190,0.655192788056319
2017_1173_1195,0.752951994425369
2017_1173_1196,0.225075679766367
2017_1173_1199,0.308446931118794
2017_1173_1211,0.133303696915345
2017_1173_1233,0.775175456151667
2017_1173_1235,0.295623562238125
2017_1173_1240,0.8485775419285
2017_1173_1242,0.242572717670292
2017_1173_1243,0.433946814345507
2017_1173_1245,0.806973535779664
2017_1173_1246,0.22350719602399
2017_1173_1257,0.202835000281436
2017_1173_1266,0.430707720981289
2017_1173_1268,0.507704906644426
2017_1173_1274,0.416774031241121
2017_1173_1276,0.314013315497131
2017_1173_1277,0.49900354429105
2017_1173_1278,0.455577132572464
2017_1173_1291,0.883409686143409
2017_1173_1292,0.546523278761212
2017_1173_1297,0.824747997651347
2017_1173_1300,0.838610230563626
2017_1173_1305,0.567964385914253
2017_1173_1308,0.708272617774226
2017_1173_1309,0.877052940553378
2017_1173_1314,0.183222150260473
2017_1173_1315,0.842994893218862
2017_1173_1321,0.488558311849634
2017_1173_1323,0.337223925203944
2017_1173_1329,0.357604142083353
2017_1173_1332,0.28405975012125
2017_1173_1343,0.571976841399361
2017_1173_1344,0.554045913846749
2017_1173_1345,0.252759490049076
2017_1173_1348,0.497614935781336
2017_1173_1355,0.864865797283911
2017_1173_1371,0.547053447488021
2017_1173_1374,0.27231717618039
2017_1173_1376,0.43217582904847
2017_1173_1388,0.270232920030931
2017_1173_1407,0.825563469369896
2017_1173_1411,0.878042059458744
2017_1173_1413,0.889948514091094
2017_1173_1417,0.33371924234295
2017_1173_1423,0.627387628754935
2017_1173_1425,0.583688103956961
2017_1173_1433,0.523760890222736
2017_1173_1435,0.485168665375411
2017_1173_1436,0.535602736204923
2017_1173_1437,0.163740254780867
2017_1173_1438,0.173907199055944
2017_1173_1439,0.522409606117864
2017_1173_1448,0.461771405568649
2017_1173_1452,0.182276850678559
2017_1173_1455,0.213301519047999
2017_1173_1457,0.790400739459453
2017_1173_1458,0.27690726196254
2017_1173_1462,0.472874854273146
2017_1181_1190,0.860511663552998
2017_1181_1195,0.90821405497439
2017_1181_1196,0.485322577664563
2017_1181_1199,0.591510210159482
2017_1181_1211,0.333042423984518
2017_1181_1233,0.917991950682734
2017_1181_1235,0.576732962357507
2017_1181_1240,0.947900288923929
2017_1181_1242,0.509742793590427
2017_1181_1243,0.713375728217334
2017_1181_1245,0.931378872996943
2017_1181_1246,0.483071060003763
2017_1181_1257,0.452378105186192
2017_1181_1266,0.710669501280046
2017_1181_1268,0.770020006735671
2017_1181_1274,0.698796107153714
2017_1181_1276,0.597769347230215
2017_1181_1277,0.763798053805574
2017_1181_1278,0.730948633825531
2017_1181_1291,0.960936694208308
2017_1181_1292,0.796447146658756
2017_1181_1297,0.93856976459507
2017_1181_1300,0.944039703631288
2017_1181_1305,0.810175788018837
2017_1181_1308,0.887415718407959
2017_1181_1309,0.958608833606603
2017_1181_1314,0.421391029086991
2017_1181_1315,0.94574535183797
2017_1181_1321,0.756175975676149
2017_1181_1323,0.622908576462564
2017_1181_1329,0.643783551734616
2017_1181_1332,0.562961512665906
2017_1181_1343,0.81268064975391
2017_1181_1344,0.801330952091757
2017_1181_1345,0.523396255555237
2017_1181_1348,0.762794495097679
2017_1181_1355,0.954082685848677
2017_1181_1371,0.796793765743482
2017_1181_1374,0.548522884732523
2017_1181_1376,0.71189856554297
2017_1181_1388,0.545910555282473
2017_1181_1407,0.938894847837708
2017_1181_1411,0.958972521517231
2017_1181_1413,0.963308104848223
2017_1181_1417,0.619208724267254
2017_1181_1423,0.845355462623591
2017_1181_1425,0.819879920406129
2017_1181_1433,0.78120755269091
2017_1181_1435,0.753665703663491
2017_1181_1436,0.789224041599775
2017_1181_1437,0.388634469916804
2017_1181_1438,0.405986247080478
2017_1181_1439,0.780280309975256
2017_1181_1448,0.735826586967679
2017_1181_1452,0.419848576420587
2017_1181_1455,0.468159099317686
2017_1181_1457,0.924487740466731
2017_1181_1458,0.554222747785
2017_1181_1462,0.744405726191438
2017_1190_1195,0.615969324452232
2017_1190_1196,0.132587395789498
2017_1190_1199,0.190104061073143
2017_1190_1211,0.0748823474373329
2017_1190_1233,0.644700560339633
2017_1190_1235,0.180913585625197
2017_1190_1240,0.746786008955993
2017_1190_1242,0.144232755761832
2017_1190_1243,0.287468643369187
2017_1190_1245,0.687513351064219
2017_1190_1246,0.131554018134727
2017_1190_1257,0.118093129866326
2017_1190_1266,0.284772852874256
2017_1190_1268,0.351803296158056
2017_1190_1274,0.273293853151533
2017_1190_1276,0.194134303006429
2017_1190_1277,0.343907310639217
2017_1190_1278,0.305741306667937
2017_1190_1291,0.799501043377079
2017_1190_1292,0.388098747927042
2017_1190_1297,0.712367203735327
2017_1190_1300,0.732232613059345
2017_1190_1305,0.408929294735439
2017_1190_1308,0.560961522596162
2017_1190_1309,0.789658709423699
2017_1190_1314,0.105588937278666
2017_1190_1315,0.738606525028155
2017_1190_1321,0.334540726401617
2017_1190_1323,0.21121218990495
2017_1190_1329,0.22658034983993
2017_1190_1332,0.172736467655477
2017_1190_1343,0.412891966514098
2017_1190_1344,0.395341829062544
2017_1190_1345,0.151113694147803
2017_1190_1348,0.342655109275916
2017_1190_1355,0.771069826548453
2017_1190_1371,0.388606932216336
2017_1190_1374,0.164538199665047
2017_1190_1376,0.285993421750648
2017_1190_1388,0.16309397344783
2017_1190_1407,0.713523961472724
2017_1190_1411,0.79118352319454
2017_1190_1413,0.809732232215995
2017_1190_1417,0.208604923563489
2017_1190_1423,0.469807240610222
2017_1190_1425,0.424577003697688
2017_1190_1433,0.366600448753691
2017_1190_1435,0.331526985565883
2017_1190_1436,0.377707135002595
2017_1190_1437,0.093417615715263
2017_1190_1438,0.0997388723245813
2017_1190_1439,0.365343580697617
2017_1190_1448,0.311062336616945
2017_1190_1452,0.104992684794534
2017_1190_1455,0.124871844281891
2017_1190_1457,0.664942539050602
2017_1190_1458,0.167730344357809
2017_1190_1462,0.320701190646621
2017_1195_1196,0.087006377550603
2017_1195_1199,0.127659987615576
2017_1195_1211,0.0480405281550994
2017_1195_1233,0.530798535368055
2017_1195_1235,0.121037179610691
2017_1195_1240,0.647728399271373
2017_1195_1242,0.0950871496931097
2017_1195_1243,0.200979311515658
2017_1195_1245,0.578360031887203
2017_1195_1246,0.0862929134979123
2017_1195_1257,0.0770523366534231
2017_1195_1266,0.198868220380378
2017_1195_1268,0.252825971669492
2017_1195_1274,0.189932424034013
2017_1195_1276,0.130579844433048
2017_1195_1277,0.246307328356799
2017_1195_1278,0.215416432888464
2017_1195_1291,0.713144214366501
2017_1195_1292,0.28337413637909
2017_1195_1297,0.606931999088732
2017_1195_1300,0.630300194614743
2017_1195_1305,0.301351981502801
2017_1195_1308,0.443391381919437
2017_1195_1309,0.700649933943141
2017_1195_1314,0.0685559070186943
2017_1195_1315,0.63790061268505
2017_1195_1321,0.23863211884965
2017_1195_1323,0.143059383255014
2017_1195_1329,0.154439551920422
2017_1195_1332,0.11518582974336
2017_1195_1343,0.304809779045731
2017_1195_1344,0.2895877158106
2017_1195_1345,0.0998971841742266
2017_1195_1348,0.245277644223392
2017_1195_1355,0.677408389861454
2017_1195_1371,0.283808794377853
2017_1195_1374,0.109357907477753
2017_1195_1376,0.199823460806739
2017_1195_1388,0.108335218457544
2017_1195_1407,0.6082796158396
2017_1195_1411,0.702576963166885
2017_1195_1413,0.726273354421182
2017_1195_1417,0.141142876540443
2017_1195_1423,0.355856748433593
2017_1195_1425,0.315077563439879
2017_1195_1433,0.265163073628306
2017_1195_1435,0.236175739867264
2017_1195_1436,0.274528554000817
2017_1195_1437,0.060365302281905
2017_1195_1438,0.0646094111887243
2017_1195_1439,0.264108966926017
2017_1195_1448,0.219662851169134
2017_1195_1452,0.0681528423198052
2017_1195_1455,0.0816934751824754
2017_1195_1457,0.553030762603888
2017_1195_1458,0.111622549100907
2017_1195_1462,0.227404366632173
2017_1196_1199,0.605620184251638
2017_1196_1211,0.346212416206584
2017_1196_1233,0.922305910973211
2017_1196_1235,0.591000430630181
2017_1196_1240,0.950725397086149
2017_1196_1242,0.524406255635868
2017_1196_1243,0.725231623838105
2017_1196_1245,0.935038459272567
2017_1196_1246,0.497746242345675
2017_1196_1257,0.466963160925025
2017_1196_1266,0.722593807505568
2017_1196_1268,0.780254611371106
2017_1196_1274,0.711010768434678
2017_1196_1276,0.611805007925381
2017_1196_1277,0.774228363865358
2017_1196_1278,0.742340184371342
2017_1196_1291,0.963082434343828
2017_1196_1292,0.805802288149195
2017_1196_1297,0.941869793302658
2017_1196_1300,0.947062461066288
2017_1196_1305,0.819043327932835
2017_1196_1308,0.893150901290795
2017_1196_1309,0.960877236744602
2017_1196_1314,0.435772032398512
2017_1196_1315,0.948680985215269
2017_1196_1321,0.766840119426993
2017_1196_1323,0.636600301358366
2017_1196_1329,0.657134524917817
2017_1196_1332,0.577353003426147
2017_1196_1343,0.82145696323674
2017_1196_1344,0.810515038416797
2017_1196_1345,0.538021452122294
2017_1196_1348,0.773255965050212
2017_1196_1355,0.956587906785444
2017_1196_1371,0.806136854480466
2017_1196_1374,0.563020775782886
2017_1196_1376,0.723791904919125
2017_1196_1388,0.560425108117565
2017_1196_1407,0.942178488945385
2017_1196_1411,0.961221799371736
2017_1196_1413,0.96532828381153
2017_1196_1417,0.63295562908829
2017_1196_1423,0.852878031645393
2017_1196_1425,0.828390158890583
2017_1196_1433,0.791079368734469
2017_1196_1435,0.764405432491052
2017_1196_1436,0.798827300579068
2017_1196_1437,0.402675562140621
2017_1196_1438,0.420223340690707
2017_1196_1439,0.790182726240452
2017_1196_1448,0.747083068693789
2017_1196_1452,0.434216443364235
2017_1196_1455,0.482804376681293
2017_1196_1457,0.928486615041023
2017_1196_1458,0.568681529293537
2017_1196_1462,0.755418157407023
2017_1199_1211,0.256418293643707
2017_1199_1233,0.885457567442252
2017_1199_1235,0.4847957030578
2017_1199_1240,0.926278323994317
2017_1199_1242,0.417939935877453
2017_1199_1243,0.632190126201118
2017_1199_1245,0.903597654888135
2017_1199_1246,0.392228674630141
2017_1199_1257,0.363251632187758
2017_1199_1266,0.629115887349625
2017_1199_1268,0.698088541191937
2017_1199_1274,0.615705496000846
2017_1199_1276,0.506491450330105
2017_1199_1277,0.690702213663278
2017_1199_1278,0.652314585761406
2017_1199_1291,0.94440768400103
2017_1199_1292,0.729881817774191
2017_1199_1297,0.913429178239557
2017_1199_1300,0.920949167951968
2017_1199_1305,0.746671975465118
2017_1199_1308,0.844801850070507
2017_1199_1309,0.941155144811901
2017_1199_1314,0.334638933757557
2017_1199_1315,0.923301427244913
2017_1199_1321,0.681704339413131
2017_1199_1323,0.53287751101307
2017_1199_1329,0.555177362127654
2017_1199_1332,0.4707778343023
2017_1199_1343,0.749755982855288
2017_1199_1344,0.735832987175356
2017_1199_1345,0.431297679752169
2017_1199_1348,0.689514335569187
2017_1199_1355,0.934850138246918
2017_1199_1371,0.730303404077202
2017_1199_1374,0.456235355067766
2017_1199_1376,0.630511270072593
2017_1199_1388,0.453620938584001
2017_1199_1407,0.913875095034369
2017_1199_1411,0.941662858621927
2017_1199_1413,0.947727935688499
2017_1199_1417,0.528962291264871
2017_1199_1423,0.790578502518077
2017_1199_1425,0.758655447699616
2017_1199_1433,0.71146406843047
2017_1199_1435,0.678753075384136
2017_1199_1436,0.721123715199371
2017_1199_1437,0.305070433376462
2017_1199_1438,0.320648052731583
2017_1199_1439,0.710350842637782
2017_1199_1448,0.657951053235529
2017_1199_1452,0.333231146694567
2017_1199_1455,0.378069991943594
2017_1199_1457,0.894233467026933
2017_1199_1458,0.461957479564078
2017_1199_1462,0.667917864172618
2017_1211_1233,0.957296315801639
2017_1211_1235,0.731811453712416
2017_1211_1240,0.973287462971873
2017_1211_1242,0.675558095100793
2017_1211_1243,0.832896027320132
2017_1211_1245,0.96451523726144
2017_1211_1246,0.65174420426997
2017_1211_1257,0.623255622215764
2017_1211_1266,0.831051020260762
2017_1211_1268,0.870217220862317
2017_1211_1274,0.822886592490477
2017_1211_1276,0.748501436245595
2017_1211_1277,0.866235131699524
2017_1211_1278,0.844736022965146
2017_1211_1291,0.980104810270676
2017_1211_1292,0.886822918448773
2017_1211_1297,0.968351721076273
2017_1211_1300,0.971251010877894
2017_1211_1305,0.895257774925347
2017_1211_1308,0.940423438067339
2017_1211_1309,0.978894127510254
2017_1211_1314,0.593243659742389
2017_1211_1315,0.97215173516834
2017_1211_1321,0.861318441308135
2017_1211_1323,0.767878158211004
2017_1211_1329,0.783516973679738
2017_1211_1332,0.720641636068171
2017_1211_1343,0.896782955884101
2017_1211_1344,0.889838275985158
2017_1211_1345,0.68742536119527
2017_1211_1348,0.865590211225465
2017_1211_1355,0.976531883341983
2017_1211_1371,0.887037469084169
2017_1211_1374,0.70871697610357
2017_1211_1376,0.831889675695087
2017_1211_1388,0.706535653146674
2017_1211_1407,0.968524486229686
2017_1211_1411,0.979083465631511
2017_1211_1413,0.981335186728816
2017_1211_1417,0.765064220027224
2017_1211_1423,0.916298446370209
2017_1211_1425,0.90114309942664
2017_1211_1433,0.877307235354374
2017_1211_1435,0.859689797833927
2017_1211_1436,0.882333010377869
2017_1211_1437,0.560058816885805
2017_1211_1438,0.577830424444635
2017_1211_1439,0.876722994656757
2017_1211_1448,0.847980041175544
2017_1211_1452,0.591715456057439
2017_1211_1455,0.638052262598737
2017_1211_1457,0.960811741882369
2017_1211_1458,0.71345092551679
2017_1211_1462,0.853641403954743
2017_1233_1235,0.108515489814167
2017_1233_1240,0.619097349111401
2017_1233_1242,0.0849904885347584
2017_1233_1243,0.181898857828249
2017_1233_1245,0.54802510673594
2017_1233_1246,0.0770505425552797
2017_1233_1257,0.0687252325650175
2017_1233_1266,0.179943052375829
2017_1233_1268,0.230241682861406
2017_1233_1274,0.171675398839064
2017_1233_1276,0.117202572682995
2017_1233_1277,0.224130661799727
2017_1233_1278,0.195300370434236
2017_1233_1291,0.687262849079983
2017_1233_1292,0.259006990443566
2017_1233_1297,0.577149788421261
2017_1233_1300,0.60112493907786
2017_1233_1305,0.276034393399162
2017_1233_1308,0.41319818936752
2017_1233_1309,0.674156351373126
2017_1233_1314,0.0610862454379282
2017_1233_1315,0.608953031070213
2017_1233_1321,0.216947585823883
2017_1233_1323,0.128592736810597
2017_1233_1329,0.139008781902571
2017_1233_1332,0.103198408434595
2017_1233_1343,0.279317831473774
2017_1233_1344,0.264883760322298
2017_1233_1345,0.0893402028101763
2017_1233_1348,0.223166235956461
2017_1233_1355,0.649885707699959
2017_1233_1371,0.259417802552586
2017_1233_1374,0.0979098853782938
2017_1233_1376,0.180827906591863
2017_1233_1388,0.0969825977828341
2017_1233_1407,0.578528606083459
2017_1233_1411,0.67617510571928
2017_1233_1413,0.70108003597902
2017_1233_1417,0.126841347575482
2017_1233_1423,0.328110557734679
2017_1233_1425,0.28908398197917
2017_1233_1433,0.241833434733116
2017_1233_1435,0.214651488598093
2017_1233_1436,0.250655987722525
2017_1233_1437,0.0537365807502893
2017_1233_1438,0.0575431841609309
2017_1233_1439,0.240841674426246
2017_1233_1448,0.199250953117007
2017_1233_1452,0.0607242344542548
2017_1233_1455,0.0729044193014343
2017_1233_1457,0.522378427275173
2017_1233_1458,0.0999640637831276
2017_1233_1462,0.206463430646809
2017_1235_1240,0.930326388289153
2017_1235_1242,0.432808904751817
2017_1235_1243,0.646218906229583
2017_1235_1245,0.908768454458403
2017_1235_1246,0.406822252099989
2017_1235_1257,0.377436612188256
2017_1235_1266,0.64319574469485
2017_1235_1268,0.710753846917644
2017_1235_1274,0.629995033120494
2017_1235_1276,0.521687185350369
2017_1235_1277,0.703545792139081
2017_1235_1278,0.665981340324095
2017_1235_1291,0.947516668006788
2017_1235_1292,0.74170686763762
2017_1235_1297,0.918120422541394
2017_1235_1300,0.925266247262657
2017_1235_1305,0.758005697800425
2017_1235_1308,0.852611917812031
2017_1235_1309,0.944435324105684
2017_1235_1314,0.348317793844985
2017_1235_1315,0.927500159072968
2017_1235_1321,0.694756432309185
2017_1235_1323,0.547985859377184
2017_1235_1329,0.570146266997494
2017_1235_1332,0.485957174194918
2017_1235_1343,0.760995894017151
2017_1235_1344,0.747487643327469
2017_1235_1345,0.446277508981952
2017_1235_1348,0.702385986491613
2017_1235_1355,0.938458794952522
2017_1235_1371,0.742116518908897
2017_1235_1374,0.471363431699042
2017_1235_1376,0.644568082663936
2017_1235_1388,0.468737053882101
2017_1235_1407,0.918544330100731
2017_1235_1411,0.944916392921715
2017_1235_1413,0.950660936358141
2017_1235_1417,0.544088929741103
2017_1235_1423,0.800472793961502
2017_1235_1425,0.769618458386163
2017_1235_1433,0.723790276957148
2017_1235_1435,0.691871487622542
2017_1235_1436,0.733192017324835
2017_1235_1437,0.318118512911274
2017_1235_1438,0.334042134205338
2017_1235_1439,0.722706072663956
2017_1235_1448,0.671507822221396
2017_1235_1452,0.346882462383945
2017_1235_1455,0.392476958199781
2017_1235_1457,0.89985087119135
2017_1235_1458,0.477108814564413
2017_1235_1462,0.681270968998411
2017_1240_1242,0.0540585065965414
2017_1240_1243,0.120335822413201
2017_1240_1245,0.427263647966833
2017_1240_1246,0.0488539883171541
2017_1240_1257,0.0434319476274778
2017_1240_1266,0.118945712092642
2017_1240_1268,0.155425591621257
2017_1240_1274,0.113094134836623
2017_1240_1276,0.0755146429791377
2017_1240_1277,0.150911015540745
2017_1240_1278,0.129921949646088
2017_1240_1291,0.574842172879256
2017_1240_1292,0.176992954359201
2017_1240_1297,0.456451901177765
2017_1240_1300,0.481117950067972
2017_1240_1305,0.19001124495641
2017_1240_1308,0.302276976388624
2017_1240_1309,0.560040321971089
2017_1240_1314,0.0384881829547145
2017_1240_1315,0.48930032530842
2017_1240_1321,0.145634062608117
2017_1240_1323,0.0832354138442362
2017_1240_1329,0.0903584658521341
2017_1240_1332,0.0661185653581247
2017_1240_1343,0.192543574686642
2017_1240_1344,0.181464571811308
2017_1240_1345,0.0569236419369929
2017_1240_1348,0.150200658311507
2017_1240_1355,0.533155815147709
2017_1240_1371,0.177304809867551
2017_1240_1374,0.0625976064332636
2017_1240_1376,0.119574353477336
2017_1240_1388,0.0619817765046321
2017_1240_1407,0.457854588914202
2017_1240_1411,0.562307060618306
2017_1240_1413,0.590667991060413
2017_1240_1417,0.0820436141622158
2017_1240_1423,0.231037550510155
2017_1240_1425,0.200118202460385
2017_1240_1433,0.164053421057193
2017_1240_1435,0.143953970432217
2017_1240_1436,0.170677196313356
2017_1240_1437,0.0337596697011439
2017_1240_1438,0.0362052891049079
2017_1240_1439,0.163311928343208
2017_1240_1448,0.13276824104983
2017_1240_1452,0.0382546368075517
2017_1240_1455,0.0461492675341905
2017_1240_1457,0.402238861776887
2017_1240_1458,0.0639634542083784
2017_1240_1462,0.137988886341383
2017_1242_1243,0.705340443642264
2017_1242_1245,0.928845548273022
2017_1242_1246,0.47334585123936
2017_1242_1257,0.442741576425684
2017_1242_1266,0.702589979089434
2017_1242_1268,0.763045237326321
2017_1242_1274,0.690529405408527
2017_1242_1276,0.588363234021549
2017_1242_1277,0.75669421016408
2017_1242_1278,0.72321484965843
2017_1242_1291,0.95944706039739
2017_1242_1292,0.790055331404172
2017_1242_1297,0.936283749066047
2017_1242_1300,0.941944651174821
2017_1242_1305,0.804109038551289
2017_1242_1308,0.883462458467831
2017_1242_1309,0.957034398648846
2017_1242_1314,0.411918073062661
2017_1242_1315,0.943710348246626
2017_1242_1321,0.748918252132862
2017_1242_1323,0.613710443566501
2017_1242_1329,0.63479607634734
2017_1242_1332,0.553349622194568
2017_1242_1343,0.806674852428482
2017_1242_1344,0.7950530314787
2017_1242_1345,0.513665922273335
2017_1242_1348,0.755670124095814
2017_1242_1355,0.952344644389299
2017_1242_1371,0.790409970498821
2017_1242_1374,0.538853562988872
2017_1242_1376,0.703839061868496
2017_1242_1388,0.536232588614041
2017_1242_1407,0.936620112781574
2017_1242_1411,0.957411305891762
2017_1242_1413,0.961905317047511
2017_1242_1417,0.609976850569098
2017_1242_1423,0.840191272049298
2017_1242_1425,0.814052130876247
2017_1242_1433,0.774472702307227
2017_1242_1435,0.746358322312459
2017_1242_1436,0.782667304421221
2017_1242_1437,0.379415020622378
2017_1242_1438,0.396622211755394
2017_1242_1439,0.773525191800215
2017_1242_1448,0.72818087580641
2017_1242_1452,0.410385701613816
2017_1242_1455,0.458467842038975
2017_1242_1457,0.921721393534958
2017_1242_1458,0.54457414489699
2017_1242_1462,0.736919538650896
2017_1243_1245,0.845041662047952
2017_1243_1246,0.272975584768534
2017_1243_1257,0.249196396269747
2017_1243_1266,0.496700499704148
2017_1243_1268,0.573608245452979
2017_1243_1274,0.482441108074171
2017_1243_1276,0.373868387136289
2017_1243_1277,0.565073862350974
2017_1243_1278,0.521887210332784
2017_1243_1291,0.908119647602712
2017_1243_1292,0.611209472785645
2017_1243_1297,0.859919195275127
2017_1243_1300,0.871433102553428
2017_1243_1305,0.631653462857927
2017_1243_1308,0.760017488388648
2017_1243_1309,0.902962153381981
2017_1243_1314,0.226373705894091
2017_1243_1315,0.875058884505708
2017_1243_1321,0.554777090830185
2017_1243_1323,0.398930356851199
2017_1243_1329,0.420672816984177
2017_1243_1332,0.341043823763751
2017_1243_1343,0.635454070092104
2017_1243_1344,0.618408274441007
2017_1243_1345,0.306149572293238
2017_1243_1348,0.56370826811574
2017_1243_1355,0.893030026476032
2017_1243_1371,0.611717744688563
2017_1243_1374,0.328024907197279
2017_1243_1376,0.498196699540291
2017_1243_1388,0.325705118261644
2017_1243_1407,0.860598672254318
2017_1243_1411,0.903765701786489
2017_1243_1413,0.913408485432166
2017_1243_1417,0.395166736329503
2017_1243_1423,0.687142091666635
2017_1243_1425,0.646501917807429
2017_1243_1433,0.589253747103106
2017_1243_1435,0.551423360027683
2017_1243_1436,0.600708586741202
2017_1243_1437,0.203446399911637
2017_1243_1438,0.215443611442552
2017_1243_1439,0.58794209511418
2017_1243_1448,0.528108500621566
2017_1243_1452,0.225267176042181
2017_1243_1455,0.26127113860965
2017_1243_1457,0.831053028746741
2017_1243_1458,0.333124125379227
2017_1243_1462,0.539209043660366
2017_1245_1246,0.0644160930769984
2017_1245_1257,0.0573710765176654
2017_1245_1266,0.153237943605884
2017_1245_1268,0.197873004845695
2017_1245_1274,0.145978863983988
2017_1245_1276,0.0986881530232137
2017_1245_1277,0.19240636228571
2017_1245_1278,0.166779628047546
2017_1245_1291,0.644433487663508
2017_1245_1292,0.223769916746869
2017_1245_1297,0.529562817639792
2017_1245_1300,0.55415179286646
2017_1245_1305,0.239228682778159
2017_1245_1308,0.367384403265257
2017_1245_1309,0.630497091309166
2017_1245_1314,0.050925120523597
2017_1245_1315,0.562230401903243
2017_1245_1321,0.18599627155784
2017_1245_1323,0.10850016232697
2017_1245_1329,0.117508170494108
2017_1245_1332,0.0866790065448174
2017_1245_1343,0.242220794379588
2017_1245_1344,0.229094358818914
2017_1245_1345,0.0748539821275628
2017_1245_1348,0.191544744033799
2017_1245_1355,0.604880434693588
2017_1245_1371,0.22414174515577
2017_1245_1374,0.0821594832515202
2017_1245_1376,0.154016141201528
2017_1245_1388,0.0813679100195102
2017_1245_1407,0.530970704149959
2017_1245_1411,0.632638940154359
2017_1245_1413,0.659204615189826
2017_1245_1417,0.106988828668801
2017_1245_1423,0.287114923720885
2017_1245_1425,0.251141874141207
2017_1245_1433,0.208276058158263
2017_1245_1435,0.183950799225031
2017_1245_1436,0.216223516647195
2017_1245_1437,0.0447397486650172
2017_1245_1438,0.0479413216011273
2017_1245_1439,0.207384273382617
2017_1245_1448,0.170275364186957
2017_1245_1452,0.050620080163527
2017_1245_1455,0.0609049710874692
2017_1245_1457,0.474242591877492
2017_1245_1458,0.0839139523960711
2017_1245_1462,0.176670395414839
2017_1246_1257,0.469207747780891
2017_1246_1266,0.724397269405619
2017_1246_1268,0.781796409297729
2017_1246_1274,0.712859609949981
2017_1246_1276,0.613943918590656
2017_1246_1277,0.775800294348819
2017_1246_1278,0.744060741503065
2017_1246_1291,0.96340162814422
2017_1246_1292,0.807209126464046
2017_1246_1297,0.94236141764649
2017_1246_1300,0.947512616777419
2017_1246_1305,0.820375625899185
2017_1246_1308,0.894008188562197
2017_1246_1309,0.961214729111174
2017_1246_1314,0.437989885136304
2017_1246_1315,0.94911811720474
2017_1246_1321,0.768448105875562
2017_1246_1323,0.638683276673527
2017_1246_1329,0.659162816894244
2017_1246_1332,0.579551286810452
2017_1246_1343,0.822775335924927
2017_1246_1344,0.811895705618174
2017_1246_1345,0.540261409592477
2017_1246_1348,0.774832696845845
2017_1246_1355,0.95696074366555
2017_1246_1371,0.80754184795817
2017_1246_1374,0.565237469797982
2017_1246_1376,0.725590535726192
2017_1246_1388,0.562644741039012
2017_1246_1407,0.942667661476064
2017_1246_1411,0.961556438291067
2017_1246_1413,0.96562875272299
2017_1246_1417,0.635047518912449
2017_1246_1423,0.854005624391521
2017_1246_1425,0.829667951934569
2017_1246_1433,0.792565408595089
2017_1246_1435,0.766025086611919
2017_1246_1436,0.800272143915556
2017_1246_1437,0.404845833166844
2017_1246_1438,0.422421304598631
2017_1246_1439,0.791673464314933
2017_1246_1448,0.748782672540753
2017_1246_1452,0.436432502900676
2017_1246_1455,0.485055817702366
2017_1246_1457,0.929082902697019
2017_1246_1458,0.570891393401036
2017_1246_1462,0.757079962095552
2017_1257_1266,0.748326089176416
2017_1257_1268,0.802103090878073
2017_1257_1274,0.737427068800913
2017_1257_1276,0.642733004509071
2017_1257_1277,0.796519755957416
2017_1257_1278,0.766831836689342
2017_1257_1291,0.967509946405635
2017_1257_1292,0.825678158892577
2017_1257_1297,0.948705834912216
2017_1257_1300,0.953318116972006
2017_1257_1305,0.837836723343204
2017_1257_1308,0.905139198322527
2017_1257_1309,0.96555975995001
2017_1257_1314,0.468541868819695
2017_1257_1315,0.954754516746493
2017_1257_1321,0.78966280597296
2017_1257_1323,0.66662925432821
2017_1257_1329,0.686302802680221
2017_1257_1332,0.609272855924647
2017_1257_1343,0.840048642137866
2017_1257_1344,0.830010319380975
2017_1257_1345,0.570703048370222
2017_1257_1348,0.795618021587191
2017_1257_1355,0.961763381882805
2017_1257_1371,0.82598587751189
2017_1257_1374,0.595264251417804
2017_1257_1376,0.749451585389212
2017_1257_1388,0.592721563809471
2017_1257_1407,0.948980194765318
2017_1257_1411,0.965864547646921
2017_1257_1413,0.969494983150284
2017_1257_1417,0.663126380897461
2017_1257_1423,0.868720723204699
2017_1257_1425,0.846394883253813
2017_1257_1433,0.812110752528433
2017_1257_1435,0.787400365172302
2017_1257_1436,0.819256926958298
2017_1257_1437,0.434874815328792
2017_1257_1438,0.452762185755365
2017_1257_1439,0.811282839583569
2017_1257_1448,0.771262804404589
2017_1257_1452,0.466966114808858
2017_1257_1455,0.515877294624537
2017_1257_1457,0.936790880970521
2017_1257_1458,0.600803467776392
2017_1257_1462,0.77903671644163
2017_1266_1268,0.576833103793727
2017_1266_1274,0.485737303100176
2017_1266_1276,0.376963069678154
2017_1266_1277,0.568314690922091
2017_1266_1278,0.525179437109404
2017_1266_1291,0.909214967297399
2017_1266_1292,0.614341149687624
2017_1266_1297,0.861501486162977
2017_1266_1300,0.872904559616107
2017_1266_1305,0.63471888067079
2017_1266_1308,0.762416451230882
2017_1266_1309,0.904112464388252
2017_1266_1314,0.22869343131068
2017_1266_1315,0.876494725518405
2017_1266_1321,0.558034635096303
2017_1266_1323,0.40209926566679
2017_1266_1329,0.423892635894674
2017_1266_1332,0.344016084810865
2017_1266_1343,0.638505960100581
2017_1266_1344,0.621517872372401
2017_1266_1345,0.308960309351734
2017_1266_1348,0.566951474152717
2017_1266_1355,0.894284291056965
2017_1266_1371,0.614847907380958
2017_1266_1374,0.330940688929327
2017_1266_1376,0.501496235446489
2017_1266_1388,0.328610363425838
2017_1266_1407,0.86217451820976
2017_1266_1411,0.904907490471339
2017_1266_1413,0.91444669588973
2017_1266_1417,0.398325560935185
2017_1266_1423,0.689972378889926
2017_1266_1425,0.649512331154148
2017_1266_1433,0.592444350629267
2017_1266_1435,0.554685745897102
2017_1266_1436,0.603870027976748
2017_1266_1437,0.205593618724933
2017_1266_1438,0.217682848345478
2017_1266_1439,0.59113581772319
2017_1266_1448,0.531396353622968
2017_1266_1452,0.227578898089538
2017_1266_1455,0.263826516768633
2017_1266_1457,0.832898018282713
2017_1266_1458,0.336062565280125
2017_1266_1462,0.542486557969517
2017_1268_1274,0.409301764959964
2017_1268_1276,0.30741232911745
2017_1268_1277,0.491298904860674
2017_1268_1278,0.447943496288706
2017_1268_1291,0.88019739854163
2017_1268_1292,0.538874110986396
2017_1268_1297,0.820248332314944
2017_1268_1300,0.834395017102514
2017_1268_1305,0.560385965948047
2017_1268_1308,0.701863449256218
2017_1268_1309,0.873690553879451
2017_1268_1314,0.17865453140422
2017_1268_1315,0.838872195925495
2017_1268_1321,0.480860154461306
2017_1268_1323,0.330370001009223
2017_1268_1329,0.350555087464284
2017_1268_1332,0.27783340611796
2017_1268_1343,0.564414826123412
2017_1268_1344,0.546418325040445
2017_1268_1345,0.246982541067739
2017_1268_1348,0.48991077076375
2017_1268_1355,0.861222851583699
2017_1268_1371,0.539405685774354
2017_1268_1374,0.266252499033433
2017_1268_1376,0.424628472685019
2017_1268_1388,0.264197807845427
2017_1268_1407,0.821080199427657
2017_1268_1411,0.874702858953477
2017_1268_1413,0.886893317485875
2017_1268_1417,0.326901415892014
2017_1268_1423,0.620154453197671
2017_1268_1425,0.576179682701231
2017_1268_1433,0.516067750019989
2017_1268_1435,0.477474055254612
2017_1268_1436,0.527928474443126
2017_1268_1437,0.159563428427639
2017_1268_1438,0.169523599521205
2017_1268_1439,0.5147148623769
2017_1268_1448,0.454120553675195
2017_1268_1452,0.177727669760603
2017_1268_1455,0.208175159223179
2017_1268_1457,0.785248821850312
2017_1268_1458,0.270778399350448
2017_1268_1462,0.465199040773424
2017_1274_1276,0.390456844414895
2017_1274_1277,0.58225679960179
2017_1274_1278,0.539385556392861
2017_1274_1291,0.913816684898965
2017_1274_1292,0.627770368195206
2017_1274_1297,0.868171043885753
2017_1274_1300,0.879102050390173
2017_1274_1305,0.647845265729572
2017_1274_1308,0.772598064724398
2017_1274_1309,0.908946916956006
2017_1274_1314,0.238914988233013
2017_1274_1315,0.882540707903801
2017_1274_1321,0.57205875111768
2017_1274_1323,0.415892194060569
2017_1274_1329,0.437885633141318
2017_1274_1332,0.357006279849448
2017_1274_1343,0.651570962337144
2017_1274_1344,0.634845725614721
2017_1274_1345,0.321275089743247
2017_1274_1348,0.580905142990791
2017_1274_1355,0.899559211419088
2017_1274_1371,0.628270157229438
2017_1274_1374,0.343695837362373
2017_1274_1376,0.515757587256436
2017_1274_1388,0.341321515792639
2017_1274_1407,0.868816600553555
2017_1274_1411,0.909705862623367
2017_1274_1413,0.918806908478716
2017_1274_1417,0.412078258380296
2017_1274_1423,0.702045293975072
2017_1274_1425,0.662389875503167
2017_1274_1433,0.606147224623712
2017_1274_1435,0.568734001998449
2017_1274_1436,0.617436809971049
2017_1274_1437,0.215070608534985
2017_1274_1438,0.227557472602539
2017_1274_1439,0.604853343276748
2017_1274_1448,0.545577412866956
2017_1274_1452,0.237765996477691
2017_1274_1455,0.27505837650021
2017_1274_1457,0.840690293066329
2017_1274_1458,0.348912174039908
2017_1274_1462,0.556612033437342
2017_1276_1277,0.685127465630698
2017_1276_1278,0.646402151588603
2017_1276_1291,0.943028517668982
2017_1276_1292,0.724731806340223
2017_1276_1297,0.911353617176699
2017_1276_1300,0.919037920454314
2017_1276_1305,0.741728806724968
2017_1276_1308,0.841366674810478
2017_1276_1309,0.939700439644177
2017_1276_1314,0.328882217427585
2017_1276_1315,0.921442200175792
2017_1276_1321,0.676043479608736
2017_1276_1323,0.526408605469634
2017_1276_1329,0.548755765373332
2017_1276_1332,0.464313462094535
2017_1276_1343,0.74485242849331
2017_1276_1344,0.730754583882097
2017_1276_1345,0.424940129535467
2017_1276_1348,0.683927974862786
2017_1276_1355,0.933250621323645
2017_1276_1371,0.725158403801378
2017_1276_1374,0.449800950138512
2017_1276_1376,0.624441530899406
2017_1276_1388,0.447193082014306
2017_1276_1407,0.911809192752913
2017_1276_1411,0.940219907435425
2017_1276_1413,0.946426467426509
2017_1276_1417,0.522487752378965
2017_1276_1423,0.786246814073754
2017_1276_1425,0.753869031534848
2017_1276_1433,0.70610430261006
2017_1276_1435,0.67306490004892
2017_1276_1436,0.715871725725222
2017_1276_1437,0.299593341827357
2017_1276_1438,0.315018066416272
2017_1276_1439,0.704978972736716
2017_1276_1448,0.652083346236817
2017_1276_1452,0.327486728326825
2017_1276_1455,0.371983842096196
2017_1276_1457,0.891752222751695
2017_1276_1458,0.455509976680431
2017_1276_1462,0.662133334946814
2017_1277_1278,0.456565897766328
2017_1277_1291,0.883819587575504
2017_1277_1292,0.547510924350944
2017_1277_1297,0.825323358713565
2017_1277_1300,0.839148957141989
2017_1277_1305,0.568942165604097
2017_1277_1308,0.709095495417821
2017_1277_1309,0.877482091178553
2017_1277_1314,0.183819389885001
2017_1277_1315,0.843521714593847
2017_1277_1321,0.489554291186818
2017_1277_1323,0.338115350703478
2017_1277_1329,0.358520298913546
2017_1277_1332,0.28487104442868
2017_1277_1343,0.572952368026821
2017_1277_1344,0.555030515023164
2017_1277_1345,0.253513043493248
2017_1277_1348,0.498611378289432
2017_1277_1355,0.865330955681394
2017_1277_1371,0.548040893285706
2017_1277_1374,0.273107726379937
2017_1277_1376,0.43315421399321
2017_1277_1388,0.271019673066485
2017_1277_1407,0.826136717579584
2017_1277_1411,0.878468235947131
2017_1277_1413,0.890338280402442
2017_1277_1417,0.334606080644917
2017_1277_1423,0.62831893122978
2017_1277_1425,0.584656321199213
2017_1277_1433,0.524755001467217
2017_1277_1435,0.486164303186145
2017_1277_1436,0.536593998998569
2017_1277_1437,0.164286763515721
2017_1277_1438,0.174480561482558
2017_1277_1439,0.523403971367245
2017_1277_1448,0.462762187262528
2017_1277_1452,0.182871698854117
2017_1277_1455,0.213971121161476
2017_1277_1457,0.791060296978928
2017_1277_1458,0.277706052085806
2017_1277_1462,0.473868484746532
2017_1278_1291,0.900544036833682
2017_1278_1292,0.59020047780082
2017_1278_1297,0.849030100910531
2017_1278_1300,0.861294666475112
2017_1278_1305,0.611046182835984
2017_1278_1308,0.743677406543844
2017_1278_1309,0.89501046577326
2017_1278_1314,0.211400098131438
2017_1278_1315,0.865162127104632
2017_1278_1321,0.53304836959959
2017_1278_1323,0.378121591292669
2017_1278_1329,0.399483692703007
2017_1278_1332,0.32163876490478
2017_1278_1343,0.614929794596556
2017_1278_1344,0.597532131656325
2017_1278_1345,0.287862626018052
2017_1278_1348,0.542055626617529
2017_1278_1355,0.884368682452713
2017_1278_1371,0.59071782353417
2017_1278_1374,0.309013235627498
2017_1278_1376,0.476313228800705
2017_1278_1388,0.306766518481489
2017_1278_1407,0.849753168016304
2017_1278_1411,0.895872267060841
2017_1278_1413,0.906223913458122
2017_1278_1417,0.374431993028097
2017_1278_1423,0.668007529002245
2017_1278_1425,0.62623379131694
2017_1278_1433,0.567897088841884
2017_1278_1435,0.529669724443618
2017_1278_1436,0.579522520112916
2017_1278_1437,0.189617623651847
2017_1278_1438,0.201005135229307
2017_1278_1439,0.566567402425415
2017_1278_1448,0.506236637822876
2017_1278_1452,0.210346859575255
2017_1278_1455,0.24471940383659
2017_1278_1457,0.81839392804147
2017_1278_1458,0.313954993424304
2017_1278_1462,0.517381498909123
2017_1291_1292,0.137229987473376
2017_1291_1297,0.383133311989856
2017_1291_1300,0.406802593662512
2017_1291_1305,0.147849010676309
2017_1291_1308,0.242666886487371
2017_1291_1309,0.484927228187863
2017_1291_1314,0.0287543416852921
2017_1291_1315,0.414731280723698
2017_1291_1321,0.111957764338245
2017_1291_1323,0.0629254071183748
2017_1291_1329,0.0684401401245837
2017_1291_1332,0.0497584945586161
2017_1291_1343,0.149923438458736
2017_1291_1344,0.140868967005017
2017_1291_1345,0.0427346089940822
2017_1291_1348,0.115611277046511
2017_1291_1355,0.457895723089467
2017_1291_1371,0.137483485699989
2017_1291_1374,0.0470648389891645
2017_1291_1376,0.0912802612920981
2017_1291_1388,0.046594223578468
2017_1291_1407,0.38447005921222
2017_1291_1411,0.48722662881549
2017_1291_1413,0.516267365860449
2017_1291_1417,0.062004746111641
2017_1291_1423,0.181815273446146
2017_1291_1425,0.156145631611647
2017_1291_1433,0.126749732215138
2017_1291_1435,0.110615875260577
2017_1291_1436,0.132105364420058
2017_1291_1437,0.0251903614624842
2017_1291_1438,0.027032570233343
2017_1291_1439,0.126151401547009
2017_1291_1448,0.101712839062839
2017_1291_1452,0.0285781049193556
2017_1291_1455,0.0345475182288092
2017_1291_1457,0.332304568056062
2017_1291_1458,0.0481091635459088
2017_1291_1462,0.105861402537292
2017_1292_1297,0.796120263285657
2017_1292_1300,0.81173000475162
2017_1292_1305,0.5217157616852
2017_1292_1308,0.668271211492194
2017_1292_1309,0.855472053840068
2017_1292_1314,0.156923303430105
2017_1292_1315,0.816685317849581
2017_1292_1321,0.442158190989677
2017_1292_1323,0.296854237686014
2017_1292_1329,0.315957777699711
2017_1292_1332,0.247676105487409
2017_1292_1343,0.525799126317075
2017_1292_1344,0.507599063214469
2017_1292_1345,0.219157697295697
2017_1292_1348,0.451113355065627
2017_1292_1355,0.841532219030832
2017_1292_1371,0.500534852064034
2017_1292_1374,0.236939811765804
2017_1292_1376,0.387077810267304
2017_1292_1388,0.235038868321488
2017_1292_1407,0.79703616218658
2017_1292_1411,0.856606406741758
2017_1292_1413,0.870296438360332
2017_1292_1417,0.293583262055283
2017_1292_1423,0.582827864080605
2017_1292_1425,0.53775277866344
2017_1292_1433,0.477136515119838
2017_1292_1435,0.4388142598237
2017_1292_1436,0.489006621650021
2017_1292_1437,0.139759264628349
2017_1292_1438,0.14870195892519
2017_1292_1439,0.475785345627404
2017_1292_1448,0.415846799260092
2017_1292_1452,0.156087758272957
2017_1292_1455,0.183656018436253
2017_1292_1457,0.757809915406908
2017_1292_1458,0.241131186695907
2017_1292_1462,0.426721471080111
2017_1297_1300,0.524747445949921
2017_1297_1305,0.218350947301508
2017_1297_1308,0.340325593726332
2017_1297_1309,0.602516247697136
2017_1297_1314,0.0454980279292728
2017_1297_1315,0.532909761408581
2017_1297_1321,0.168733811349192
2017_1297_1323,0.0975680729025957
2017_1297_1329,0.105776154477824
2017_1297_1332,0.0777537821504932
2017_1297_1343,0.22115784372024
2017_1297_1344,0.208858248630171
2017_1297_1345,0.0670569671087047
2017_1297_1348,0.17387732465758
2017_1297_1355,0.576263455082291
2017_1297_1371,0.204227210168768
2017_1297_1374,0.0736620948346226
2017_1297_1376,0.139214165553252
2017_1297_1388,0.07294588391177
2017_1297_1407,0.501413061601159
2017_1297_1411,0.604718604845338
2017_1297_1413,0.632129282990052
2017_1297_1417,0.0961925852323327
2017_1297_1423,0.263505599736812
2017_1297_1425,0.229538150884382
2017_1297_1433,0.189426992695251
2017_1297_1435,0.166839270668275
2017_1297_1436,0.196834018538169
2017_1297_1437,0.0399440884792199
2017_1297_1438,0.0428178666560214
2017_1297_1439,0.188596689596074
2017_1297_1448,0.154195584212247
2017_1297_1452,0.0452239467031251
2017_1297_1455,0.0544753715696042
2017_1297_1457,0.444847759481933
2017_1297_1458,0.0752499839797894
2017_1297_1462,0.16010323702411
2017_1300_1305,0.201914245122591
2017_1300_1308,0.318447786563436
2017_1300_1309,0.578566095290109
2017_1300_1314,0.041384189725341
2017_1300_1315,0.508188992988153
2017_1300_1321,0.155290082131355
2017_1300_1323,0.0891860771879819
2017_1300_1329,0.0967646197332721
2017_1300_1332,0.0709402040731223
2017_1300_1343,0.204565145653671
2017_1300_1344,0.192959721625491
2017_1300_1345,0.0611186323794561
2017_1300_1348,0.160102719108155
2017_1300_1355,0.551907877423515
2017_1300_1371,0.188597167237136
2017_1300_1374,0.067180953128347
2017_1300_1376,0.127760908128114
2017_1300_1388,0.0665232325000507
2017_1300_1407,0.476662351212141
2017_1300_1411,0.580808829039798
2017_1300_1413,0.608804945796686
2017_1300_1417,0.0879172444329018
2017_1300_1423,0.244734064513195
2017_1300_1425,0.212488245625246
2017_1300_1433,0.174681008988306
2017_1300_1435,0.153518610666225
2017_1300_1436,0.181640643514142
2017_1300_1437,0.0363133211626455
2017_1300_1438,0.0389364777016029
2017_1300_1439,0.173901474097702
2017_1300_1448,0.141712707945986
2017_1300_1452,0.041133822397639
2017_1300_1455,0.0495919936634819
2017_1300_1457,0.420534157961349
2017_1300_1458,0.0686394844181862
2017_1300_1462,0.147225355106728
2017_1305_1308,0.648729359949371
2017_1305_1309,0.844390159929414
2017_1305_1314,0.145764017431555
2017_1305_1315,0.803313171180649
2017_1305_1321,0.420840153369434
2017_1305_1323,0.279037548452291
2017_1305_1329,0.297479601909914
2017_1305_1332,0.231837821138323
2017_1305_1343,0.504092535966978
2017_1305_1344,0.485873977255491
2017_1305_1345,0.204647017874867
2017_1305_1348,0.429696134731621
2017_1305_1355,0.829594378570389
2017_1305_1371,0.478818106291779
2017_1305_1374,0.221585871230215
2017_1305_1376,0.366669852723463
2017_1305_1388,0.219772632305411
2017_1305_1407,0.78261220983587
2017_1305_1411,0.845595792318155
2017_1305_1413,0.860165425251009
2017_1305_1417,0.275885863862893
2017_1305_1423,0.561554970751091
2017_1305_1425,0.516089780539525
2017_1305_1433,0.455509111980352
2017_1305_1435,0.417536772037444
2017_1305_1436,0.467322064724446
2017_1305_1437,0.129632885446561
2017_1305_1438,0.138031597230821
2017_1305_1439,0.454165989305273
2017_1305_1448,0.394899303008079
2017_1305_1452,0.144977672697576
2017_1305_1455,0.170981232531519
2017_1305_1457,0.741502395740117
2017_1305_1458,0.225585936370256
2017_1305_1462,0.405606542281092
2017_1308_1309,0.746078218986603
2017_1308_1314,0.0845806209105874
2017_1308_1315,0.688619501487701
2017_1308_1321,0.282360227975214
2017_1308_1323,0.173259650340042
2017_1308_1329,0.18651930985091
2017_1308_1332,0.140466419704893
2017_1308_1343,0.355010166221657
2017_1308_1344,0.338501818515288
2017_1308_1345,0.122286022614636
2017_1308_1348,0.289760059360428
2017_1308_1355,0.724979280851351
2017_1308_1371,0.332203233598486
2017_1308_1374,0.133552469295296
2017_1308_1376,0.238669352102382
2017_1308_1388,0.13233713789291
2017_1308_1407,0.660942214454092
2017_1308_1411,0.747818065531393
2017_1308_1413,0.769094617123699
2017_1308_1417,0.171019305222295
2017_1308_1423,0.409511926172301
2017_1308_1425,0.366078511913242
2017_1308_1433,0.311762108808094
2017_1308_1435,0.279619040260986
2017_1308_1436,0.32205213120864
2017_1308_1437,0.0746288848360863
2017_1308_1438,0.0797906676743046
2017_1308_1439,0.310601056026034
2017_1308_1448,0.261107022147029
2017_1308_1452,0.0840918470280079
2017_1308_1455,0.100457853842637
2017_1308_1457,0.608338453322725
2017_1308_1458,0.136241501618358
2017_1308_1462,0.269804133725707
2017_1309_1314,0.0304873612041634
2017_1309_1315,0.429441314298504
2017_1309_1321,0.118095698539025
2017_1309_1323,0.0665767381141869
2017_1309_1329,0.0723867516765342
2017_1309_1332,0.0526887567005351
2017_1309_1343,0.157772997229366
2017_1309_1344,0.148327178051057
2017_1309_1345,0.0452709428870255
2017_1309_1348,0.121922010531571
2017_1309_1355,0.472899700448843
2017_1309_1371,0.144792663098666
2017_1309_1374,0.0498447934380568
2017_1309_1376,0.0964076468005044
2017_1309_1388,0.0493478199314908
2017_1309_1407,0.398838195990821
2017_1309_1411,0.502301172807835
2017_1309_1413,0.531309430098203
2017_1309_1417,0.065606394738023
2017_1309_1423,0.190959504136733
2017_1309_1425,0.164258017626773
2017_1309_1433,0.133576635583947
2017_1309_1435,0.116689909028332
2017_1309_1436,0.139174755346415
2017_1309_1437,0.0267144886416264
2017_1309_1438,0.0286648815100085
2017_1309_1439,0.13295098454622
2017_1309_1448,0.107357009579025
2017_1309_1452,0.03030083405362
2017_1309_1455,0.0366165282576678
2017_1309_1457,0.345818481470408
2017_1309_1458,0.0509475046821281
2017_1309_1462,0.111707154148154
2017_1314_1315,0.959896057682121
2017_1314_1321,0.809828015149501
2017_1314_1323,0.694019308975572
2017_1314_1329,0.712772908768288
2017_1314_1332,0.638822171235686
2017_1314_1343,0.856262589543267
2017_1314_1344,0.847056568505622
2017_1314_1345,0.601260292741606
2017_1314_1348,0.815345805342228
2017_1314_1355,0.966136708525059
2017_1314_1371,0.843359529223092
2017_1314_1374,0.62522131199673
2017_1314_1376,0.772360557585607
2017_1314_1388,0.62274755162124
2017_1314_1407,0.95474680861213
2017_1314_1411,0.969783539217735
2017_1314_1413,0.973008822533381
2017_1314_1417,0.690670690256404
2017_1314_1423,0.882434995153162
2017_1314_1425,0.862071150292339
2017_1314_1433,0.830585570484109
2017_1314_1435,0.807729664283163
2017_1314_1436,0.837169961264
2017_1314_1437,0.466054769883028
2017_1314_1438,0.484125960798527
2017_1314_1439,0.829822005856119
2017_1314_1448,0.792729015989776
2017_1314_1452,0.498417668653633
2017_1314_1455,0.547241043864896
2017_1314_1457,0.94385370328255
2017_1314_1458,0.630604959307546
2017_1314_1462,0.799962592706933
2017_1315_1321,0.151041289562143
2017_1315_1323,0.0865605769981796
2017_1315_1329,0.0939390289958713
2017_1315_1332,0.0688112544129643
2017_1315_1343,0.199286236676619
2017_1315_1344,0.187909548006455
2017_1315_1345,0.0592656304160439
2017_1315_1348,0.155746529214106
2017_1315_1355,0.543793345953927
2017_1315_1371,0.18363519098733
2017_1315_1374,0.065156908310519
2017_1315_1376,0.124154617898823
2017_1315_1388,0.0645176331014182
2017_1315_1407,0.468497440272893
2017_1315_1411,0.572812568863566
2017_1315_1413,0.600975831860033
2017_1315_1417,0.0853255975149127
2017_1315_1423,0.238729679086856
2017_1315_1425,0.207058099472095
2017_1315_1433,0.170008452049855
2017_1315_1435,0.149309719042567
2017_1315_1436,0.17682180770463
2017_1315_1437,0.0351841868005868
2017_1315_1438,0.0377289716594839
2017_1315_1439,0.169245492983181
2017_1315_1448,0.13777480738251
2017_1315_1452,0.0398609982069302
2017_1315_1455,0.048070565103702
2017_1315_1457,0.412572736469694
2017_1315_1458,0.066574632780011
2017_1315_1462,0.143159820383328
2017_1321_1323,0.347529750807306
2017_1321_1329,0.368186804163608
2017_1321_1332,0.29346022968164
2017_1321_1343,0.583144638945533
2017_1321_1344,0.565326017702453
2017_1321_1345,0.261502484545458
2017_1321_1348,0.5090576126303
2017_1321_1355,0.870126839978157
2017_1321_1371,0.558369438017283
2017_1321_1374,0.28148183877725
2017_1321_1376,0.443441955823412
2017_1321_1388,0.279354366413565
2017_1321_1407,0.832057506399997
2017_1321_1411,0.882859603625779
2017_1321_1413,0.894352323629724
2017_1321_1417,0.343973548870273
2017_1321_1423,0.638024617088388
2017_1321_1425,0.594766822596536
2017_1321_1433,0.535164338604189
2017_1321_1435,0.496608051131865
2017_1321_1436,0.546967893853606
2017_1321_1437,0.170105018649621
2017_1321_1438,0.180581823730302
2017_1321_1439,0.533816611447693
2017_1321_1448,0.473166145243667
2017_1321_1452,0.189199134722439
2017_1321_1455,0.221083471340137
2017_1321_1457,0.797883349731561
2017_1321_1458,0.286165652208203
2017_1321_1462,0.484297048310807
2017_1323_1329,0.522462850030178
2017_1323_1332,0.438138059240911
2017_1323_1343,0.724243855528452
2017_1323_1344,0.709451489816267
2017_1323_1345,0.399329729182435
2017_1323_1348,0.660640473275373
2017_1323_1355,0.926354638520519
2017_1323_1371,0.703592130851629
2017_1323_1374,0.423796432951989
2017_1323_1376,0.599338764198144
2017_1323_1388,0.4212239075691
2017_1323_1407,0.902928469706089
2017_1323_1411,0.93399300774206
2017_1323_1413,0.940805362011109
2017_1323_1417,0.496069810820703
2017_1323_1423,0.767940050356533
2017_1323_1425,0.733728392442278
2017_1323_1433,0.683695052337638
2017_1323_1435,0.649387335688496
2017_1323_1436,0.693884359324894
2017_1323_1437,0.27788683681229
2017_1323_1438,0.292660961062996
2017_1323_1439,0.682522496826173
2017_1323_1448,0.62772670039819
2017_1323_1452,0.304638266102214
2017_1323_1455,0.34763564649757
2017_1323_1457,0.881115121245425
2017_1323_1458,0.429433013318062
2017_1323_1462,0.638089773853906
2017_1329_1332,0.41614132774442
2017_1329_1343,0.705930216071985
2017_1329_1344,0.690575171050504
2017_1329_1345,0.377970678876104
2017_1329_1348,0.64020125613178
2017_1329_1355,0.91998064265011
2017_1329_1371,0.684504427323601
2017_1329_1374,0.402004557441977
2017_1329_1376,0.577568267350031
2017_1329_1388,0.39947260473768
2017_1329_1407,0.894757289070217
2017_1329_1411,0.928228891694043
2017_1329_1413,0.93559511868046
2017_1329_1417,0.473616277753525
2017_1329_1423,0.751532799314158
2017_1329_1425,0.715797466884653
2017_1329_1433,0.66393804192775
2017_1329_1435,0.628651328867893
2017_1329_1436,0.674460751871789
2017_1329_1437,0.26020952808021
2017_1329_1438,0.274400954240705
2017_1329_1439,0.662728376200956
2017_1329_1448,0.606485927905677
2017_1329_1452,0.285933045773383
2017_1329_1455,0.327533883556052
2017_1329_1457,0.87136934166048
2017_1329_1458,0.407556306460772
2017_1329_1462,0.617079595878534
2017_1332_1343,0.771064780168827
2017_1332_1344,0.75794459979792
2017_1332_1345,0.460200232527882
2017_1332_1348,0.713996044357999
2017_1332_1355,0.941624927885384
2017_1332_1371,0.752722321047084
2017_1332_1374,0.485382744869251
2017_1332_1376,0.657333271428175
2017_1332_1388,0.482749586573825
2017_1332_1407,0.922650564847443
2017_1332_1411,0.947768789960963
2017_1332_1413,0.953230586952307
2017_1332_1417,0.557988146009792
2017_1332_1423,0.809295348822892
2017_1332_1425,0.779429376530732
2017_1332_1433,0.734880515746364
2017_1332_1435,0.703718700196345
2017_1332_1436,0.744038259301477
2017_1332_1437,0.330428912279868
2017_1332_1438,0.3466554716441
2017_1332_1439,0.733823834703576
2017_1332_1448,0.683780143591929
2017_1332_1452,0.359718755630452
2017_1332_1455,0.405951759966974
2017_1332_1457,0.904801790281278
2017_1332_1458,0.491140248255125
2017_1332_1462,0.693345111077336
2017_1343_1344,0.481785653265571
2017_1343_1345,0.201995325808611
2017_1343_1348,0.425689121994066
2017_1343_1355,0.827267617453608
2017_1343_1371,0.47473433121181
2017_1343_1374,0.218775068325018
2017_1343_1376,0.362876606894355
2017_1343_1388,0.216978418876807
2017_1343_1407,0.779814207025279
2017_1343_1411,0.843446287526064
2017_1343_1413,0.858184732075208
2017_1343_1417,0.272627507696339
2017_1343_1423,0.557520396000724
2017_1343_1425,0.512000405383588
2017_1343_1433,0.451451934648966
2017_1343_1435,0.413560923197446
2017_1343_1436,0.463249188328605
2017_1343_1437,0.127797002463223
2017_1343_1438,0.136095368995008
2017_1343_1439,0.450110885607243
2017_1343_1448,0.390994312800815
2017_1343_1452,0.142960168886742
2017_1343_1455,0.168673250454155
2017_1343_1457,0.738352168137981
2017_1343_1458,0.222738912025254
2017_1343_1462,0.401665955470578
2017_1344_1345,0.21400008767559
2017_1344_1348,0.443598103423707
2017_1344_1355,0.83743618194699
2017_1344_1371,0.492935674001294
2017_1344_1374,0.231487784044227
2017_1344_1376,0.379891010521453
2017_1344_1388,0.229617419245796
2017_1344_1407,0.792074174273552
2017_1344_1411,0.852831863991325
2017_1344_1413,0.866826233365336
2017_1344_1417,0.287318624607738
2017_1344_1423,0.575418679209172
2017_1344_1425,0.530188357887938
2017_1344_1433,0.469558607585354
2017_1344_1435,0.431342886292246
2017_1344_1436,0.481413769164133
2017_1344_1437,0.136144408670955
2017_1344_1438,0.144894760622132
2017_1344_1439,0.468209681192519
2017_1344_1448,0.408481834202794
2017_1344_1452,0.152125253625978
2017_1344_1455,0.179142218298157
2017_1344_1457,0.752187105189155
2017_1344_1458,0.23561249408992
2017_1344_1462,0.419302153659012
2017_1345_1348,0.745434361080049
2017_1345_1355,0.949800870425186
2017_1345_1371,0.781208194665573
2017_1345_1374,0.525241250078719
2017_1345_1376,0.6923160393535
2017_1345_1388,0.52261145073739
2017_1345_1407,0.933295776095001
2017_1345_1411,0.955125239257381
2017_1345_1413,0.959850362894934
2017_1345_1417,0.596893426418658
2017_1345_1423,0.832712508151832
2017_1345_1425,0.805633087627854
2017_1345_1433,0.764779448926692
2017_1345_1435,0.735868811054452
2017_1345_1436,0.773223126901198
2017_1345_1437,0.366628234323375
2017_1345_1438,0.383613988147379
2017_1345_1439,0.763803634038998
2017_1345_1448,0.71722443924467
2017_1345_1452,0.397223246493426
2017_1345_1455,0.444926952159581
2017_1345_1457,0.917684283194983
2017_1345_1458,0.530983717152223
2017_1345_1462,0.72618288742986
2017_1348_1355,0.865976927500253
2017_1348_1371,0.549416328619127
2017_1348_1374,0.274211793954557
2017_1348_1376,0.434518522821648
2017_1348_1388,0.272118459489326
2017_1348_1407,0.826933092765235
2017_1348_1411,0.879059998927002
2017_1348_1413,0.890879425157375
2017_1348_1417,0.33584389569663
2017_1348_1423,0.629615170270161
2017_1348_1425,0.586004501664687
2017_1348_1433,0.526140028889048
2017_1348_1435,0.487551968263035
2017_1348_1436,0.537974901896934
2017_1348_1437,0.165050800511885
2017_1348_1438,0.175282062821665
2017_1348_1439,0.524789370532747
2017_1348_1448,0.46414339250209
2017_1348_1452,0.183703168447941
2017_1348_1455,0.214906802867146
2017_1348_1457,0.79197688241124
2017_1348_1458,0.278821578427372
2017_1348_1462,0.475253514575079
2017_1355_1371,0.158753291963798
2017_1355_1374,0.0552420789252206
2017_1355_1376,0.106282863080456
2017_1355_1388,0.0546943899011298
2017_1355_1407,0.425117327606102
2017_1355_1411,0.529394139994014
2017_1355_1413,0.558212158762031
2017_1355_1417,0.0725800050583999
2017_1355_1423,0.208287324012522
2017_1355_1425,0.179701091849047
2017_1355_1433,0.146641267717579
2017_1355_1435,0.128347577246565
2017_1355_1436,0.152690426852449
2017_1355_1437,0.029685432637055
2017_1355_1438,0.0318456334996391
2017_1355_1439,0.14596473308948
2017_1355_1448,0.118207067769573
2017_1355_1452,0.0336568268035629
2017_1355_1455,0.0406427027801918
2017_1355_1457,0.37075871174555
2017_1355_1458,0.0564570989413202
2017_1355_1462,0.12293631148626
2017_1371_1374,0.236553225738702
2017_1371_1376,0.3865703612914
2017_1371_1388,0.234654430055901
2017_1371_1407,0.796689851069074
2017_1371_1411,0.856343418582843
2017_1371_1413,0.870054749314795
2017_1371_1417,0.293139761473617
2017_1371_1423,0.582307597138121
2017_1371_1425,0.537220932882283
2017_1371_1433,0.47660280751376
2017_1371_1435,0.438287486006598
2017_1371_1436,0.488472040715802
2017_1371_1437,0.139502248903325
2017_1371_1438,0.14843133529768
2017_1371_1439,0.475251775645912
2017_1371_1448,0.415327191523591
2017_1371_1452,0.155806153264414
2017_1371_1455,0.183335481411637
2017_1371_1457,0.757417044458206
2017_1371_1458,0.240739919624965
2017_1371_1462,0.426198189124479
2017_1374_1376,0.670383151118005
2017_1374_1388,0.497364183180781
2017_1374_1407,0.926722664617433
2017_1374_1411,0.950589344540127
2017_1374_1413,0.955769961577878
2017_1374_1417,0.572360063614083
2017_1374_1423,0.818158955020714
2017_1374_1425,0.789319736809779
2017_1374_1433,0.746117777916339
2017_1374_1435,0.715765917242979
2017_1374_1436,0.75501676236757
2017_1374_1437,0.343494469001316
2017_1374_1438,0.360017658486576
2017_1374_1439,0.745090349234665
2017_1374_1448,0.69628819472459
2017_1374_1452,0.373296777377577
2017_1374_1455,0.420129816267364
2017_1374_1457,0.909721605245154
2017_1374_1458,0.505760487439375
2017_1374_1462,0.705637693920233
2017_1376_1388,0.327291285152152
2017_1376_1407,0.861461784945506
2017_1376_1411,0.904391235619516
2017_1376_1413,0.913977306042444
2017_1376_1417,0.396892068273524
2017_1376_1423,0.688690679770298
2017_1376_1425,0.648148662478743
2017_1376_1433,0.590998462271175
2017_1376_1435,0.553206924598475
2017_1376_1436,0.602437473407475
2017_1376_1437,0.204617848122719
2017_1376_1438,0.216665349777458
2017_1376_1439,0.589688502203276
2017_1376_1448,0.529905737624536
2017_1376_1452,0.226528537198604
2017_1376_1455,0.262665749617895
2017_1376_1457,0.832063377694723
2017_1376_1458,0.334728486970825
2017_1376_1462,0.541000748175895
2017_1388_1407,0.92743542760328
2017_1388_1411,0.951082212359304
2017_1388_1413,0.956213533441994
2017_1388_1417,0.574938708831224
2017_1388_1423,0.81972228425155
2017_1388_1425,0.791067687939104
2017_1388_1433,0.748109778266013
2017_1388_1435,0.717906024498801
2017_1388_1436,0.756961683767391
2017_1388_1437,0.345875968894213
2017_1388_1438,0.362450469910174
2017_1388_1439,0.747087678382726
2017_1388_1448,0.698513184756002
2017_1388_1452,0.375766635075864
2017_1388_1455,0.422700539775835
2017_1388_1457,0.910583780445822
2017_1388_1458,0.508395794345408
2017_1388_1462,0.70782293126178
2017_1407_1411,0.603366725529165
2017_1407_1413,0.630813916788557
2017_1407_1417,0.0957023003857796
2017_1407_1423,0.262410130364714
2017_1407_1425,0.228540074689734
2017_1407_1433,0.188560642693335
2017_1407_1435,0.166055062960229
2017_1407_1436,0.195941981280013
2017_1407_1437,0.0397278951567586
2017_1407_1438,0.0425868092573105
2017_1407_1439,0.187733257507296
2017_1407_1448,0.153459860184104
2017_1407_1452,0.0449805155588787
2017_1407_1455,0.0541849680598396
2017_1407_1457,0.443452325716476
2017_1407_1458,0.074857600743731
2017_1407_1462,0.159344635782948
2017_1411_1413,0.529016619695523
2017_1411_1417,0.0650443741709323
2017_1411_1423,0.189541468603697
2017_1411_1425,0.162998315257214
2017_1411_1433,0.132514921567495
2017_1411_1435,0.115744486134326
2017_1411_1436,0.138075636485772
2017_1411_1437,0.0264761971822631
2017_1411_1438,0.0284097004965249
2017_1411_1439,0.13189348641258
2017_1411_1448,0.106478086941135
2017_1411_1452,0.0300315397091302
2017_1411_1455,0.0362932048680872
2017_1411_1457,0.343739073118624
2017_1411_1458,0.0505042728229968
2017_1411_1462,0.110797037778866
2017_1413_1417,0.0583251643717959
2017_1413_1423,0.172331982086031
2017_1413_1425,0.147759443637221
2017_1413_1433,0.119718341029552
2017_1413_1435,0.104372528990646
2017_1413_1436,0.124819338319182
2017_1413_1437,0.0236404148115262
2017_1413_1438,0.0253722239254748
2017_1413_1439,0.119148673688853
2017_1413_1448,0.0959178015551712
2017_1413_1452,0.0268254487482671
2017_1413_1455,0.0324409919963565
2017_1413_1457,0.318022909237051
2017_1413_1458,0.0452144459432035
2017_1413_1462,0.0998562774640687
2017_1417_1423,0.770729865687192
2017_1417_1425,0.73678852888301
2017_1417_1433,0.687084972812676
2017_1417_1435,0.652958305047606
2017_1417_1436,0.697213440194281
2017_1417_1437,0.281052507984814
2017_1417_1438,0.295925965500697
2017_1417_1439,0.685919210952048
2017_1417_1448,0.631393057523347
2017_1417_1452,0.307978712920135
2017_1417_1455,0.351209440188242
2017_1417_1457,0.882752082667917
2017_1417_1458,0.433289195770636
2017_1417_1462,0.64171232318875
2017_1423_1425,0.454353977415243
2017_1423_1433,0.395103237144217
2017_1423_1435,0.358847768384318
2017_1423_1436,0.406519236216511
2017_1423_1437,0.104173981109217
2017_1423_1438,0.111133861361031
2017_1423_1439,0.393809405404434
2017_1423_1448,0.337548239631545
2017_1423_1452,0.11690996420247
2017_1423_1455,0.138695858050541
2017_1423_1457,0.691324069110894
2017_1423_1458,0.185294425012417
2017_1423_1462,0.347593728907943
2017_1425_1433,0.439592302509397
2017_1425_1435,0.401967276743059
2017_1425_1436,0.451334633447729
2017_1425_1437,0.122540421054724
2017_1425_1438,0.130548546177679
2017_1425_1439,0.43825833658998
2017_1425_1448,0.379623769990884
2017_1425_1452,0.137177985281064
2017_1425_1455,0.162047713010036
2017_1425_1457,0.728971492127347
2017_1425_1458,0.214537718947962
2017_1425_1462,0.390183903322544
2017_1433_1435,0.461462099058645
2017_1433_1436,0.511882052600416
2017_1433_1437,0.151129044315011
2017_1433_1438,0.160663375942786
2017_1433_1439,0.498645831667212
2017_1433_1448,0.438234931418429
2017_1433_1452,0.168525669636561
2017_1433_1455,0.197775886702246
2017_1433_1457,0.774208192890081
2017_1433_1458,0.258271861156245
2017_1433_1462,0.449244814493818
2017_1435_1436,0.55032777131034
2017_1435_1437,0.172028986435447
2017_1435_1438,0.182598216595312
2017_1435_1439,0.537191496230023
2017_1435_1448,0.476549556362149
2017_1435_1452,0.1912892867639
2017_1435_1455,0.223428796667068
2017_1435_1457,0.800062559648198
2017_1435_1458,0.288945276301801
2017_1435_1462,0.487686373706227
2017_1436_1437,0.145131147456406
2017_1436_1438,0.154355893089347
2017_1436_1439,0.486764630910999
2017_1436_1448,0.426568443260493
2017_1436_1452,0.161969085101357
2017_1436_1455,0.190341817266119
2017_1436_1457,0.765790082682404
2017_1436_1458,0.24927041712552
2017_1436_1462,0.437513498277447
2017_1437_1438,0.518110225544496
2017_1437_1439,0.848174740122688
2017_1437_1448,0.814186279276537
2017_1437_1452,0.532369853446782
2017_1437_1455,0.580668829228395
2017_1437_1457,0.950640258079519
2017_1437_1458,0.661682958552285
2017_1437_1462,0.820840256816562
2017_1438_1439,0.838604837027566
2017_1438_1448,0.802971670012689
2017_1438_1452,0.514293143915279
2017_1438_1455,0.562926327697707
2017_1438_1457,0.947126377835828
2017_1438_1458,0.645274251781368
2017_1438_1462,0.809933492378984
2017_1439_1448,0.439568881843822
2017_1439_1452,0.169286044977025
2017_1439_1455,0.198636708471239
2017_1439_1457,0.775153676511187
2017_1439_1458,0.259310880214386
2017_1439_1462,0.450585397553608
2017_1448_1452,0.206232937576865
2017_1448_1455,0.24013766563429
2017_1448_1457,0.814656553878166
2017_1448_1458,0.308606646852821
2017_1448_1462,0.511149695688558
2017_1452_1455,0.54880878119347
2017_1452_1457,0.944188179214922
2017_1452_1458,0.632078109435886
2017_1452_1462,0.800973507534192
2017_1455_1457,0.932922969092104
2017_1455_1458,0.585473368995734
2017_1455_1462,0.767907108882512
2017_1457_1458,0.0921888247134873
2017_1457_1462,0.192173317850773
2017_1458_1462,0.700828792223903
